pickup_datetime,tempm,tempi,dewptm,dewpti,hum,wspdm,wspdi,wgustm,wgusti,wdird,wdire,vism,visi,pressurem,pressurei,windchillm,windchilli,heatindexm,heatindexi,precipm,precipi,conds,icon,fog,rain,snow,hail,thunder,tornado
2018-08-01 00:00:00,3.0,37.4,-6.0,21.2,52.0,,,,,0,North,,,,,,,,,,,Unknown,unknown,0,0,0,0,0,0
2018-08-01 01:00:00,3.0,37.4,-6.0,21.2,52.0,,,,,0,North,,,,,,,,,,,Unknown,unknown,0,0,0,0,0,0
2018-08-01 02:00:00,3.0,37.4,-6.0,21.2,52.0,,,,,0,North,,,,,,,,,,,Unknown,unknown,0,0,0,0,0,0
2018-08-01 03:00:00,2.0,35.6,-7.0,19.4,52.0,,,,,0,North,,,,,,,,,,,Unknown,unknown,0,0,0,0,0,0
2018-08-01 04:00:00,2.0,35.6,-8.0,17.6,48.0,,,,,0,North,,,,,,,,,,,Unknown,unknown,0,0,0,0,0,0
2018-08-01 05:00:00,2.0,35.6,-8.0,17.6,48.0,,,,,0,North,,,,,,,,,,,Unknown,unknown,0,0,0,0,0,0
2018-08-01 06:00:00,2.0,35.6,-6.0,21.2,56.0,,,,,0,North,,,,,,,,,,,Unknown,unknown,0,0,0,0,0,0
2018-08-01 07:00:00,3.0,37.4,-4.0,24.8,60.0,,,,,0,North,,,,,,,,,,,Unknown,unknown,0,0,0,0,0,0
2018-08-01 08:00:00,3.0,37.4,-4.0,24.8,60.0,,,,,0,North,,,,,,,,,,,Unknown,unknown,0,0,0,0,0,0
2018-08-01 09:00:00,4.0,39.2,-1.0,30.2,70.0,,,,,0,North,,,,,,,,,,,Unknown,unknown,0,0,0,0,0,0
2018-08-01 10:00:00,5.0,41.0,-1.0,30.2,65.0,,,,,0,North,,,,,,,,,,,Unknown,unknown,0,0,0,0,0,0
2018-08-01 11:00:00,6.0,42.8,4.0,39.2,87.0,,,,,0,North,,,,,,,,,,,Unknown,unknown,0,0,0,0,0,0
2018-08-01 12:00:00,6.0,42.8,1.0,33.8,70.0,,,,,0,North,,,,,,,,,,,Unknown,unknown,0,0,0,0,0,0
2018-08-01 13:00:00,6.0,42.8,0.0,32.0,66.0,,,,,0,North,,,,,,,,,,,Unknown,unknown,0,0,0,0,0,0
2018-08-01 14:00:00,6.1,43.0,-0.6,30.9,62.0,11.1,6.9,,,0,Variable,16.1,10.0,1021.6,30.17,3.8,38.8,,,,,Overcast,cloudy,0,0,0,0,0,0
2018-08-01 15:00:00,6.1,43.0,0.6,33.1,68.0,9.3,5.8,,,50,NE,16.1,10.0,1021.7,30.17,4.2,39.5,,,,,Overcast,cloudy,0,0,0,0,0,0
2018-08-01 16:00:00,6.7,44.1,0.6,33.1,65.0,9.3,5.8,,,50,NE,16.1,10.0,1021.5,30.17,4.9,40.8,,,,,Overcast,cloudy,0,0,0,0,0,0
2018-08-01 17:00:00,6.7,44.1,0.6,33.1,65.0,9.3,5.8,,,130,SE,16.1,10.0,1021.8,30.18,4.9,40.8,,,,,Overcast,cloudy,0,0,0,0,0,0
2018-08-01 18:00:00,6.7,44.1,-0.6,30.9,60.0,,,,,0,North,16.1,10.0,1022.4,30.19,,,,,,,Overcast,cloudy,0,0,0,0,0,0
2018-08-01 19:00:00,6.7,44.1,-0.6,30.9,60.0,11.1,6.9,,,90,East,16.1,10.0,1023.0,30.21,4.5,40.1,,,,,Overcast,cloudy,0,0,0,0,0,0
2018-08-01 20:00:00,6.7,44.1,-0.6,30.9,60.0,9.3,5.8,,,0,Variable,16.1,10.0,1022.8,30.21,4.9,40.8,,,,,Overcast,cloudy,0,0,0,0,0,0
2018-08-01 21:00:00,5.6,42.1,0.6,33.1,70.0,16.7,10.4,33.3,20.7,60,ENE,16.1,10.0,1022.6,30.2,2.3,36.1,,,,,Overcast,cloudy,0,0,0,0,0,0
2018-08-01 22:00:00,5.6,42.1,0.6,33.1,70.0,14.8,9.2,,,80,East,16.1,10.0,1022.8,30.21,2.5,36.6,,,,,Overcast,cloudy,0,0,0,0,0,0
2018-08-01 23:00:00,5.0,41.0,0.0,32.0,70.0,18.5,11.5,33.3,20.7,80,East,16.1,10.0,1021.8,30.18,1.3,34.3,,,,,Overcast,cloudy,0,0,0,0,0,0
2018-08-02 00:00:00,3.9,39.0,-6.1,21.0,49.0,24.1,15.0,33.3,20.7,50,NE,16.1,10.0,1010.9,29.86,-0.8,30.6,,,,,Clear,clear,0,0,0,0,0,0
2018-08-02 01:00:00,3.3,37.9,-6.7,19.9,48.0,22.2,13.8,,,50,NE,16.1,10.0,1009.7,29.82,-1.3,29.6,,,,,Clear,clear,0,0,0,0,0,0
2018-08-02 02:00:00,3.3,37.9,-4.4,24.1,57.0,20.4,12.7,37.0,23.0,40,NE,16.1,10.0,1008.0,29.77,-1.1,30.0,,,,,Clear,clear,0,0,0,0,0,0
2018-08-02 03:00:00,3.3,37.9,-3.3,26.1,62.0,25.9,16.1,40.7,25.3,60,ENE,16.1,10.0,1007.1,29.74,-1.7,28.9,,,,,Partly Cloudy,partlycloudy,0,0,0,0,0,0
2018-08-02 04:00:00,3.3,37.9,-3.3,26.1,62.0,25.9,16.1,40.7,25.3,60,ENE,16.1,10.0,1007.0,29.74,-1.7,28.9,,,,,Overcast,cloudy,0,0,0,0,0,0
2018-08-02 05:00:00,3.3,37.9,-3.3,26.1,62.0,18.5,11.5,31.5,19.6,60,ENE,16.1,10.0,1007.5,29.75,-0.9,30.5,,,,,Overcast,cloudy,0,0,0,0,0,0
2018-08-02 06:00:00,3.3,37.9,-3.3,26.1,62.0,20.4,12.7,33.3,20.7,40,NE,16.1,10.0,1007.9,29.77,-1.1,30.0,,,,,Overcast,cloudy,0,0,0,0,0,0
2018-08-02 07:00:00,3.3,37.9,-3.9,25.0,60.0,22.2,13.8,,,60,ENE,16.1,10.0,1008.4,29.78,-1.3,29.6,,,,,Overcast,cloudy,0,0,0,0,0,0
2018-08-02 08:00:00,2.8,37.0,-5.0,23.0,57.0,20.4,12.7,40.7,25.3,50,NE,16.1,10.0,1007.9,29.77,-1.7,28.9,,,,,Overcast,cloudy,0,0,0,0,0,0
2018-08-02 09:00:00,1.1,34.0,-2.8,27.0,75.0,14.8,9.2,31.5,19.6,60,ENE,2.0,1.2,1009.4,29.81,-3.0,26.6,,,0.0,0.0,Light Snow,snow,0,0,1,0,0,0
2018-08-02 10:00:00,0.0,32.0,-3.3,26.1,79.0,20.4,12.7,29.6,18.4,30,NNE,1.2,0.8,1009.2,29.81,-5.3,22.5,,,0.3,0.01,Light Snow,snow,0,0,1,0,0,0
2018-08-02 11:00:00,0.0,32.0,-2.8,27.0,82.0,22.2,13.8,31.5,19.6,10,North,0.8,0.5,1008.4,29.78,-5.5,22.1,,,0.8,0.03,Snow,snow,0,0,1,0,0,0
2018-08-02 12:00:00,0.0,32.0,-4.4,24.1,73.0,16.7,10.4,37.0,23.0,50,NE,16.1,10.0,1007.3,29.75,-4.7,23.6,,,0.3,0.01,Overcast,cloudy,0,0,0,0,0,0
2018-08-02 13:00:00,0.6,33.1,-5.0,23.0,66.0,18.5,11.5,27.8,17.3,50,NE,16.1,10.0,1006.7,29.73,-4.2,24.4,,,,,Overcast,cloudy,0,0,0,0,0,0
2018-08-02 14:00:00,0.6,33.1,-5.6,21.9,64.0,20.4,12.7,35.2,21.9,30,NNE,16.1,10.0,1006.5,29.73,-4.5,23.9,,,,,Overcast,cloudy,0,0,0,0,0,0
2018-08-02 15:00:00,0.0,32.0,-5.6,21.9,66.0,14.8,9.2,27.8,17.3,40,NE,16.1,10.0,1006.5,29.73,-4.4,24.2,,,,,Overcast,cloudy,0,0,0,0,0,0
2018-08-02 16:00:00,0.0,32.0,-6.1,21.0,64.0,11.1,6.9,,,0,Variable,16.1,10.0,1007.3,29.75,-3.6,25.6,,,,,Overcast,cloudy,0,0,0,0,0,0
2018-08-02 17:00:00,0.0,32.0,-6.1,21.0,64.0,11.1,6.9,,,0,Variable,14.5,9.0,1007.6,29.76,-3.6,25.6,,,,,Overcast,cloudy,0,0,0,0,0,0
2018-08-02 18:00:00,-0.6,30.9,-5.6,21.9,69.0,14.8,9.2,25.9,16.1,40,NE,12.9,8.0,1008.3,29.78,-5.1,22.8,,,,,Overcast,cloudy,0,0,0,0,0,0
2018-08-02 19:00:00,-1.1,30.0,-5.6,21.9,72.0,9.3,5.8,,,20,NNE,16.1,10.0,1008.6,29.79,-4.4,24.1,,,,,Overcast,cloudy,0,0,0,0,0,0
2018-08-02 20:00:00,-1.7,28.9,-6.1,21.0,72.0,9.3,5.8,,,0,Variable,16.1,10.0,1009.0,29.8,-5.1,22.8,,,,,Overcast,cloudy,0,0,0,0,0,0
2018-08-02 21:00:00,-2.2,28.0,-5.6,21.9,78.0,9.3,5.8,,,60,ENE,14.5,9.0,1009.0,29.8,-5.7,21.7,,,,,Overcast,cloudy,0,0,0,0,0,0
2018-08-02 22:00:00,-1.7,28.9,-5.6,21.9,75.0,13.0,8.1,,,30,NNE,16.1,10.0,1007.9,29.77,-6.1,21.1,,,,,Overcast,cloudy,0,0,0,0,0,0
2018-08-02 23:00:00,-2.2,28.0,-5.6,21.9,78.0,11.1,6.9,,,0,Variable,12.9,8.0,1007.5,29.75,-6.2,20.8,,,0.0,0.0,Overcast,cloudy,0,0,0,0,0,0
2018-08-03 00:00:00,11.7,53.1,1.1,34.0,48.0,7.4,4.6,,,0,Variable,16.1,10.0,1018.0,30.06,,,,,,,Clear,clear,0,0,0,0,0,0
2018-08-03 01:00:00,11.7,53.1,1.1,34.0,48.0,0.0,0.0,,,0,North,16.1,10.0,1018.3,30.07,,,,,,,Clear,clear,0,0,0,0,0,0
2018-08-03 02:00:00,10.6,51.1,1.7,35.1,54.0,0.0,0.0,,,0,North,16.1,10.0,1018.4,30.08,,,,,,,Clear,clear,0,0,0,0,0,0
2018-08-03 03:00:00,11.1,52.0,1.1,34.0,50.0,5.6,3.5,,,270,West,16.1,10.0,1018.6,30.08,,,,,,,Overcast,cloudy,0,0,0,0,0,0
2018-08-03 04:00:00,10.0,50.0,0.0,32.0,50.0,0.0,0.0,,,0,North,16.1,10.0,1019.3,30.1,,,,,,,Partly Cloudy,partlycloudy,0,0,0,0,0,0
2018-08-03 05:00:00,8.9,48.0,0.6,33.1,56.0,0.0,0.0,,,0,North,16.1,10.0,1019.7,30.12,,,,,,,Clear,clear,0,0,0,0,0,0
2018-08-03 06:00:00,9.4,48.9,1.1,34.0,56.0,5.6,3.5,,,300,WNW,16.1,10.0,1020.3,30.13,,,,,,,Mostly Cloudy,mostlycloudy,0,0,0,0,0,0
2018-08-03 07:00:00,10.0,50.0,0.0,32.0,50.0,0.0,0.0,,,0,North,16.1,10.0,1020.7,30.14,,,,,,,Scattered Clouds,partlycloudy,0,0,0,0,0,0
2018-08-03 08:00:00,12.2,54.0,0.6,33.1,45.0,0.0,0.0,,,0,North,16.1,10.0,1021.0,30.15,,,,,,,Clear,clear,0,0,0,0,0,0
2018-08-03 09:00:00,14.4,57.9,0.6,33.1,39.0,7.4,4.6,,,50,NE,16.1,10.0,1021.0,30.15,,,,,,,Mostly Cloudy,mostlycloudy,0,0,0,0,0,0
2018-08-03 10:00:00,16.7,62.1,1.7,35.1,37.0,5.6,3.5,,,40,NE,11.3,7.0,1021.2,30.16,,,,,,,Overcast,cloudy,0,0,0,0,0,0
2018-08-03 11:00:00,18.3,64.9,1.7,35.1,33.0,0.0,0.0,,,0,North,12.9,8.0,1020.8,30.15,,,,,,,Mostly Cloudy,mostlycloudy,0,0,0,0,0,0
2018-08-03 12:00:00,16.7,62.1,0.0,32.0,32.0,13.0,8.1,29.6,18.4,180,South,16.1,10.0,1020.3,30.13,,,,,,,Clear,clear,0,0,0,0,0,0
2018-08-03 13:00:00,16.7,62.1,1.1,34.0,35.0,18.5,11.5,25.9,16.1,160,SSE,14.5,9.0,1019.7,30.12,,,,,,,Clear,clear,0,0,0,0,0,0
2018-08-03 14:00:00,15.6,60.1,1.1,34.0,38.0,14.8,9.2,,,170,South,16.1,10.0,1019.5,30.11,,,,,,,Clear,clear,0,0,0,0,0,0
2018-08-03 15:00:00,13.3,55.9,2.2,36.0,47.0,7.4,4.6,,,0,Variable,11.3,7.0,1019.7,30.12,,,,,,,Clear,clear,0,0,0,0,0,0
2018-08-03 16:00:00,12.8,55.0,2.8,37.0,51.0,5.6,3.5,,,0,Variable,9.7,6.0,1019.7,30.12,,,,,,,Haze,hazy,0,0,0,0,0,0
2018-08-03 17:00:00,11.7,53.1,3.3,37.9,57.0,5.6,3.5,,,0,Variable,9.7,6.0,1019.7,30.12,,,,,,,Haze,hazy,0,0,0,0,0,0
2018-08-03 18:00:00,10.6,51.1,3.3,37.9,61.0,0.0,0.0,,,0,North,11.3,7.0,1020.5,30.14,,,,,,,Clear,clear,0,0,0,0,0,0
2018-08-03 19:00:00,10.6,51.1,3.3,37.9,61.0,5.6,3.5,,,0,Variable,11.3,7.0,1020.7,30.14,,,,,,,Clear,clear,0,0,0,0,0,0
2018-08-03 20:00:00,10.0,50.0,3.9,39.0,66.0,7.4,4.6,,,140,SE,11.3,7.0,1020.7,30.14,,,,,,,Clear,clear,0,0,0,0,0,0
2018-08-03 21:00:00,10.0,50.0,3.9,39.0,66.0,5.6,3.5,,,140,SE,11.3,7.0,1021.1,30.16,,,,,,,Clear,clear,0,0,0,0,0,0
2018-08-03 22:00:00,9.4,48.9,3.9,39.0,69.0,5.6,3.5,,,150,SSE,11.3,7.0,1020.7,30.14,,,,,,,Clear,clear,0,0,0,0,0,0
2018-08-03 23:00:00,8.9,48.0,4.4,39.9,74.0,7.4,4.6,,,140,SE,9.7,6.0,1020.4,30.14,,,,,,,Haze,hazy,0,0,0,0,0,0
2018-08-04 00:00:00,10.0,50.0,2.2,36.0,59.0,7.4,4.6,38.9,24.2,0,Variable,16.1,10.0,998.4,29.49,,,,,,,Clear,clear,0,0,0,0,0,0
2018-08-04 01:00:00,9.4,48.9,1.7,35.1,59.0,16.7,10.4,29.6,18.4,250,WSW,16.1,10.0,998.1,29.48,,,,,,,Clear,clear,0,0,0,0,0,0
2018-08-04 02:00:00,8.9,48.0,2.2,36.0,63.0,14.8,9.2,,,260,West,16.1,10.0,998.4,29.49,,,,,,,Clear,clear,0,0,0,0,0,0
2018-08-04 03:00:00,8.9,48.0,1.7,35.1,61.0,13.0,8.1,27.8,17.3,250,WSW,16.1,10.0,998.6,29.49,,,,,,,Overcast,cloudy,0,0,0,0,0,0
2018-08-04 04:00:00,7.2,45.0,0.0,32.0,60.0,9.3,5.8,29.6,18.4,0,Variable,16.1,10.0,999.0,29.5,5.5,41.8,,,,,Clear,clear,0,0,0,0,0,0
2018-08-04 05:00:00,7.2,45.0,-1.7,28.9,53.0,7.4,4.6,,,0,Variable,16.1,10.0,999.5,29.52,5.9,42.6,,,,,Clear,clear,0,0,0,0,0,0
2018-08-04 06:00:00,8.0,46.4,-7.0,19.4,34.0,13.0,8.1,37.0,23.0,300,WNW,16.1,10.0,1005.3,29.69,5.8,42.4,,,,,Overcast,cloudy,0,0,0,0,0,0
2018-08-04 07:00:00,6.7,44.1,-1.1,30.0,58.0,16.7,10.4,31.5,19.6,250,WSW,16.1,10.0,1000.7,29.55,3.6,38.6,,,,,Clear,clear,0,0,0,0,0,0
2018-08-04 08:00:00,7.2,45.0,-1.1,30.0,56.0,,,,,0,North,16.1,10.0,1001.3,29.57,,,,,,,Mostly Cloudy,mostlycloudy,0,0,0,0,0,0
2018-08-04 09:00:00,8.3,46.9,-1.1,30.0,52.0,13.0,8.1,27.8,17.3,260,West,16.1,10.0,1001.7,29.58,,,,,,,Overcast,cloudy,0,0,0,0,0,0
2018-08-04 10:00:00,7.8,46.0,-2.8,27.0,47.0,20.4,12.7,35.2,21.9,280,West,16.1,10.0,1002.5,29.61,4.6,40.2,,,0.3,0.01,Overcast,cloudy,0,0,0,0,0,0
2018-08-04 11:00:00,7.8,46.0,-3.9,25.0,44.0,11.1,6.9,33.3,20.7,0,Variable,16.1,10.0,1002.5,29.61,5.8,42.5,,,,,Overcast,cloudy,0,0,0,0,0,0
2018-08-04 12:00:00,8.3,46.9,-3.9,25.0,42.0,13.0,8.1,,,260,West,16.1,10.0,1002.5,29.61,,,,,,,Overcast,cloudy,0,0,0,0,0,0
2018-08-04 13:00:00,6.7,44.1,-5.6,21.9,42.0,14.8,9.2,33.3,20.7,270,West,16.1,10.0,1003.3,29.63,3.9,39.0,,,,,Overcast,cloudy,0,0,0,0,0,0
2018-08-04 14:00:00,7.2,45.0,-6.1,21.0,39.0,16.7,10.4,40.7,25.3,280,West,16.1,10.0,1003.6,29.64,4.3,39.7,,,,,Mostly Cloudy,mostlycloudy,0,0,0,0,0,0
2018-08-04 15:00:00,6.7,44.1,-6.7,19.9,38.0,14.8,9.2,46.3,28.8,300,WNW,16.1,10.0,1004.2,29.66,3.9,39.0,,,,,Overcast,cloudy,0,0,0,0,0,0
2018-08-04 16:00:00,7.8,46.0,-6.7,19.9,35.0,9.3,5.8,31.5,19.6,0,Variable,16.1,10.0,1004.4,29.66,6.2,43.1,,,,,Overcast,cloudy,0,0,0,0,0,0
2018-08-04 17:00:00,8.0,46.4,-7.0,19.4,34.0,13.0,8.1,37.0,23.0,300,WNW,16.1,10.0,1005.3,29.69,5.8,42.4,,,,,Overcast,cloudy,0,0,0,0,0,0
2018-08-04 18:00:00,7.8,46.0,-6.7,19.9,35.0,11.1,6.9,,,0,Variable,16.1,10.0,1006.3,29.72,5.8,42.5,,,,,Overcast,cloudy,0,0,0,0,0,0
2018-08-04 19:00:00,7.2,45.0,-6.7,19.9,37.0,18.5,11.5,33.3,20.7,290,WNW,16.1,10.0,1007.5,29.75,4.0,39.3,,,,,Overcast,cloudy,0,0,0,0,0,0
2018-08-04 20:00:00,6.7,44.1,-6.7,19.9,38.0,7.4,4.6,,,300,WNW,16.1,10.0,1008.4,29.78,5.3,41.5,,,,,Clear,clear,0,0,0,0,0,0
2018-08-04 21:00:00,6.1,43.0,-6.7,19.9,40.0,5.6,3.5,,,270,West,16.1,10.0,1008.7,29.79,5.2,41.3,,,,,Clear,clear,0,0,0,0,0,0
2018-08-04 22:00:00,6.1,43.0,-6.7,19.9,40.0,0.0,0.0,,,0,North,16.1,10.0,1008.7,29.79,,,,,,,Clear,clear,0,0,0,0,0,0
2018-08-04 23:00:00,5.0,41.0,-6.1,21.0,45.0,0.0,0.0,,,0,North,16.1,10.0,1008.5,29.78,,,,,,,Clear,clear,0,0,0,0,0,0
2018-08-05 00:00:00,10.6,51.1,7.8,46.0,83.0,,,,,0,North,16.1,10.0,1006.6,29.73,,,,,,,Clear,clear,0,0,0,0,0,0
2018-08-05 01:00:00,11.1,52.0,7.8,46.0,80.0,7.4,4.6,,,0,Variable,16.1,10.0,1006.1,29.71,,,,,,,Clear,clear,0,0,0,0,0,0
2018-08-05 02:00:00,10.0,50.0,7.8,46.0,86.0,0.0,0.0,,,0,North,16.1,10.0,1005.4,29.69,,,,,,,Clear,clear,0,0,0,0,0,0
2018-08-05 03:00:00,10.0,50.0,7.8,46.0,86.0,0.0,0.0,,,0,North,11.3,7.0,1005.1,29.68,,,,,,,Clear,clear,0,0,0,0,0,0
2018-08-05 04:00:00,10.0,50.0,7.8,46.0,86.0,0.0,0.0,,,0,North,8.0,5.0,1004.2,29.66,,,,,,,Overcast,cloudy,0,0,0,0,0,0
2018-08-05 05:00:00,10.6,51.1,8.3,46.9,86.0,0.0,0.0,,,0,North,9.7,6.0,1003.6,29.64,,,,,,,Overcast,cloudy,0,0,0,0,0,0
2018-08-05 06:00:00,11.1,52.0,8.3,46.9,83.0,,,,,0,North,14.5,9.0,1004.0,29.65,,,,,,,Overcast,cloudy,0,0,0,0,0,0
2018-08-05 07:00:00,10.0,50.0,8.3,46.9,89.0,0.0,0.0,,,0,North,1.6,1.0,1004.3,29.66,,,,,2.8,0.11,Rain,rain,0,1,0,0,0,0
2018-08-05 08:00:00,11.1,52.0,9.4,48.9,89.0,5.6,3.5,,,0,Variable,4.0,2.5,1004.2,29.66,,,,,1.3,0.05,Light Rain,rain,0,1,0,0,0,0
2018-08-05 09:00:00,11.7,53.1,10.0,50.0,89.0,0.0,0.0,,,0,North,8.0,5.0,1003.6,29.64,,,,,0.0,0.0,Overcast,cloudy,0,0,0,0,0,0
2018-08-05 10:00:00,12.8,55.0,10.0,50.0,83.0,7.4,4.6,,,0,Variable,11.3,7.0,1004.0,29.65,,,,,,,Overcast,cloudy,0,0,0,0,0,0
2018-08-05 11:00:00,16.1,61.0,11.1,52.0,72.0,7.4,4.6,,,0,Variable,12.9,8.0,1003.7,29.64,,,,,,,Mostly Cloudy,mostlycloudy,0,0,0,0,0,0
2018-08-05 12:00:00,17.2,63.0,5.6,42.1,46.0,14.8,9.2,,,300,WNW,16.1,10.0,1003.8,29.65,,,,,,,Mostly Cloudy,mostlycloudy,0,0,0,0,0,0
2018-08-05 13:00:00,18.3,64.9,1.7,35.1,33.0,24.1,15.0,44.4,27.6,310,NW,16.1,10.0,1005.3,29.69,,,,,,,Clear,clear,0,0,0,0,0,0
2018-08-05 14:00:00,17.8,64.0,-2.2,28.0,26.0,25.9,16.1,50.0,31.1,310,NW,16.1,10.0,1006.2,29.72,,,,,,,Clear,clear,0,0,0,0,0,0
2018-08-05 15:00:00,17.8,64.0,-2.2,28.0,26.0,18.5,11.5,40.7,25.3,310,NW,16.1,10.0,1006.5,29.73,,,,,,,Partly Cloudy,partlycloudy,0,0,0,0,0,0
2018-08-05 16:00:00,17.8,64.0,-3.9,25.0,23.0,,,,,0,North,16.1,10.0,1007.4,29.75,,,,,,,Partly Cloudy,partlycloudy,0,0,0,0,0,0
2018-08-05 17:00:00,17.8,64.0,-3.9,25.0,23.0,16.7,10.4,31.5,19.6,310,NW,16.1,10.0,1008.1,29.77,,,,,,,Mostly Cloudy,mostlycloudy,0,0,0,0,0,0
2018-08-05 18:00:00,17.2,63.0,-3.3,26.1,25.0,11.1,6.9,27.8,17.3,0,Variable,16.1,10.0,1009.1,29.8,,,,,,,Partly Cloudy,partlycloudy,0,0,0,0,0,0
2018-08-05 19:00:00,16.1,61.0,-2.2,28.0,29.0,5.6,3.5,,,0,Variable,16.1,10.0,1010.0,29.83,,,,,,,Clear,clear,0,0,0,0,0,0
2018-08-05 20:00:00,15.0,59.0,-2.2,28.0,31.0,0.0,0.0,,,0,North,16.1,10.0,1011.1,29.86,,,,,,,Scattered Clouds,partlycloudy,0,0,0,0,0,0
2018-08-05 21:00:00,13.9,57.0,-1.1,30.0,36.0,5.6,3.5,,,280,West,16.1,10.0,1011.8,29.88,,,,,,,Clear,clear,0,0,0,0,0,0
2018-08-05 22:00:00,14.4,57.9,-1.7,28.9,33.0,5.6,3.5,,,280,West,16.1,10.0,1012.8,29.91,,,,,,,Clear,clear,0,0,0,0,0,0
2018-08-05 23:00:00,13.9,57.0,-0.6,30.9,37.0,9.3,5.8,,,0,Variable,16.1,10.0,1013.8,29.94,,,,,,,Clear,clear,0,0,0,0,0,0
2018-08-06 00:00:00,17.8,64.0,8.9,48.0,56.0,9.3,5.8,,,0,Variable,16.1,10.0,1001.7,29.58,,,,,,,Clear,clear,0,0,0,0,0,0
2018-08-06 01:00:00,17.8,64.0,8.9,48.0,56.0,11.1,6.9,,,0,Variable,16.1,10.0,1001.7,29.58,,,,,,,Clear,clear,0,0,0,0,0,0
2018-08-06 02:00:00,17.2,63.0,8.3,46.9,56.0,13.0,8.1,27.8,17.3,290,WNW,16.1,10.0,1001.8,29.59,,,,,,,Clear,clear,0,0,0,0,0,0
2018-08-06 03:00:00,16.7,62.1,8.3,46.9,58.0,13.0,8.1,,,290,WNW,16.1,10.0,1002.3,29.6,,,,,,,Clear,clear,0,0,0,0,0,0
2018-08-06 04:00:00,16.1,61.0,8.3,46.9,60.0,,,,,0,North,16.1,10.0,1002.8,29.62,,,,,,,Clear,clear,0,0,0,0,0,0
2018-08-06 05:00:00,15.6,60.1,8.3,46.9,62.0,9.3,5.8,,,0,Variable,16.1,10.0,1003.3,29.63,,,,,,,Clear,clear,0,0,0,0,0,0
2018-08-06 06:00:00,16.1,61.0,8.3,46.9,60.0,,,,,0,North,16.1,10.0,1003.2,29.63,,,,,,,Clear,clear,0,0,0,0,0,0
2018-08-06 07:00:00,16.1,61.0,8.3,46.9,60.0,,,,,0,North,16.1,10.0,1003.1,29.62,,,,,,,Clear,clear,0,0,0,0,0,0
2018-08-06 08:00:00,17.2,63.0,8.9,48.0,58.0,9.3,5.8,,,0,Variable,16.1,10.0,1003.0,29.62,,,,,,,Clear,clear,0,0,0,0,0,0
2018-08-06 09:00:00,17.8,64.0,6.7,44.1,48.0,9.3,5.8,,,0,Variable,16.1,10.0,1003.0,29.62,,,,,,,Clear,clear,0,0,0,0,0,0
2018-08-06 10:00:00,18.9,66.0,7.2,45.0,47.0,9.3,5.8,,,0,Variable,14.5,9.0,1002.3,29.6,,,,,,,Scattered Clouds,partlycloudy,0,0,0,0,0,0
2018-08-06 11:00:00,18.3,64.9,7.2,45.0,48.0,11.1,6.9,,,0,Variable,16.1,10.0,1002.0,29.59,,,,,,,Overcast,cloudy,0,0,0,0,0,0
2018-08-06 12:00:00,14.4,57.9,10.6,51.1,78.0,14.8,9.2,29.6,18.4,310,NW,2.8,1.8,1002.8,29.62,,,,,0.3,0.01,Light Rain,rain,0,1,0,0,0,0
2018-08-06 13:00:00,12.2,54.0,11.1,52.0,93.0,20.4,12.7,42.6,26.5,300,WNW,1.2,0.8,1004.4,29.66,,,,,7.6,0.3,Rain,rain,0,1,0,0,0,0
2018-08-06 14:00:00,11.1,52.0,9.4,48.9,89.0,13.0,8.1,,,290,WNW,4.8,3.0,1004.3,29.66,,,,,2.8,0.11,Light Rain,rain,0,1,0,0,0,0
2018-08-06 15:00:00,12.2,54.0,10.0,50.0,86.0,11.1,6.9,,,300,WNW,12.9,8.0,1004.5,29.67,,,,,0.5,0.02,Overcast,cloudy,0,0,0,0,0,0
2018-08-06 16:00:00,12.8,55.0,10.6,51.1,86.0,14.8,9.2,27.8,17.3,290,WNW,14.5,9.0,1004.5,29.67,,,,,0.3,0.01,Scattered Clouds,partlycloudy,0,0,0,0,0,0
2018-08-06 17:00:00,15.0,59.0,8.3,46.9,64.0,18.5,11.5,33.3,20.7,280,West,16.1,10.0,1004.9,29.68,,,,,,,Partly Cloudy,partlycloudy,0,0,0,0,0,0
2018-08-06 18:00:00,16.1,61.0,7.8,46.0,58.0,9.3,5.8,,,0,Variable,14.5,9.0,1005.6,29.7,,,,,,,Clear,clear,0,0,0,0,0,0
2018-08-06 19:00:00,16.7,62.1,4.4,39.9,44.0,11.1,6.9,38.9,24.2,0,Variable,14.5,9.0,1006.4,29.72,,,,,,,Clear,clear,0,0,0,0,0,0
2018-08-06 20:00:00,16.1,61.0,5.0,41.0,48.0,14.8,9.2,,,290,WNW,16.1,10.0,1007.1,29.74,,,,,,,Overcast,cloudy,0,0,0,0,0,0
2018-08-06 21:00:00,15.6,60.1,5.6,42.1,51.0,13.0,8.1,37.0,23.0,290,WNW,16.1,10.0,1007.9,29.77,,,,,,,Mostly Cloudy,mostlycloudy,0,0,0,0,0,0
2018-08-06 22:00:00,15.6,60.1,5.6,42.1,51.0,9.3,5.8,,,290,WNW,16.1,10.0,1008.5,29.78,,,,,,,Overcast,cloudy,0,0,0,0,0,0
2018-08-06 23:00:00,15.0,59.0,5.0,41.0,51.0,16.7,10.4,35.2,21.9,290,WNW,16.1,10.0,1009.1,29.8,,,,,,,Overcast,cloudy,0,0,0,0,0,0
2018-08-07 00:00:00,25.6,78.1,21.7,71.1,79.0,0.0,0.0,,,0,North,12.9,8.0,1007.2,29.75,,,,,,,Clear,clear,0,0,0,0,0,0
2018-08-07 01:00:00,25.6,78.1,21.7,71.1,79.0,5.6,3.5,,,0,Variable,12.9,8.0,1007.5,29.75,,,,,,,Clear,clear,0,0,0,0,0,0
2018-08-07 02:00:00,25.0,77.0,21.7,71.1,82.0,5.6,3.5,,,290,WNW,12.9,8.0,1007.2,29.75,,,,,,,Clear,clear,0,0,0,0,0,0
2018-08-07 03:00:00,25.6,78.1,21.1,70.0,76.0,0.0,0.0,,,0,North,12.9,8.0,1007.2,29.75,,,,,,,Clear,clear,0,0,0,0,0,0
2018-08-07 04:00:00,25.0,77.0,21.1,70.0,79.0,9.3,5.8,,,320,NW,12.9,8.0,1007.4,29.75,,,,,,,Clear,clear,0,0,0,0,0,0
2018-08-07 05:00:00,24.4,75.9,20.6,69.1,79.0,0.0,0.0,,,0,North,11.3,7.0,1007.8,29.76,,,,,,,Clear,clear,0,0,0,0,0,0
2018-08-07 06:00:00,25.6,78.1,21.1,70.0,76.0,11.1,6.9,,,0,Variable,11.3,7.0,1008.4,29.78,,,,,,,Scattered Clouds,partlycloudy,0,0,0,0,0,0
2018-08-07 07:00:00,26.1,79.0,20.6,69.1,72.0,13.0,8.1,,,30,NNE,11.3,7.0,1008.5,29.78,,,,,,,Clear,clear,0,0,0,0,0,0
2018-08-07 08:00:00,27.2,81.0,21.1,70.0,69.0,9.3,5.8,,,20,NNE,12.9,8.0,1008.4,29.78,,,29.1,84.4,,,Partly Cloudy,partlycloudy,0,0,0,0,0,0
2018-08-07 09:00:00,28.3,82.9,21.1,70.0,65.0,0.0,0.0,,,0,North,11.3,7.0,1008.6,29.79,,,30.5,87.0,,,Clear,clear,0,0,0,0,0,0
2018-08-07 10:00:00,28.3,82.9,21.1,70.0,65.0,13.0,8.1,,,60,ENE,12.9,8.0,1008.9,29.8,,,30.5,87.0,,,Clear,clear,0,0,0,0,0,0
2018-08-07 11:00:00,28.9,84.0,21.7,71.1,65.0,9.3,5.8,,,0,Variable,11.3,7.0,1009.3,29.81,,,31.6,89.0,,,Partly Cloudy,partlycloudy,0,0,0,0,0,0
2018-08-07 12:00:00,28.9,84.0,21.7,71.1,65.0,16.7,10.4,27.8,17.3,60,ENE,11.3,7.0,1009.0,29.8,,,31.6,89.0,,,Clear,clear,0,0,0,0,0,0
2018-08-07 13:00:00,29.4,84.9,21.1,70.0,61.0,13.0,8.1,,,70,ENE,11.3,7.0,1009.0,29.8,,,31.9,89.4,,,Clear,clear,0,0,0,0,0,0
2018-08-07 14:00:00,28.3,82.9,21.7,71.1,67.0,7.4,4.6,,,0,Variable,9.7,6.0,1008.8,29.79,,,30.8,87.5,,,Haze,hazy,0,0,0,0,0,0
2018-08-07 15:00:00,28.3,82.9,21.1,70.0,65.0,11.1,6.9,,,0,Variable,9.7,6.0,1008.5,29.78,,,30.5,87.0,,,Haze,hazy,0,0,0,0,0,0
2018-08-07 16:00:00,26.7,80.1,21.1,70.0,71.0,9.3,5.8,,,80,East,9.7,6.0,1008.9,29.8,,,28.4,83.2,,,Haze,hazy,0,0,0,0,0,0
2018-08-07 17:00:00,25.0,77.0,20.0,68.0,74.0,9.3,5.8,,,170,South,11.3,7.0,1009.2,29.81,,,,,,,Overcast,cloudy,0,0,0,0,0,0
2018-08-07 18:00:00,22.2,72.0,20.6,69.1,91.0,5.6,3.5,,,0,Variable,8.0,5.0,1009.7,29.82,,,,,0.5,0.02,Overcast,cloudy,0,0,0,0,0,0
2018-08-07 19:00:00,22.2,72.0,19.4,66.9,84.0,13.0,8.1,,,140,SE,9.7,6.0,1009.9,29.83,,,,,0.0,0.0,Haze,hazy,0,0,0,0,0,0
2018-08-07 20:00:00,22.2,72.0,17.8,64.0,76.0,13.0,8.1,25.9,16.1,150,SSE,14.5,9.0,1010.4,29.84,,,,,,,Overcast,cloudy,0,0,0,0,0,0
2018-08-07 21:00:00,21.7,71.1,17.8,64.0,78.0,5.6,3.5,,,0,Variable,14.5,9.0,1010.9,29.86,,,,,,,Overcast,cloudy,0,0,0,0,0,0
2018-08-07 22:00:00,20.0,68.0,18.3,64.9,90.0,9.3,5.8,,,0,Variable,12.9,8.0,1011.1,29.86,,,,,1.5,0.06,Overcast,cloudy,0,0,0,0,0,0
2018-08-07 23:00:00,20.0,68.0,17.2,63.0,84.0,7.4,4.6,25.9,16.1,0,Variable,14.5,9.0,1011.2,29.86,,,,,,,Overcast,cloudy,0,0,0,0,0,0
2018-08-08 00:00:00,26.1,79.0,12.8,55.0,44.0,11.1,6.9,,,360,North,16.1,10.0,1014.3,29.96,,,,,,,Clear,clear,0,0,0,0,0,0
2018-08-08 01:00:00,24.4,75.9,13.3,55.9,50.0,0.0,0.0,,,0,North,16.1,10.0,1014.5,29.96,,,,,,,Clear,clear,0,0,0,0,0,0
2018-08-08 02:00:00,23.9,75.0,13.3,55.9,51.0,5.6,3.5,,,0,Variable,16.1,10.0,1014.7,29.97,,,,,,,Clear,clear,0,0,0,0,0,0
2018-08-08 03:00:00,23.3,73.9,13.3,55.9,53.0,0.0,0.0,,,0,North,16.1,10.0,1015.2,29.98,,,,,,,Clear,clear,0,0,0,0,0,0
2018-08-08 04:00:00,22.8,73.0,13.9,57.0,57.0,0.0,0.0,,,0,North,16.1,10.0,1015.8,30.0,,,,,,,Clear,clear,0,0,0,0,0,0
2018-08-08 05:00:00,21.7,71.1,14.4,57.9,63.0,5.6,3.5,,,50,NE,16.1,10.0,1016.4,30.02,,,,,,,Clear,clear,0,0,0,0,0,0
2018-08-08 06:00:00,22.2,72.0,14.4,57.9,61.0,0.0,0.0,,,0,North,16.1,10.0,1016.8,30.03,,,,,,,Clear,clear,0,0,0,0,0,0
2018-08-08 07:00:00,23.3,73.9,15.6,60.1,62.0,5.6,3.5,,,50,NE,14.5,9.0,1017.3,30.04,,,,,,,Clear,clear,0,0,0,0,0,0
2018-08-08 08:00:00,25.0,77.0,15.6,60.1,56.0,9.3,5.8,,,30,NNE,16.1,10.0,1017.6,30.05,,,,,,,Partly Cloudy,partlycloudy,0,0,0,0,0,0
2018-08-08 09:00:00,25.6,78.1,16.1,61.0,56.0,5.6,3.5,,,30,NNE,14.5,9.0,1017.7,30.06,,,,,,,Scattered Clouds,partlycloudy,0,0,0,0,0,0
2018-08-08 10:00:00,26.7,80.1,15.0,59.0,48.0,5.6,3.5,,,0,Variable,14.5,9.0,1018.1,30.07,,,27.0,80.7,,,Scattered Clouds,partlycloudy,0,0,0,0,0,0
2018-08-08 11:00:00,28.3,82.9,14.4,57.9,42.0,0.0,0.0,,,0,North,14.5,9.0,1017.9,30.06,,,28.1,82.6,,,Clear,clear,0,0,0,0,0,0
2018-08-08 12:00:00,27.2,81.0,15.6,60.1,49.0,0.0,0.0,,,0,North,14.5,9.0,1017.7,30.06,,,27.5,81.6,,,Clear,clear,0,0,0,0,0,0
2018-08-08 13:00:00,30.0,86.0,15.6,60.1,41.0,5.6,3.5,,,0,Variable,14.5,9.0,1017.4,30.05,,,29.8,85.7,,,Partly Cloudy,partlycloudy,0,0,0,0,0,0
2018-08-08 14:00:00,27.8,82.0,16.7,62.1,51.0,0.0,0.0,,,0,North,14.5,9.0,1017.2,30.04,,,28.3,83.0,,,Clear,clear,0,0,0,0,0,0
2018-08-08 15:00:00,27.8,82.0,15.6,60.1,47.0,0.0,0.0,,,0,North,14.5,9.0,1017.1,30.04,,,28.0,82.4,,,Scattered Clouds,partlycloudy,0,0,0,0,0,0
2018-08-08 16:00:00,28.3,82.9,16.1,61.0,47.0,5.6,3.5,,,0,Variable,14.5,9.0,1017.0,30.04,,,28.5,83.3,,,Mostly Cloudy,mostlycloudy,0,0,0,0,0,0
2018-08-08 17:00:00,27.8,82.0,16.1,61.0,49.0,0.0,0.0,,,0,North,14.5,9.0,1017.1,30.04,,,28.1,82.7,,,Clear,clear,0,0,0,0,0,0
2018-08-08 18:00:00,28.3,82.9,12.2,54.0,37.0,0.0,0.0,,,0,North,14.5,9.0,1016.9,30.03,,,27.7,81.9,,,Clear,clear,0,0,0,0,0,0
2018-08-08 19:00:00,25.6,78.1,17.2,63.0,60.0,0.0,0.0,,,0,North,14.5,9.0,1017.4,30.05,,,,,,,Partly Cloudy,partlycloudy,0,0,0,0,0,0
2018-08-08 20:00:00,24.4,75.9,17.8,64.0,67.0,7.4,4.6,,,170,South,16.1,10.0,1017.9,30.06,,,,,,,Clear,clear,0,0,0,0,0,0
2018-08-08 21:00:00,23.9,75.0,17.8,64.0,69.0,0.0,0.0,,,0,North,16.1,10.0,1018.8,30.09,,,,,,,Clear,clear,0,0,0,0,0,0
2018-08-08 22:00:00,23.9,75.0,19.4,66.9,76.0,0.0,0.0,,,0,North,16.1,10.0,1019.5,30.11,,,,,,,Clear,clear,0,0,0,0,0,0
2018-08-08 23:00:00,24.4,75.9,17.2,63.0,64.0,0.0,0.0,,,0,North,16.1,10.0,1019.9,30.12,,,,,,,Clear,clear,0,0,0,0,0,0
2018-08-09 00:00:00,22.8,73.0,20.0,68.0,84.0,0.0,0.0,,,0,North,12.9,8.0,1014.1,29.95,,,,,,,Mostly Cloudy,mostlycloudy,0,0,0,0,0,0
2018-08-09 01:00:00,22.8,73.0,20.0,68.0,84.0,0.0,0.0,,,0,North,12.9,8.0,1014.0,29.95,,,,,,,Partly Cloudy,partlycloudy,0,0,0,0,0,0
2018-08-09 02:00:00,22.2,72.0,19.4,66.9,84.0,0.0,0.0,,,0,North,12.9,8.0,1013.8,29.94,,,,,,,Clear,clear,0,0,0,0,0,0
2018-08-09 03:00:00,22.2,72.0,19.4,66.9,84.0,0.0,0.0,,,0,North,12.9,8.0,1013.5,29.93,,,,,,,Clear,clear,0,0,0,0,0,0
2018-08-09 04:00:00,22.2,72.0,19.4,66.9,84.0,5.6,3.5,,,20,NNE,14.5,9.0,1013.4,29.93,,,,,,,Clear,clear,0,0,0,0,0,0
2018-08-09 05:00:00,22.2,72.0,19.4,66.9,84.0,5.6,3.5,,,10,North,12.9,8.0,1013.4,29.93,,,,,,,Clear,clear,0,0,0,0,0,0
2018-08-09 06:00:00,21.7,71.1,19.4,66.9,87.0,0.0,0.0,,,0,North,11.3,7.0,1013.2,29.92,,,,,,,Clear,clear,0,0,0,0,0,0
2018-08-09 07:00:00,23.3,73.9,19.4,66.9,79.0,0.0,0.0,,,0,North,12.9,8.0,1013.4,29.93,,,,,,,Clear,clear,0,0,0,0,0,0
2018-08-09 08:00:00,24.4,75.9,19.4,66.9,74.0,0.0,0.0,,,0,North,12.9,8.0,1013.7,29.94,,,,,,,Scattered Clouds,partlycloudy,0,0,0,0,0,0
2018-08-09 09:00:00,25.0,77.0,20.0,68.0,74.0,0.0,0.0,,,0,North,11.3,7.0,1013.6,29.94,,,,,,,Mostly Cloudy,mostlycloudy,0,0,0,0,0,0
2018-08-09 10:00:00,27.2,81.0,19.4,66.9,62.0,7.4,4.6,,,0,Variable,12.9,8.0,1013.3,29.93,,,28.5,83.3,,,Partly Cloudy,partlycloudy,0,0,0,0,0,0
2018-08-09 11:00:00,28.3,82.9,20.0,68.0,60.0,9.3,5.8,,,0,Variable,12.9,8.0,1012.7,29.91,,,29.9,85.8,,,Clear,clear,0,0,0,0,0,0
2018-08-09 12:00:00,30.0,86.0,20.0,68.0,55.0,9.3,5.8,,,0,Variable,12.9,8.0,1012.2,29.89,,,31.9,89.4,,,Partly Cloudy,partlycloudy,0,0,0,0,0,0
2018-08-09 13:00:00,31.1,88.0,20.0,68.0,51.0,5.6,3.5,,,0,Variable,12.9,8.0,1011.4,29.87,,,33.0,91.4,,,Clear,clear,0,0,0,0,0,0
2018-08-09 14:00:00,31.1,88.0,20.6,69.1,53.0,,,,,0,North,12.9,8.0,1010.6,29.85,,,33.4,92.1,,,Clear,clear,0,0,0,0,0,0
2018-08-09 15:00:00,30.6,87.1,21.1,70.0,57.0,11.1,6.9,,,170,South,12.9,8.0,1009.9,29.83,,,33.3,92.0,,,Clear,clear,0,0,0,0,0,0
2018-08-09 16:00:00,29.4,84.9,21.1,70.0,61.0,7.4,4.6,,,180,South,12.9,8.0,1009.5,29.81,,,31.9,89.4,,,Clear,clear,0,0,0,0,0,0
2018-08-09 17:00:00,29.4,84.9,21.7,71.1,63.0,5.6,3.5,,,0,Variable,12.9,8.0,1009.3,29.81,,,32.3,90.1,,,Clear,clear,0,0,0,0,0,0
2018-08-09 18:00:00,28.3,82.9,21.7,71.1,67.0,7.4,4.6,,,160,SSE,12.9,8.0,1009.4,29.81,,,30.8,87.5,,,Clear,clear,0,0,0,0,0,0
2018-08-09 19:00:00,27.2,81.0,21.7,71.1,72.0,0.0,0.0,,,0,North,12.9,8.0,1009.8,29.82,,,29.4,84.9,,,Clear,clear,0,0,0,0,0,0
2018-08-09 20:00:00,27.2,81.0,22.2,72.0,74.0,0.0,0.0,,,0,North,12.9,8.0,1010.0,29.83,,,29.6,85.2,,,Clear,clear,0,0,0,0,0,0
2018-08-09 21:00:00,27.2,81.0,22.8,73.0,77.0,0.0,0.0,,,0,North,12.9,8.0,1010.0,29.83,,,29.9,85.8,,,Clear,clear,0,0,0,0,0,0
2018-08-09 22:00:00,29.4,84.9,21.1,70.0,61.0,5.6,3.5,,,0,Variable,14.5,9.0,1009.9,29.83,,,31.9,89.4,,,Clear,clear,0,0,0,0,0,0
2018-08-09 23:00:00,29.4,84.9,21.1,70.0,61.0,9.3,5.8,,,260,West,14.5,9.0,1010.0,29.83,,,31.9,89.4,,,Clear,clear,0,0,0,0,0,0
2018-08-10 00:00:00,15.6,60.1,13.3,55.9,86.0,0.0,0.0,,,0,North,16.1,10.0,1021.4,30.17,,,,,,,Clear,clear,0,0,0,0,0,0
2018-08-10 01:00:00,15.6,60.1,13.3,55.9,86.0,0.0,0.0,,,0,North,14.5,9.0,1021.4,30.17,,,,,,,Clear,clear,0,0,0,0,0,0
2018-08-10 02:00:00,15.0,59.0,13.3,55.9,90.0,5.6,3.5,,,30,NNE,14.5,9.0,1020.9,30.15,,,,,,,Clear,clear,0,0,0,0,0,0
2018-08-10 03:00:00,14.4,57.9,12.8,55.0,90.0,5.6,3.5,,,40,NE,14.5,9.0,1020.8,30.15,,,,,,,Clear,clear,0,0,0,0,0,0
2018-08-10 04:00:00,15.0,59.0,12.8,55.0,87.0,0.0,0.0,,,0,North,14.5,9.0,1020.7,30.14,,,,,,,Clear,clear,0,0,0,0,0,0
2018-08-10 05:00:00,14.4,57.9,13.3,55.9,93.0,7.4,4.6,,,40,NE,12.9,8.0,1020.5,30.14,,,,,,,Clear,clear,0,0,0,0,0,0
2018-08-10 06:00:00,15.0,59.0,13.3,55.9,90.0,5.6,3.5,,,60,ENE,14.5,9.0,1020.2,30.13,,,,,,,Partly Cloudy,partlycloudy,0,0,0,0,0,0
2018-08-10 07:00:00,15.6,60.1,13.9,57.0,90.0,0.0,0.0,,,0,North,11.3,7.0,1020.1,30.13,,,,,,,Clear,clear,0,0,0,0,0,0
2018-08-10 08:00:00,16.7,62.1,13.9,57.0,84.0,9.3,5.8,,,60,ENE,12.9,8.0,1020.2,30.13,,,,,,,Mostly Cloudy,mostlycloudy,0,0,0,0,0,0
2018-08-10 09:00:00,17.8,64.0,14.4,57.9,80.0,7.4,4.6,,,0,Variable,14.5,9.0,1019.8,30.12,,,,,,,Scattered Clouds,partlycloudy,0,0,0,0,0,0
2018-08-10 10:00:00,18.9,66.0,15.0,59.0,78.0,7.4,4.6,,,50,NE,14.5,9.0,1019.3,30.1,,,,,,,Partly Cloudy,partlycloudy,0,0,0,0,0,0
2018-08-10 11:00:00,19.4,66.9,15.6,60.1,79.0,5.6,3.5,,,60,ENE,14.5,9.0,1019.1,30.1,,,,,,,Overcast,cloudy,0,0,0,0,0,0
2018-08-10 12:00:00,20.0,68.0,15.6,60.1,76.0,0.0,0.0,,,0,North,14.5,9.0,1018.8,30.09,,,,,,,Scattered Clouds,partlycloudy,0,0,0,0,0,0
2018-08-10 13:00:00,20.0,68.0,16.1,61.0,78.0,5.6,3.5,,,110,ESE,11.3,7.0,1018.0,30.06,,,,,0.0,0.0,Light Rain,rain,0,1,0,0,0,0
2018-08-10 14:00:00,19.4,66.9,17.2,63.0,87.0,0.0,0.0,,,0,North,8.0,5.0,1017.5,30.05,,,,,0.5,0.02,Light Rain,rain,0,1,0,0,0,0
2018-08-10 15:00:00,19.4,66.9,17.8,64.0,90.0,0.0,0.0,,,0,North,8.0,5.0,1016.3,30.01,,,,,0.0,0.0,Overcast,cloudy,0,0,0,0,0,0
2018-08-10 16:00:00,19.4,66.9,17.8,64.0,90.0,7.4,4.6,,,30,NNE,8.0,5.0,1015.7,30.0,,,,,,,Mostly Cloudy,mostlycloudy,0,0,0,0,0,0
2018-08-10 17:00:00,19.4,66.9,17.8,64.0,90.0,0.0,0.0,,,0,North,6.4,4.0,1016.5,30.02,,,,,,,Overcast,cloudy,0,0,0,0,0,0
2018-08-10 18:00:00,18.3,64.9,17.8,64.0,97.0,0.0,0.0,,,0,North,2.4,1.5,1016.7,30.03,,,,,3.8,0.15,Light Rain,rain,0,1,0,0,0,0
2018-08-10 19:00:00,18.3,64.9,17.8,64.0,97.0,5.6,3.5,,,0,Variable,1.2,0.8,1017.8,30.06,,,,,0.3,0.01,Heavy Rain,rain,0,1,0,0,0,0
2018-08-10 20:00:00,18.3,64.9,17.2,63.0,93.0,0.0,0.0,,,0,North,3.2,2.0,1016.2,30.01,,,,,0.0,0.0,Overcast,cloudy,0,0,0,0,0,0
2018-08-10 21:00:00,18.3,64.9,17.2,63.0,93.0,9.3,5.8,,,130,SE,4.8,3.0,1016.0,30.01,,,,,,,Overcast,cloudy,0,0,0,0,0,0
2018-08-10 22:00:00,18.3,64.9,17.2,63.0,93.0,0.0,0.0,,,0,North,4.8,3.0,1016.0,30.01,,,,,,,Overcast,cloudy,0,0,0,0,0,0
2018-08-10 23:00:00,18.3,64.9,17.2,63.0,93.0,0.0,0.0,,,0,North,6.4,4.0,1015.4,29.99,,,,,,,Overcast,cloudy,0,0,0,0,0,0
2018-08-11 00:00:00,8.3,46.9,-2.2,28.0,48.0,5.6,3.5,,,0,Variable,16.1,10.0,1025.6,30.29,,,,,,,Clear,clear,0,0,0,0,0,0
2018-08-11 01:00:00,6.7,44.1,-1.7,28.9,55.0,5.6,3.5,,,300,WNW,16.1,10.0,1025.1,30.27,5.8,42.5,,,,,Clear,clear,0,0,0,0,0,0
2018-08-11 02:00:00,6.7,44.1,-1.7,28.9,55.0,5.6,3.5,,,290,WNW,16.1,10.0,1024.5,30.26,5.8,42.5,,,,,Clear,clear,0,0,0,0,0,0
2018-08-11 03:00:00,6.1,43.0,-1.1,30.0,60.0,0.0,0.0,,,0,North,16.1,10.0,1024.1,30.25,,,,,,,Clear,clear,0,0,0,0,0,0
2018-08-11 04:00:00,6.1,43.0,-1.1,30.0,60.0,7.4,4.6,,,290,WNW,16.1,10.0,1023.8,30.24,4.6,40.3,,,,,Clear,clear,0,0,0,0,0,0
2018-08-11 05:00:00,5.6,42.1,-0.6,30.9,65.0,0.0,0.0,,,0,North,16.1,10.0,1023.7,30.23,,,,,,,Clear,clear,0,0,0,0,0,0
2018-08-11 06:00:00,5.6,42.1,-0.6,30.9,65.0,5.6,3.5,,,290,WNW,16.1,10.0,1023.1,30.22,4.6,40.2,,,,,Clear,clear,0,0,0,0,0,0
2018-08-11 07:00:00,6.7,44.1,0.6,33.1,65.0,7.4,4.6,,,310,NW,16.1,10.0,1023.0,30.21,5.3,41.5,,,,,Clear,clear,0,0,0,0,0,0
2018-08-11 08:00:00,8.9,48.0,-0.6,30.9,52.0,0.0,0.0,,,0,North,16.1,10.0,1022.4,30.19,,,,,,,Clear,clear,0,0,0,0,0,0
2018-08-11 09:00:00,10.6,51.1,-0.6,30.9,46.0,7.4,4.6,,,290,WNW,16.1,10.0,1022.0,30.18,,,,,,,Clear,clear,0,0,0,0,0,0
2018-08-11 10:00:00,13.3,55.9,-0.6,30.9,39.0,0.0,0.0,,,0,North,16.1,10.0,1021.4,30.17,,,,,,,Clear,clear,0,0,0,0,0,0
2018-08-11 11:00:00,15.6,60.1,0.0,32.0,35.0,5.6,3.5,,,320,NW,16.1,10.0,1020.1,30.13,,,,,,,Clear,clear,0,0,0,0,0,0
2018-08-11 12:00:00,17.2,63.0,0.0,32.0,31.0,0.0,0.0,,,0,North,16.1,10.0,1018.7,30.09,,,,,,,Clear,clear,0,0,0,0,0,0
2018-08-11 13:00:00,18.3,64.9,0.6,33.1,31.0,5.6,3.5,,,280,West,16.1,10.0,1017.9,30.06,,,,,,,Clear,clear,0,0,0,0,0,0
2018-08-11 14:00:00,18.9,66.0,0.6,33.1,29.0,0.0,0.0,,,0,North,16.1,10.0,1017.0,30.04,,,,,,,Clear,clear,0,0,0,0,0,0
2018-08-11 15:00:00,18.3,64.9,0.6,33.1,31.0,7.4,4.6,,,0,Variable,16.1,10.0,1016.5,30.02,,,,,,,Clear,clear,0,0,0,0,0,0
2018-08-11 16:00:00,16.7,62.1,0.6,33.1,34.0,0.0,0.0,,,0,North,16.1,10.0,1016.2,30.01,,,,,,,Clear,clear,0,0,0,0,0,0
2018-08-11 17:00:00,16.1,61.0,1.1,34.0,36.0,0.0,0.0,,,0,North,16.1,10.0,1015.7,30.0,,,,,,,Clear,clear,0,0,0,0,0,0
2018-08-11 18:00:00,16.1,61.0,-0.6,30.9,32.0,11.1,6.9,,,250,WSW,16.1,10.0,1015.4,29.99,,,,,,,Clear,clear,0,0,0,0,0,0
2018-08-11 19:00:00,16.1,61.0,0.0,32.0,34.0,5.6,3.5,,,0,Variable,16.1,10.0,1015.0,29.98,,,,,,,Clear,clear,0,0,0,0,0,0
2018-08-11 20:00:00,15.6,60.1,0.0,32.0,35.0,5.6,3.5,,,260,West,16.1,10.0,1014.3,29.96,,,,,,,Clear,clear,0,0,0,0,0,0
2018-08-11 21:00:00,15.6,60.1,0.0,32.0,35.0,5.6,3.5,,,0,Variable,16.1,10.0,1013.7,29.94,,,,,,,Clear,clear,0,0,0,0,0,0
2018-08-11 22:00:00,14.4,57.9,0.0,32.0,37.0,0.0,0.0,,,0,North,16.1,10.0,1013.1,29.92,,,,,,,Clear,clear,0,0,0,0,0,0
2018-08-11 23:00:00,14.4,57.9,1.1,34.0,41.0,7.4,4.6,,,260,West,16.1,10.0,1012.5,29.9,,,,,,,Clear,clear,0,0,0,0,0,0
2018-08-12 00:00:00,5.6,42.1,-0.6,30.9,65.0,5.6,3.5,,,0,Variable,16.1,10.0,1015.7,30.0,4.6,40.2,,,,,Clear,clear,0,0,0,0,0,0
2018-08-12 01:00:00,5.6,42.1,-1.1,30.0,62.0,9.3,5.8,,,260,West,16.1,10.0,1015.5,29.99,3.6,38.4,,,,,Clear,clear,0,0,0,0,0,0
2018-08-12 02:00:00,5.0,41.0,-0.6,30.9,67.0,7.4,4.6,,,0,Variable,16.1,10.0,1015.7,30.0,3.3,38.0,,,,,Clear,clear,0,0,0,0,0,0
2018-08-12 03:00:00,5.0,41.0,-1.7,28.9,62.0,0.0,0.0,,,0,North,16.1,10.0,1015.4,29.99,,,,,,,Clear,clear,0,0,0,0,0,0
2018-08-12 04:00:00,5.0,41.0,-1.7,28.9,62.0,7.4,4.6,,,0,Variable,16.1,10.0,1014.9,29.97,3.3,38.0,,,,,Partly Cloudy,partlycloudy,0,0,0,0,0,0
2018-08-12 05:00:00,5.0,41.0,-2.2,28.0,60.0,5.6,3.5,,,0,Variable,16.1,10.0,1015.0,29.98,3.9,39.0,,,,,Scattered Clouds,partlycloudy,0,0,0,0,0,0
2018-08-12 06:00:00,4.4,39.9,-2.2,28.0,63.0,7.4,4.6,,,300,WNW,16.1,10.0,1015.1,29.98,2.6,36.7,,,,,Partly Cloudy,partlycloudy,0,0,0,0,0,0
2018-08-12 07:00:00,4.4,39.9,-2.2,28.0,63.0,5.6,3.5,,,270,West,14.5,9.0,1015.0,29.98,3.2,37.8,,,,,Overcast,cloudy,0,0,0,0,0,0
2018-08-12 08:00:00,4.4,39.9,-2.2,28.0,63.0,5.6,3.5,,,270,West,14.5,9.0,1015.0,29.98,3.2,37.8,,,,,Overcast,cloudy,0,0,0,0,0,0
2018-08-12 09:00:00,7.0,44.6,-3.0,26.6,49.0,,,,,0,North,,,,,,,,,,,Unknown,unknown,0,0,0,0,0,0
2018-08-12 10:00:00,7.0,44.6,-5.0,23.0,43.0,,,,,0,North,,,,,,,,,,,Unknown,unknown,0,0,0,0,0,0
2018-08-12 11:00:00,7.0,44.6,-6.0,21.2,39.0,,,,,0,North,,,,,,,,,,,Unknown,unknown,0,0,0,0,0,0
2018-08-12 12:00:00,7.0,44.6,-6.0,21.2,39.0,,,,,0,North,,,,,,,,,,,Unknown,unknown,0,0,0,0,0,0
2018-08-12 13:00:00,7.0,44.6,-6.0,21.2,39.0,,,,,0,North,,,,,,,,,,,Unknown,unknown,0,0,0,0,0,0
2018-08-12 14:00:00,7.0,44.6,-6.0,21.2,39.0,,,,,0,North,,,,,,,,,,,Unknown,unknown,0,0,0,0,0,0
2018-08-12 15:00:00,7.0,44.6,-8.0,17.6,34.0,,,,,0,North,,,,,,,,,,,Unknown,unknown,0,0,0,0,0,0
2018-08-12 16:00:00,6.0,42.8,-8.0,17.6,36.0,,,,,0,North,,,,,,,,,,,Unknown,unknown,0,0,0,0,0,0
2018-08-12 17:00:00,6.0,42.8,-7.0,19.4,39.0,,,,,0,North,,,,,,,,,,,Unknown,unknown,0,0,0,0,0,0
2018-08-12 18:00:00,5.0,41.0,-7.0,19.4,42.0,,,,,0,North,,,,,,,,,,,Unknown,unknown,0,0,0,0,0,0
2018-08-12 19:00:00,4.0,39.2,-8.0,17.6,42.0,,,,,0,North,,,,,,,,,,,Unknown,unknown,0,0,0,0,0,0
2018-08-12 20:00:00,3.0,37.4,-8.0,17.6,45.0,,,,,0,North,,,,,,,,,,,Unknown,unknown,0,0,0,0,0,0
2018-08-12 21:00:00,3.0,37.4,-9.0,15.8,41.0,,,,,0,North,,,,,,,,,,,Unknown,unknown,0,0,0,0,0,0
2018-08-12 22:00:00,2.0,35.6,-9.0,15.8,44.0,,,,,0,North,,,,,,,,,,,Unknown,unknown,0,0,0,0,0,0
2018-08-12 23:00:00,2.0,35.6,-9.0,15.8,44.0,,,,,0,North,,,,,,,,,,,Unknown,unknown,0,0,0,0,0,0
2018-08-13 00:00:00,28.3,82.9,22.8,73.0,72.0,7.4,4.6,,,0,Variable,16.1,10.0,1012.3,29.9,,,31.6,88.8,,,Clear,clear,0,0,0,0,0,0
2018-08-13 01:00:00,27.8,82.0,22.8,73.0,74.0,13.0,8.1,,,250,WSW,16.1,10.0,1012.0,29.89,,,30.8,87.4,,,Clear,clear,0,0,0,0,0,0
2018-08-13 02:00:00,27.8,82.0,23.3,73.9,76.0,7.4,4.6,,,0,Variable,14.5,9.0,1011.9,29.88,,,31.1,87.9,,,Clear,clear,0,0,0,0,0,0
2018-08-13 03:00:00,27.8,82.0,23.9,75.0,79.0,13.0,8.1,,,250,WSW,12.9,8.0,1012.0,29.89,,,31.5,88.6,,,Clear,clear,0,0,0,0,0,0
2018-08-13 04:00:00,27.8,82.0,23.9,75.0,79.0,7.4,4.6,,,260,West,14.5,9.0,1011.9,29.88,,,31.5,88.6,,,Clear,clear,0,0,0,0,0,0
2018-08-13 05:00:00,27.2,81.0,24.4,75.9,85.0,13.0,8.1,,,250,WSW,12.9,8.0,1012.3,29.9,,,30.7,87.3,,,Clear,clear,0,0,0,0,0,0
2018-08-13 06:00:00,27.8,82.0,24.4,75.9,82.0,14.8,9.2,27.8,17.3,260,West,11.3,7.0,1012.8,29.91,,,31.9,89.4,,,Scattered Clouds,partlycloudy,0,0,0,0,0,0
2018-08-13 07:00:00,27.8,82.0,24.4,75.9,82.0,,,,,0,North,11.3,7.0,1013.2,29.92,,,31.9,89.4,,,Clear,clear,0,0,0,0,0,0
2018-08-13 08:00:00,28.9,84.0,24.4,75.9,76.0,9.3,5.8,,,0,Variable,11.3,7.0,1013.2,29.92,,,33.6,92.6,,,Clear,clear,0,0,0,0,0,0
2018-08-13 09:00:00,30.6,87.1,24.4,75.9,69.0,0.0,0.0,,,0,North,11.3,7.0,1013.0,29.92,,,36.3,97.3,,,Clear,clear,0,0,0,0,0,0
2018-08-13 10:00:00,31.7,89.1,25.0,77.0,67.0,0.0,0.0,,,0,North,11.3,7.0,1012.9,29.91,,,38.5,101.4,,,Scattered Clouds,partlycloudy,0,0,0,0,0,0
2018-08-13 11:00:00,33.3,91.9,24.4,75.9,59.0,7.4,4.6,,,240,WSW,11.3,7.0,1012.7,29.91,,,39.9,103.9,,,Clear,clear,0,0,0,0,0,0
2018-08-13 12:00:00,34.4,93.9,23.9,75.0,54.0,7.4,4.6,,,0,Variable,12.9,8.0,1012.2,29.89,,,40.8,105.4,,,Partly Cloudy,partlycloudy,0,0,0,0,0,0
2018-08-13 13:00:00,35.6,96.1,24.4,75.9,52.0,9.3,5.8,,,0,Variable,11.3,7.0,1011.6,29.88,,,43.0,109.4,,,Partly Cloudy,partlycloudy,0,0,0,0,0,0
2018-08-13 14:00:00,34.4,93.9,25.6,78.1,60.0,0.0,0.0,,,0,North,11.3,7.0,1011.2,29.86,,,43.3,109.9,,,Partly Cloudy,partlycloudy,0,0,0,0,0,0
2018-08-13 15:00:00,33.3,91.9,25.0,77.0,62.0,9.3,5.8,25.9,16.1,180,South,12.9,8.0,1010.7,29.85,,,41.1,105.9,,,Clear,clear,0,0,0,0,0,0
2018-08-13 16:00:00,33.3,91.9,25.0,77.0,62.0,11.1,6.9,,,0,Variable,12.9,8.0,1010.4,29.84,,,41.1,105.9,,,Clear,clear,0,0,0,0,0,0
2018-08-13 17:00:00,33.3,91.9,24.4,75.9,59.0,7.4,4.6,,,0,Variable,12.9,8.0,1010.1,29.83,,,39.9,103.9,,,Clear,clear,0,0,0,0,0,0
2018-08-13 18:00:00,33.3,91.9,23.9,75.0,58.0,0.0,0.0,,,0,North,12.9,8.0,1009.7,29.82,,,39.6,103.2,,,Partly Cloudy,partlycloudy,0,0,0,0,0,0
2018-08-13 19:00:00,32.8,91.0,23.3,73.9,57.0,0.0,0.0,,,0,North,14.5,9.0,1010.6,29.85,,,38.0,100.4,,,Partly Cloudy,partlycloudy,0,0,0,0,0,0
2018-08-13 20:00:00,32.2,90.0,23.3,73.9,59.0,11.1,6.9,,,0,Variable,16.1,10.0,1011.4,29.87,,,37.2,99.0,,,Clear,clear,0,0,0,0,0,0
2018-08-13 21:00:00,32.2,90.0,23.3,73.9,59.0,5.6,3.5,,,0,Variable,16.1,10.0,1012.1,29.89,,,37.2,99.0,,,Clear,clear,0,0,0,0,0,0
2018-08-13 22:00:00,31.1,88.0,21.1,70.0,55.0,0.0,0.0,,,0,North,16.1,10.0,1012.5,29.9,,,33.9,92.9,,,Clear,clear,0,0,0,0,0,0
2018-08-13 23:00:00,30.0,86.0,20.6,69.1,57.0,0.0,0.0,,,0,North,16.1,10.0,1012.5,29.9,,,32.3,90.1,,,Clear,clear,0,0,0,0,0,0
2018-08-14 00:00:00,30.0,86.0,19.4,66.9,53.0,0.0,0.0,,,0,North,16.1,10.0,1013.1,29.92,,,31.5,88.8,,,Overcast,cloudy,0,0,0,0,0,0
2018-08-14 01:00:00,28.9,84.0,21.1,70.0,63.0,0.0,0.0,,,0,North,16.1,10.0,1012.9,29.91,,,31.3,88.4,,,Mostly Cloudy,mostlycloudy,0,0,0,0,0,0
2018-08-14 02:00:00,28.3,82.9,20.6,69.1,63.0,0.0,0.0,,,0,North,16.1,10.0,1012.5,29.9,,,30.3,86.5,,,Scattered Clouds,partlycloudy,0,0,0,0,0,0
2018-08-14 03:00:00,28.3,82.9,20.6,69.1,63.0,0.0,0.0,,,0,North,16.1,10.0,1011.8,29.88,,,30.3,86.5,,,Clear,clear,0,0,0,0,0,0
2018-08-14 04:00:00,28.3,82.9,21.1,70.0,65.0,0.0,0.0,,,0,North,16.1,10.0,1011.9,29.88,,,30.5,87.0,,,Clear,clear,0,0,0,0,0,0
2018-08-14 05:00:00,28.3,82.9,22.2,72.0,69.0,5.6,3.5,,,0,Variable,16.1,10.0,1012.4,29.9,,,31.1,88.0,,,Clear,clear,0,0,0,0,0,0
2018-08-14 06:00:00,28.3,82.9,22.8,73.0,72.0,7.4,4.6,,,270,West,12.9,8.0,1013.1,29.92,,,31.6,88.8,,,Clear,clear,0,0,0,0,0,0
2018-08-14 07:00:00,28.3,82.9,22.8,73.0,72.0,5.6,3.5,,,0,Variable,12.9,8.0,1013.5,29.93,,,31.6,88.8,,,Clear,clear,0,0,0,0,0,0
2018-08-14 08:00:00,29.4,84.9,22.2,72.0,65.0,13.0,8.1,,,290,WNW,14.5,9.0,1014.0,29.95,,,32.6,90.7,,,Clear,clear,0,0,0,0,0,0
2018-08-14 09:00:00,30.0,86.0,22.2,72.0,63.0,7.4,4.6,,,0,Variable,14.5,9.0,1014.1,29.95,,,33.4,92.2,,,Mostly Cloudy,mostlycloudy,0,0,0,0,0,0
2018-08-14 10:00:00,31.7,89.1,22.2,72.0,57.0,14.8,9.2,,,300,WNW,14.5,9.0,1014.3,29.96,,,35.6,96.0,,,Clear,clear,0,0,0,0,0,0
2018-08-14 11:00:00,33.3,91.9,22.2,72.0,52.0,5.6,3.5,,,0,Variable,14.5,9.0,1014.3,29.96,,,37.5,99.5,,,Clear,clear,0,0,0,0,0,0
2018-08-14 12:00:00,33.9,93.0,22.2,72.0,50.0,13.0,8.1,,,280,West,14.5,9.0,1014.1,29.95,,,38.2,100.7,,,Scattered Clouds,partlycloudy,0,0,0,0,0,0
2018-08-14 13:00:00,33.3,91.9,22.8,73.0,54.0,,,,,0,North,14.5,9.0,1014.0,29.95,,,38.2,100.7,,,Scattered Clouds,partlycloudy,0,0,0,0,0,0
2018-08-14 14:00:00,34.4,93.9,22.2,72.0,49.0,11.1,6.9,,,0,Variable,12.9,8.0,1013.7,29.94,,,38.9,102.1,,,Partly Cloudy,partlycloudy,0,0,0,0,0,0
2018-08-14 15:00:00,33.9,93.0,22.8,73.0,52.0,,,,,0,North,12.9,8.0,1013.2,29.92,,,38.9,101.9,,,Partly Cloudy,partlycloudy,0,0,0,0,0,0
2018-08-14 16:00:00,32.8,91.0,23.3,73.9,57.0,9.3,5.8,,,0,Variable,12.9,8.0,1013.6,29.94,,,38.0,100.4,,,Scattered Clouds,partlycloudy,0,0,0,0,0,0
2018-08-14 17:00:00,33.9,93.0,21.7,71.1,49.0,14.8,9.2,,,280,West,12.9,8.0,1013.9,29.94,,,37.8,100.1,,,Partly Cloudy,partlycloudy,0,0,0,0,0,0
2018-08-14 18:00:00,32.8,91.0,21.7,71.1,52.0,11.1,6.9,,,280,West,12.9,8.0,1014.3,29.96,,,36.5,97.6,,,Clear,clear,0,0,0,0,0,0
2018-08-14 19:00:00,26.1,79.0,23.9,75.0,88.0,0.0,0.0,,,0,North,14.5,9.0,1016.0,30.01,,,,,1.5,0.06,Mostly Cloudy,mostlycloudy,0,0,0,0,0,0
2018-08-14 20:00:00,25.6,78.1,23.9,75.0,90.0,0.0,0.0,,,0,North,14.5,9.0,1016.1,30.01,,,,,,,Clear,clear,0,0,0,0,0,0
2018-08-14 21:00:00,25.6,78.1,23.3,73.9,87.0,0.0,0.0,,,0,North,16.1,10.0,1016.6,30.02,,,,,,,Clear,clear,0,0,0,0,0,0
2018-08-14 22:00:00,26.1,79.0,22.2,72.0,79.0,7.4,4.6,,,270,West,16.1,10.0,1016.5,30.02,,,,,,,Clear,clear,0,0,0,0,0,0
2018-08-14 23:00:00,26.7,80.1,21.7,71.1,74.0,0.0,0.0,,,0,North,16.1,10.0,1017.4,30.05,,,28.6,83.6,,,Clear,clear,0,0,0,0,0,0
2018-08-15 00:00:00,26.7,80.1,22.2,72.0,76.0,7.4,4.6,,,0,Variable,16.1,10.0,1017.1,30.04,,,28.8,83.8,,,Partly Cloudy,partlycloudy,0,0,0,0,0,0
2018-08-15 01:00:00,26.7,80.1,21.7,71.1,74.0,0.0,0.0,,,0,North,16.1,10.0,1017.5,30.05,,,28.6,83.6,,,Clear,clear,0,0,0,0,0,0
2018-08-15 02:00:00,25.6,78.1,21.7,71.1,79.0,5.6,3.5,,,300,WNW,16.1,10.0,1017.5,30.05,,,,,,,Clear,clear,0,0,0,0,0,0
2018-08-15 03:00:00,25.6,78.1,21.7,71.1,79.0,0.0,0.0,,,0,North,16.1,10.0,1018.0,30.06,,,,,,,Clear,clear,0,0,0,0,0,0
2018-08-15 04:00:00,25.6,78.1,21.1,70.0,76.0,0.0,0.0,,,0,North,16.1,10.0,1018.4,30.08,,,,,,,Clear,clear,0,0,0,0,0,0
2018-08-15 05:00:00,25.0,77.0,21.1,70.0,79.0,7.4,4.6,,,0,Variable,16.1,10.0,1019.3,30.1,,,,,,,Clear,clear,0,0,0,0,0,0
2018-08-15 06:00:00,25.0,77.0,21.1,70.0,79.0,0.0,0.0,,,0,North,14.5,9.0,1020.0,30.12,,,,,,,Clear,clear,0,0,0,0,0,0
2018-08-15 07:00:00,25.6,78.1,21.1,70.0,76.0,7.4,4.6,,,330,NNW,14.5,9.0,1020.5,30.14,,,,,,,Clear,clear,0,0,0,0,0,0
2018-08-15 08:00:00,26.1,79.0,21.1,70.0,74.0,0.0,0.0,,,0,North,14.5,9.0,1021.0,30.15,,,,,,,Clear,clear,0,0,0,0,0,0
2018-08-15 09:00:00,27.2,81.0,21.1,70.0,69.0,7.4,4.6,,,70,ENE,14.5,9.0,1020.8,30.15,,,29.1,84.4,,,Clear,clear,0,0,0,0,0,0
2018-08-15 10:00:00,28.9,84.0,20.0,68.0,58.0,7.4,4.6,,,0,Variable,14.5,9.0,1021.2,30.16,,,30.6,87.0,,,Clear,clear,0,0,0,0,0,0
2018-08-15 11:00:00,30.6,87.1,20.6,69.1,55.0,5.6,3.5,,,0,Variable,14.5,9.0,1021.0,30.15,,,32.9,91.3,,,Clear,clear,0,0,0,0,0,0
2018-08-15 12:00:00,32.2,90.0,19.4,66.9,46.0,9.3,5.8,,,290,WNW,14.5,9.0,1021.0,30.15,,,33.8,92.8,,,Clear,clear,0,0,0,0,0,0
2018-08-15 13:00:00,32.8,91.0,18.3,64.9,42.0,11.1,6.9,,,360,North,14.5,9.0,1020.8,30.15,,,33.9,93.0,,,Partly Cloudy,partlycloudy,0,0,0,0,0,0
2018-08-15 14:00:00,30.6,87.1,18.9,66.0,49.0,13.0,8.1,,,300,WNW,14.5,9.0,1020.8,30.15,,,31.8,89.2,,,Partly Cloudy,partlycloudy,0,0,0,0,0,0
2018-08-15 15:00:00,32.8,91.0,18.3,64.9,42.0,5.6,3.5,,,0,Variable,14.5,9.0,1020.4,30.14,,,33.9,93.0,,,Scattered Clouds,partlycloudy,0,0,0,0,0,0
2018-08-15 16:00:00,31.7,89.1,18.9,66.0,46.0,7.4,4.6,,,0,Variable,14.5,9.0,1020.1,30.13,,,33.0,91.3,,,Clear,clear,0,0,0,0,0,0
2018-08-15 17:00:00,31.7,89.1,17.8,64.0,43.0,7.4,4.6,,,0,Variable,14.5,9.0,1020.5,30.14,,,32.4,90.3,,,Clear,clear,0,0,0,0,0,0
2018-08-15 18:00:00,31.1,88.0,18.3,64.9,46.0,0.0,0.0,,,0,North,14.5,9.0,1020.5,30.14,,,32.0,89.6,,,Mostly Cloudy,mostlycloudy,0,0,0,0,0,0
2018-08-15 19:00:00,29.4,84.9,19.4,66.9,55.0,11.1,6.9,,,40,NE,14.5,9.0,1020.9,30.15,,,30.9,87.6,,,Clear,clear,0,0,0,0,0,0
2018-08-15 20:00:00,28.3,82.9,21.7,71.1,67.0,7.4,4.6,,,150,SSE,14.5,9.0,1021.4,30.17,,,30.8,87.5,,,Clear,clear,0,0,0,0,0,0
2018-08-15 21:00:00,27.2,81.0,22.2,72.0,74.0,0.0,0.0,,,0,North,14.5,9.0,1022.1,30.19,,,29.6,85.2,,,Clear,clear,0,0,0,0,0,0
2018-08-15 22:00:00,27.2,81.0,22.2,72.0,74.0,0.0,0.0,,,0,North,14.5,9.0,1022.4,30.19,,,29.6,85.2,,,Clear,clear,0,0,0,0,0,0
2018-08-15 23:00:00,27.2,81.0,21.7,71.1,72.0,0.0,0.0,,,0,North,14.5,9.0,1022.1,30.19,,,29.4,84.9,,,Clear,clear,0,0,0,0,0,0
2018-08-16 00:00:00,27.2,81.0,21.7,71.1,72.0,0.0,0.0,,,0,North,14.5,9.0,1021.9,30.18,,,29.4,84.9,,,Clear,clear,0,0,0,0,0,0
2018-08-16 01:00:00,27.2,81.0,21.7,71.1,72.0,5.6,3.5,,,260,West,14.5,9.0,1021.8,30.18,,,29.4,84.9,,,Mostly Cloudy,mostlycloudy,0,0,0,0,0,0
2018-08-16 02:00:00,27.2,81.0,21.7,71.1,72.0,5.6,3.5,,,240,WSW,14.5,9.0,1021.9,30.18,,,29.4,84.9,,,Partly Cloudy,partlycloudy,0,0,0,0,0,0
2018-08-16 03:00:00,26.7,80.1,21.1,70.0,71.0,5.6,3.5,,,260,West,14.5,9.0,1021.7,30.17,,,28.4,83.2,,,Partly Cloudy,partlycloudy,0,0,0,0,0,0
2018-08-16 04:00:00,26.7,80.1,21.7,71.1,74.0,7.4,4.6,,,260,West,14.5,9.0,1021.7,30.17,,,28.6,83.6,,,Scattered Clouds,partlycloudy,0,0,0,0,0,0
2018-08-16 05:00:00,26.1,79.0,22.2,72.0,79.0,0.0,0.0,,,0,North,12.9,8.0,1021.6,30.17,,,,,,,Clear,clear,0,0,0,0,0,0
2018-08-16 06:00:00,25.6,78.1,22.8,73.0,84.0,0.0,0.0,,,0,North,11.3,7.0,1021.6,30.17,,,,,,,Clear,clear,0,0,0,0,0,0
2018-08-16 07:00:00,26.7,80.1,22.2,72.0,76.0,9.3,5.8,,,120,ESE,11.3,7.0,1021.8,30.18,,,28.8,83.8,,,Partly Cloudy,partlycloudy,0,0,0,0,0,0
2018-08-16 08:00:00,27.2,81.0,22.2,72.0,74.0,5.6,3.5,,,60,ENE,11.3,7.0,1022.1,30.19,,,29.6,85.2,,,Partly Cloudy,partlycloudy,0,0,0,0,0,0
2018-08-16 09:00:00,28.3,82.9,22.2,72.0,69.0,0.0,0.0,,,0,North,12.9,8.0,1022.0,30.18,,,31.1,88.0,,,Scattered Clouds,partlycloudy,0,0,0,0,0,0
2018-08-16 10:00:00,28.9,84.0,21.7,71.1,65.0,9.3,5.8,,,230,SW,12.9,8.0,1021.7,30.17,,,31.6,89.0,,,Mostly Cloudy,mostlycloudy,0,0,0,0,0,0
2018-08-16 11:00:00,30.0,86.0,21.7,71.1,61.0,0.0,0.0,,,0,North,12.9,8.0,1021.0,30.15,,,33.0,91.5,,,Mostly Cloudy,mostlycloudy,0,0,0,0,0,0
2018-08-16 12:00:00,30.6,87.1,21.7,71.1,59.0,5.6,3.5,,,0,Variable,14.5,9.0,1020.5,30.14,,,33.8,92.8,,,Overcast,cloudy,0,0,0,0,0,0
2018-08-16 13:00:00,29.4,84.9,22.2,72.0,65.0,7.4,4.6,,,0,Variable,14.5,9.0,1020.1,30.13,,,32.6,90.7,,,Overcast,cloudy,0,0,0,0,0,0
2018-08-16 14:00:00,30.6,87.1,22.2,72.0,61.0,5.6,3.5,,,0,Variable,12.9,8.0,1019.2,30.1,,,34.2,93.6,,,Mostly Cloudy,mostlycloudy,0,0,0,0,0,0
2018-08-16 15:00:00,30.6,87.1,23.3,73.9,65.0,,,,,0,North,12.9,8.0,1018.2,30.07,,,35.2,95.4,,,Scattered Clouds,partlycloudy,0,0,0,0,0,0
2018-08-16 16:00:00,27.2,81.0,24.4,75.9,85.0,9.3,5.8,,,170,South,8.0,5.0,1017.9,30.06,,,30.7,87.3,0.5,0.02,Light Rain,rain,0,1,0,0,0,0
2018-08-16 17:00:00,28.9,84.0,24.4,75.9,76.0,9.3,5.8,,,0,Variable,12.9,8.0,1017.1,30.04,,,33.6,92.6,0.0,0.0,Clear,clear,0,0,0,0,0,0
2018-08-16 18:00:00,28.9,84.0,24.4,75.9,76.0,9.3,5.8,,,0,Variable,12.9,8.0,1016.2,30.01,,,33.6,92.6,,,Clear,clear,0,0,0,0,0,0
2018-08-16 19:00:00,28.9,84.0,25.0,77.0,79.0,7.4,4.6,,,0,Variable,14.5,9.0,1015.8,30.0,,,34.3,93.7,,,Partly Cloudy,partlycloudy,0,0,0,0,0,0
2018-08-16 20:00:00,27.2,81.0,25.6,78.1,91.0,0.0,0.0,,,0,North,9.7,6.0,1016.2,30.01,,,31.4,88.6,2.3,0.09,Mostly Cloudy,mostlycloudy,0,0,0,0,0,0
2018-08-16 21:00:00,27.2,81.0,25.6,78.1,91.0,7.4,4.6,,,0,Variable,11.3,7.0,1015.8,30.0,,,31.4,88.6,,,Clear,clear,0,0,0,0,0,0
2018-08-16 22:00:00,27.8,82.0,25.0,77.0,85.0,13.0,8.1,27.8,17.3,210,SSW,12.9,8.0,1015.8,30.0,,,32.3,90.2,,,Clear,clear,0,0,0,0,0,0
2018-08-16 23:00:00,28.3,82.9,24.4,75.9,79.0,11.1,6.9,27.8,17.3,0,Variable,14.5,9.0,1015.5,29.99,,,32.7,90.8,,,Clear,clear,0,0,0,0,0,0
2018-08-17 00:00:00,28.3,82.9,23.9,75.0,77.0,13.0,8.1,33.3,20.7,240,WSW,14.5,9.0,1015.1,29.98,,,32.4,90.2,,,Clear,clear,0,0,0,0,0,0
2018-08-17 01:00:00,25.0,77.0,22.2,72.0,84.0,5.6,3.5,,,0,Variable,16.1,10.0,1015.2,29.98,,,,,0.3,0.01,Mostly Cloudy,mostlycloudy,0,0,0,0,0,0
2018-08-17 02:00:00,25.6,78.1,21.7,71.1,79.0,11.1,6.9,25.9,16.1,240,WSW,16.1,10.0,1014.8,29.97,,,,,,,Clear,clear,0,0,0,0,0,0
2018-08-17 03:00:00,26.1,79.0,21.7,71.1,77.0,,,,,0,North,16.1,10.0,1014.4,29.96,,,,,,,Clear,clear,0,0,0,0,0,0
2018-08-17 04:00:00,25.0,77.0,21.7,71.1,82.0,9.3,5.8,27.8,17.3,0,Variable,16.1,10.0,1014.7,29.97,,,,,,,Clear,clear,0,0,0,0,0,0
2018-08-17 05:00:00,25.0,77.0,21.1,70.0,79.0,5.6,3.5,27.8,17.3,0,Variable,16.1,10.0,1014.8,29.97,,,,,,,Clear,clear,0,0,0,0,0,0
2018-08-17 06:00:00,25.0,77.0,21.1,70.0,79.0,13.0,8.1,,,250,WSW,14.5,9.0,1015.2,29.98,,,,,,,Clear,clear,0,0,0,0,0,0
2018-08-17 07:00:00,25.0,77.0,21.7,71.1,82.0,9.3,5.8,,,0,Variable,14.5,9.0,1015.5,29.99,,,,,,,Partly Cloudy,partlycloudy,0,0,0,0,0,0
2018-08-17 08:00:00,25.6,78.1,20.0,68.0,71.0,0.0,0.0,,,0,North,14.5,9.0,1015.9,30.0,,,,,,,Mostly Cloudy,mostlycloudy,0,0,0,0,0,0
2018-08-17 09:00:00,26.1,79.0,17.8,64.0,60.0,13.0,8.1,,,280,West,16.1,10.0,1016.4,30.02,,,,,,,Clear,clear,0,0,0,0,0,0
2018-08-17 10:00:00,26.7,80.1,16.7,62.1,54.0,7.4,4.6,,,0,Variable,16.1,10.0,1016.9,30.03,,,27.4,81.2,,,Scattered Clouds,partlycloudy,0,0,0,0,0,0
2018-08-17 11:00:00,27.8,82.0,16.7,62.1,51.0,11.1,6.9,25.9,16.1,0,Variable,14.5,9.0,1016.8,30.03,,,28.3,83.0,,,Clear,clear,0,0,0,0,0,0
2018-08-17 12:00:00,27.8,82.0,16.1,61.0,49.0,18.5,11.5,37.0,23.0,290,WNW,14.5,9.0,1016.6,30.02,,,28.1,82.7,,,Clear,clear,0,0,0,0,0,0
2018-08-17 13:00:00,29.4,84.9,16.7,62.1,46.0,11.1,6.9,,,300,WNW,16.1,10.0,1016.6,30.02,,,29.7,85.4,,,Clear,clear,0,0,0,0,0,0
2018-08-17 14:00:00,29.4,84.9,17.2,63.0,48.0,11.1,6.9,,,0,Variable,16.1,10.0,1016.1,30.01,,,29.9,85.9,,,Clear,clear,0,0,0,0,0,0
2018-08-17 15:00:00,29.4,84.9,16.7,62.1,46.0,16.7,10.4,25.9,16.1,360,North,14.5,9.0,1015.7,30.0,,,29.7,85.4,,,Clear,clear,0,0,0,0,0,0
2018-08-17 16:00:00,27.8,82.0,17.8,64.0,54.0,7.4,4.6,,,0,Variable,14.5,9.0,1015.7,30.0,,,28.6,83.4,,,Clear,clear,0,0,0,0,0,0
2018-08-17 17:00:00,27.8,82.0,17.2,63.0,52.0,9.3,5.8,,,0,Variable,14.5,9.0,1015.8,30.0,,,28.4,83.1,,,Clear,clear,0,0,0,0,0,0
2018-08-17 18:00:00,28.3,82.9,16.1,61.0,47.0,5.6,3.5,,,0,Variable,14.5,9.0,1015.9,30.0,,,28.5,83.3,,,Clear,clear,0,0,0,0,0,0
2018-08-17 19:00:00,27.2,81.0,17.2,63.0,54.0,11.1,6.9,,,280,West,16.1,10.0,1016.1,30.01,,,27.9,82.2,,,Partly Cloudy,partlycloudy,0,0,0,0,0,0
2018-08-17 20:00:00,27.2,81.0,17.2,63.0,54.0,0.0,0.0,,,0,North,16.1,10.0,1016.6,30.02,,,27.9,82.2,,,Mostly Cloudy,mostlycloudy,0,0,0,0,0,0
2018-08-17 21:00:00,27.2,81.0,17.2,63.0,54.0,0.0,0.0,,,0,North,16.1,10.0,1017.1,30.04,,,27.9,82.2,,,Overcast,cloudy,0,0,0,0,0,0
2018-08-17 22:00:00,26.7,80.1,17.2,63.0,56.0,7.4,4.6,,,0,Variable,16.1,10.0,1017.0,30.04,,,27.5,81.5,,,Mostly Cloudy,mostlycloudy,0,0,0,0,0,0
2018-08-17 23:00:00,26.7,80.1,17.2,63.0,56.0,5.6,3.5,,,0,Variable,16.1,10.0,1016.5,30.02,,,27.5,81.5,,,Scattered Clouds,partlycloudy,0,0,0,0,0,0
2018-08-18 00:00:00,26.1,79.0,17.2,63.0,58.0,5.6,3.5,,,0,Variable,16.1,10.0,1016.5,30.02,,,,,,,Overcast,cloudy,0,0,0,0,0,0
2018-08-18 01:00:00,25.6,78.1,16.7,62.1,58.0,0.0,0.0,,,0,North,16.1,10.0,1016.5,30.02,,,,,,,Overcast,cloudy,0,0,0,0,0,0
2018-08-18 02:00:00,25.6,78.1,17.8,64.0,62.0,0.0,0.0,,,0,North,16.1,10.0,1016.3,30.01,,,,,,,Overcast,cloudy,0,0,0,0,0,0
2018-08-18 03:00:00,25.6,78.1,17.8,64.0,62.0,0.0,0.0,,,0,North,16.1,10.0,1016.2,30.01,,,,,,,Overcast,cloudy,0,0,0,0,0,0
2018-08-18 04:00:00,22.8,73.0,19.4,66.9,81.0,5.6,3.5,,,240,WSW,6.4,4.0,1016.0,30.01,,,,,0.3,0.01,Light Rain,rain,0,1,0,0,0,0
2018-08-18 05:00:00,22.8,73.0,21.1,70.0,90.0,0.0,0.0,,,0,North,16.1,10.0,1015.9,30.0,,,,,0.5,0.02,Overcast,cloudy,0,0,0,0,0,0
2018-08-18 06:00:00,22.2,72.0,20.0,68.0,87.0,9.3,5.8,,,40,NE,14.5,9.0,1016.1,30.01,,,,,,,Overcast,cloudy,0,0,0,0,0,0
2018-08-18 07:00:00,22.8,73.0,19.4,66.9,81.0,5.6,3.5,,,360,North,16.1,10.0,1016.4,30.02,,,,,,,Overcast,cloudy,0,0,0,0,0,0
2018-08-18 08:00:00,24.4,75.9,17.8,64.0,67.0,7.4,4.6,,,30,NNE,14.5,9.0,1016.3,30.01,,,,,,,Mostly Cloudy,mostlycloudy,0,0,0,0,0,0
2018-08-18 09:00:00,24.4,75.9,19.4,66.9,74.0,7.4,4.6,,,0,Variable,14.5,9.0,1016.0,30.01,,,,,,,Overcast,cloudy,0,0,0,0,0,0
2018-08-18 10:00:00,25.6,78.1,18.3,64.9,64.0,9.3,5.8,,,60,ENE,14.5,9.0,1016.2,30.01,,,,,,,Overcast,cloudy,0,0,0,0,0,0
2018-08-18 11:00:00,26.1,79.0,18.3,64.9,62.0,0.0,0.0,,,0,North,14.5,9.0,1015.9,30.0,,,,,,,Overcast,cloudy,0,0,0,0,0,0
2018-08-18 12:00:00,27.2,81.0,18.9,66.0,60.0,0.0,0.0,,,0,North,12.9,8.0,1015.4,29.99,,,28.3,83.0,,,Overcast,cloudy,0,0,0,0,0,0
2018-08-18 13:00:00,27.2,81.0,19.4,66.9,62.0,0.0,0.0,,,0,North,12.9,8.0,1014.9,29.97,,,28.5,83.3,,,Overcast,cloudy,0,0,0,0,0,0
2018-08-18 14:00:00,27.2,81.0,19.4,66.9,62.0,5.6,3.5,,,250,WSW,12.9,8.0,1014.4,29.96,,,28.5,83.3,,,Mostly Cloudy,mostlycloudy,0,0,0,0,0,0
2018-08-18 15:00:00,28.9,84.0,18.3,64.9,53.0,5.6,3.5,,,0,Variable,12.9,8.0,1013.7,29.94,,,29.9,85.8,,,Mostly Cloudy,mostlycloudy,0,0,0,0,0,0
2018-08-18 16:00:00,28.3,82.9,18.9,66.0,56.0,5.6,3.5,,,0,Variable,14.5,9.0,1013.2,29.92,,,29.4,85.0,,,Partly Cloudy,partlycloudy,0,0,0,0,0,0
2018-08-18 17:00:00,28.3,82.9,18.3,64.9,54.0,0.0,0.0,,,0,North,14.5,9.0,1013.2,29.92,,,29.2,84.6,,,Clear,clear,0,0,0,0,0,0
2018-08-18 18:00:00,28.3,82.9,19.4,66.9,58.0,0.0,0.0,,,0,North,14.5,9.0,1013.1,29.92,,,29.7,85.4,,,Partly Cloudy,partlycloudy,0,0,0,0,0,0
2018-08-18 19:00:00,27.2,81.0,17.2,63.0,54.0,0.0,0.0,,,0,North,16.1,10.0,1013.2,29.92,,,27.9,82.2,,,Clear,clear,0,0,0,0,0,0
2018-08-18 20:00:00,27.2,81.0,17.8,64.0,56.0,0.0,0.0,,,0,North,16.1,10.0,1013.5,29.93,,,28.0,82.5,,,Clear,clear,0,0,0,0,0,0
2018-08-18 21:00:00,26.1,79.0,20.0,68.0,69.0,0.0,0.0,,,0,North,14.5,9.0,1014.0,29.95,,,,,,,Scattered Clouds,partlycloudy,0,0,0,0,0,0
2018-08-18 22:00:00,26.1,79.0,19.4,66.9,66.0,0.0,0.0,,,0,North,16.1,10.0,1014.2,29.95,,,,,,,Overcast,cloudy,0,0,0,0,0,0
2018-08-18 23:00:00,25.6,78.1,20.6,69.1,74.0,0.0,0.0,,,0,North,16.1,10.0,1013.9,29.94,,,,,,,Scattered Clouds,partlycloudy,0,0,0,0,0,0
2018-08-19 00:00:00,25.0,77.0,20.0,68.0,74.0,0.0,0.0,,,0,North,16.1,10.0,1013.9,29.94,,,,,,,Clear,clear,0,0,0,0,0,0
2018-08-19 01:00:00,25.0,77.0,19.4,66.9,71.0,0.0,0.0,,,0,North,16.1,10.0,1013.5,29.93,,,,,,,Partly Cloudy,partlycloudy,0,0,0,0,0,0
2018-08-19 02:00:00,25.0,77.0,19.4,66.9,71.0,0.0,0.0,,,0,North,16.1,10.0,1013.6,29.94,,,,,,,Clear,clear,0,0,0,0,0,0
2018-08-19 03:00:00,23.9,75.0,20.0,68.0,79.0,0.0,0.0,,,0,North,16.1,10.0,1013.3,29.93,,,,,,,Clear,clear,0,0,0,0,0,0
2018-08-19 04:00:00,23.9,75.0,20.0,68.0,79.0,0.0,0.0,,,0,North,16.1,10.0,1013.6,29.94,,,,,,,Partly Cloudy,partlycloudy,0,0,0,0,0,0
2018-08-19 05:00:00,23.9,75.0,19.4,66.9,76.0,0.0,0.0,,,0,North,16.1,10.0,1013.5,29.93,,,,,,,Scattered Clouds,partlycloudy,0,0,0,0,0,0
2018-08-19 06:00:00,23.9,75.0,19.4,66.9,76.0,0.0,0.0,,,0,North,12.9,8.0,1014.2,29.95,,,,,,,Mostly Cloudy,mostlycloudy,0,0,0,0,0,0
2018-08-19 07:00:00,24.4,75.9,20.0,68.0,76.0,7.4,4.6,,,30,NNE,12.9,8.0,1014.5,29.96,,,,,,,Scattered Clouds,partlycloudy,0,0,0,0,0,0
2018-08-19 08:00:00,25.0,77.0,19.4,66.9,71.0,7.4,4.6,,,0,Variable,12.9,8.0,1014.3,29.96,,,,,,,Clear,clear,0,0,0,0,0,0
2018-08-19 09:00:00,26.1,79.0,18.9,66.0,64.0,5.6,3.5,,,0,Variable,14.5,9.0,1014.3,29.96,,,,,,,Clear,clear,0,0,0,0,0,0
2018-08-19 10:00:00,27.2,81.0,18.9,66.0,60.0,9.3,5.8,,,0,Variable,12.9,8.0,1014.2,29.95,,,28.3,83.0,,,Clear,clear,0,0,0,0,0,0
2018-08-19 11:00:00,28.3,82.9,19.4,66.9,58.0,0.0,0.0,,,0,North,12.9,8.0,1013.9,29.94,,,29.7,85.4,,,Overcast,cloudy,0,0,0,0,0,0
2018-08-19 12:00:00,28.9,84.0,19.4,66.9,56.0,7.4,4.6,,,0,Variable,12.9,8.0,1013.7,29.94,,,30.3,86.5,,,Mostly Cloudy,mostlycloudy,0,0,0,0,0,0
2018-08-19 13:00:00,30.6,87.1,18.9,66.0,49.0,0.0,0.0,,,0,North,12.9,8.0,1013.4,29.93,,,31.8,89.2,,,Scattered Clouds,partlycloudy,0,0,0,0,0,0
2018-08-19 14:00:00,30.6,87.1,18.9,66.0,49.0,0.0,0.0,,,0,North,12.9,8.0,1013.2,29.92,,,31.8,89.2,,,Scattered Clouds,partlycloudy,0,0,0,0,0,0
2018-08-19 15:00:00,29.4,84.9,18.3,64.9,51.0,7.4,4.6,,,60,ENE,12.9,8.0,1012.5,29.9,,,30.3,86.6,,,Partly Cloudy,partlycloudy,0,0,0,0,0,0
2018-08-19 16:00:00,30.0,86.0,17.8,64.0,48.0,7.4,4.6,,,60,ENE,12.9,8.0,1012.3,29.9,,,30.7,87.3,,,Partly Cloudy,partlycloudy,0,0,0,0,0,0
2018-08-19 17:00:00,29.4,84.9,18.3,64.9,51.0,11.1,6.9,,,80,East,12.9,8.0,1012.1,29.89,,,30.3,86.6,,,Clear,clear,0,0,0,0,0,0
2018-08-19 18:00:00,27.8,82.0,20.0,68.0,62.0,5.6,3.5,,,0,Variable,12.9,8.0,1012.3,29.9,,,29.4,84.9,,,Mostly Cloudy,mostlycloudy,0,0,0,0,0,0
2018-08-19 19:00:00,27.2,81.0,19.4,66.9,62.0,5.6,3.5,,,170,South,12.9,8.0,1012.6,29.91,,,28.5,83.3,,,Scattered Clouds,partlycloudy,0,0,0,0,0,0
2018-08-19 20:00:00,26.1,79.0,19.4,66.9,66.0,5.6,3.5,,,0,Variable,14.5,9.0,1013.1,29.92,,,,,,,Mostly Cloudy,mostlycloudy,0,0,0,0,0,0
2018-08-19 21:00:00,24.4,75.9,21.7,71.1,85.0,0.0,0.0,,,0,North,11.3,7.0,1013.7,29.94,,,,,0.3,0.01,Mostly Cloudy,mostlycloudy,0,0,0,0,0,0
2018-08-19 22:00:00,25.0,77.0,21.1,70.0,79.0,5.6,3.5,,,0,Variable,12.9,8.0,1013.5,29.93,,,,,,,Clear,clear,0,0,0,0,0,0
2018-08-19 23:00:00,25.0,77.0,20.6,69.1,76.0,0.0,0.0,,,0,North,14.5,9.0,1013.5,29.93,,,,,,,Scattered Clouds,partlycloudy,0,0,0,0,0,0
2018-08-20 00:00:00,25.0,77.0,21.1,70.0,79.0,0.0,0.0,,,0,North,14.5,9.0,1013.6,29.94,,,,,,,Scattered Clouds,partlycloudy,0,0,0,0,0,0
2018-08-20 01:00:00,24.4,75.9,20.6,69.1,79.0,0.0,0.0,,,0,North,12.9,8.0,1013.5,29.93,,,,,,,Clear,clear,0,0,0,0,0,0
2018-08-20 02:00:00,23.9,75.0,20.6,69.1,82.0,5.6,3.5,,,40,NE,12.9,8.0,1013.5,29.93,,,,,,,Clear,clear,0,0,0,0,0,0
2018-08-20 03:00:00,22.8,73.0,21.1,70.0,90.0,5.6,3.5,,,30,NNE,11.3,7.0,1013.5,29.93,,,,,,,Partly Cloudy,partlycloudy,0,0,0,0,0,0
2018-08-20 04:00:00,23.3,73.9,20.6,69.1,85.0,7.4,4.6,,,30,NNE,11.3,7.0,1013.4,29.93,,,,,,,Overcast,cloudy,0,0,0,0,0,0
2018-08-20 05:00:00,23.9,75.0,20.6,69.1,82.0,5.6,3.5,,,40,NE,12.9,8.0,1013.6,29.94,,,,,,,Clear,clear,0,0,0,0,0,0
2018-08-20 06:00:00,23.3,73.9,20.6,69.1,85.0,9.3,5.8,,,60,ENE,8.0,5.0,1013.7,29.94,,,,,,,Haze,hazy,0,0,0,0,0,0
2018-08-20 07:00:00,24.4,75.9,21.1,70.0,82.0,7.4,4.6,,,60,ENE,9.7,6.0,1013.9,29.94,,,,,,,Haze,hazy,0,0,0,0,0,0
2018-08-20 08:00:00,25.6,78.1,21.1,70.0,76.0,9.3,5.8,,,120,ESE,9.7,6.0,1013.7,29.94,,,,,,,Haze,hazy,0,0,0,0,0,0
2018-08-20 09:00:00,26.7,80.1,20.0,68.0,67.0,9.3,5.8,,,0,Variable,11.3,7.0,1013.9,29.94,,,28.2,82.7,,,Partly Cloudy,partlycloudy,0,0,0,0,0,0
2018-08-20 10:00:00,28.3,82.9,19.4,66.9,58.0,11.1,6.9,,,0,Variable,12.9,8.0,1013.9,29.94,,,29.7,85.4,,,Scattered Clouds,partlycloudy,0,0,0,0,0,0
2018-08-20 11:00:00,27.2,81.0,19.4,66.9,62.0,0.0,0.0,,,0,North,12.9,8.0,1013.5,29.93,,,28.5,83.3,,,Scattered Clouds,partlycloudy,0,0,0,0,0,0
2018-08-20 12:00:00,22.2,72.0,20.6,69.1,91.0,9.3,5.8,,,130,SE,1.2,0.8,1013.7,29.94,,,,,11.9,0.47,Light Rain,rain,0,1,0,0,0,0
2018-08-20 13:00:00,22.2,72.0,20.6,69.1,91.0,9.3,5.8,,,130,SE,1.2,0.8,1013.7,29.94,,,,,11.9,0.47,Light Rain,rain,0,1,0,0,0,0
2018-08-20 14:00:00,23.9,75.0,21.7,71.1,87.0,9.3,5.8,25.9,16.1,0,Variable,11.3,7.0,1013.4,29.93,,,,,0.0,0.0,Scattered Clouds,partlycloudy,0,0,0,0,0,0
2018-08-20 15:00:00,26.1,79.0,21.1,70.0,74.0,13.0,8.1,,,60,ENE,14.5,9.0,1013.1,29.92,,,,,,,Scattered Clouds,partlycloudy,0,0,0,0,0,0
2018-08-20 16:00:00,26.7,80.1,20.6,69.1,69.0,14.8,9.2,,,110,ESE,14.5,9.0,1012.5,29.9,,,28.3,82.9,,,Partly Cloudy,partlycloudy,0,0,0,0,0,0
2018-08-20 17:00:00,26.1,79.0,20.6,69.1,72.0,13.0,8.1,,,180,South,14.5,9.0,1012.4,29.9,,,,,,,Partly Cloudy,partlycloudy,0,0,0,0,0,0
2018-08-20 18:00:00,25.6,78.1,20.0,68.0,71.0,9.3,5.8,,,0,Variable,14.5,9.0,1012.2,29.89,,,,,,,Clear,clear,0,0,0,0,0,0
2018-08-20 19:00:00,25.0,77.0,20.0,68.0,74.0,7.4,4.6,,,0,Variable,16.1,10.0,1012.6,29.91,,,,,,,Partly Cloudy,partlycloudy,0,0,0,0,0,0
2018-08-20 20:00:00,25.0,77.0,20.0,68.0,74.0,0.0,0.0,,,0,North,16.1,10.0,1013.0,29.92,,,,,,,Mostly Cloudy,mostlycloudy,0,0,0,0,0,0
2018-08-20 21:00:00,25.0,77.0,20.6,69.1,76.0,5.6,3.5,,,150,SSE,16.1,10.0,1013.2,29.92,,,,,,,Mostly Cloudy,mostlycloudy,0,0,0,0,0,0
2018-08-20 22:00:00,24.4,75.9,20.6,69.1,79.0,5.6,3.5,,,0,Variable,16.1,10.0,1013.2,29.92,,,,,,,Mostly Cloudy,mostlycloudy,0,0,0,0,0,0
2018-08-20 23:00:00,25.0,77.0,20.6,69.1,76.0,9.3,5.8,,,0,Variable,16.1,10.0,1013.3,29.93,,,,,,,Mostly Cloudy,mostlycloudy,0,0,0,0,0,0
2018-08-21 00:00:00,24.4,75.9,20.6,69.1,79.0,0.0,0.0,,,0,North,16.1,10.0,1013.0,29.92,,,,,,,Partly Cloudy,partlycloudy,0,0,0,0,0,0
2018-08-21 01:00:00,24.4,75.9,20.6,69.1,79.0,7.4,4.6,,,0,Variable,16.1,10.0,1012.6,29.91,,,,,,,Clear,clear,0,0,0,0,0,0
2018-08-21 02:00:00,24.4,75.9,21.1,70.0,82.0,0.0,0.0,,,0,North,16.1,10.0,1012.3,29.9,,,,,,,Mostly Cloudy,mostlycloudy,0,0,0,0,0,0
2018-08-21 03:00:00,24.4,75.9,21.1,70.0,82.0,5.6,3.5,,,0,Variable,14.5,9.0,1011.8,29.88,,,,,,,Scattered Clouds,partlycloudy,0,0,0,0,0,0
2018-08-21 04:00:00,25.0,77.0,21.7,71.1,82.0,9.3,5.8,,,0,Variable,14.5,9.0,1011.4,29.87,,,,,,,Overcast,cloudy,0,0,0,0,0,0
2018-08-21 05:00:00,25.0,77.0,21.7,71.1,82.0,5.6,3.5,,,0,Variable,14.5,9.0,1011.3,29.87,,,,,,,Overcast,cloudy,0,0,0,0,0,0
2018-08-21 06:00:00,24.4,75.9,20.6,69.1,79.0,7.4,4.6,,,0,Variable,12.9,8.0,1011.6,29.88,,,,,,,Scattered Clouds,partlycloudy,0,0,0,0,0,0
2018-08-21 07:00:00,25.0,77.0,22.2,72.0,84.0,0.0,0.0,,,0,North,12.9,8.0,1011.8,29.88,,,,,,,Mostly Cloudy,mostlycloudy,0,0,0,0,0,0
2018-08-21 08:00:00,23.9,75.0,22.8,73.0,94.0,0.0,0.0,,,0,North,3.2,2.0,1011.7,29.88,,,,,5.6,0.22,Overcast,cloudy,0,0,0,0,0,0
2018-08-21 09:00:00,25.6,78.1,23.3,73.9,87.0,0.0,0.0,,,0,North,11.3,7.0,1011.5,29.87,,,,,,,Mostly Cloudy,mostlycloudy,0,0,0,0,0,0
2018-08-21 10:00:00,25.6,78.1,22.8,73.0,84.0,7.4,4.6,,,0,Variable,11.3,7.0,1011.4,29.87,,,,,,,Mostly Cloudy,mostlycloudy,0,0,0,0,0,0
2018-08-21 11:00:00,27.8,82.0,20.6,69.1,65.0,14.8,9.2,,,170,South,12.9,8.0,1011.0,29.86,,,29.7,85.5,,,Partly Cloudy,partlycloudy,0,0,0,0,0,0
2018-08-21 12:00:00,28.9,84.0,20.0,68.0,58.0,9.3,5.8,,,0,Variable,12.9,8.0,1010.3,29.84,,,30.6,87.0,,,Partly Cloudy,partlycloudy,0,0,0,0,0,0
2018-08-21 13:00:00,29.4,84.9,20.0,68.0,57.0,5.6,3.5,29.6,18.4,0,Variable,14.5,9.0,1009.8,29.82,,,31.2,88.2,,,Partly Cloudy,partlycloudy,0,0,0,0,0,0
2018-08-21 14:00:00,27.8,82.0,18.9,66.0,58.0,11.1,6.9,,,0,Variable,12.9,8.0,1009.1,29.8,,,29.0,84.1,,,Clear,clear,0,0,0,0,0,0
2018-08-21 15:00:00,26.7,80.1,20.6,69.1,69.0,7.4,4.6,29.6,18.4,0,Variable,12.9,8.0,1008.5,29.78,,,28.3,82.9,,,Clear,clear,0,0,0,0,0,0
2018-08-21 16:00:00,26.7,80.1,21.7,71.1,74.0,,,,,0,North,12.9,8.0,1008.1,29.77,,,28.6,83.6,,,Clear,clear,0,0,0,0,0,0
2018-08-21 17:00:00,25.6,78.1,22.2,72.0,81.0,7.4,4.6,,,170,South,11.3,7.0,1008.3,29.78,,,,,,,Overcast,cloudy,0,0,0,0,0,0
2018-08-21 18:00:00,23.9,75.0,22.2,72.0,90.0,7.4,4.6,,,160,SSE,6.4,4.0,1008.2,29.78,,,,,1.3,0.05,Light Rain,rain,0,1,0,0,0,0
2018-08-21 19:00:00,24.4,75.9,23.3,73.9,94.0,9.3,5.8,,,0,Variable,4.8,3.0,1007.9,29.77,,,,,0.8,0.03,Light Rain,rain,0,1,0,0,0,0
2018-08-21 20:00:00,24.4,75.9,23.3,73.9,94.0,5.6,3.5,,,0,Variable,9.7,6.0,1008.5,29.78,,,,,0.3,0.01,Overcast,cloudy,0,0,0,0,0,0
2018-08-21 21:00:00,23.9,75.0,22.8,73.0,94.0,9.3,5.8,,,220,SW,12.9,8.0,1008.5,29.78,,,,,,,Overcast,cloudy,0,0,0,0,0,0
2018-08-21 22:00:00,23.9,75.0,22.8,73.0,94.0,9.3,5.8,,,0,Variable,12.9,8.0,1008.6,29.79,,,,,,,Overcast,cloudy,0,0,0,0,0,0
2018-08-21 23:00:00,23.9,75.0,21.7,71.1,87.0,9.3,5.8,,,290,WNW,14.5,9.0,1009.3,29.81,,,,,,,Mostly Cloudy,mostlycloudy,0,0,0,0,0,0
2018-08-22 00:00:00,23.3,73.9,19.4,66.9,79.0,7.4,4.6,,,0,Variable,16.1,10.0,1009.2,29.81,,,,,,,Clear,clear,0,0,0,0,0,0
2018-08-22 01:00:00,22.8,73.0,18.3,64.9,76.0,13.0,8.1,31.5,19.6,310,NW,16.1,10.0,1009.4,29.81,,,,,,,Clear,clear,0,0,0,0,0,0
2018-08-22 02:00:00,22.2,72.0,17.2,63.0,73.0,11.1,6.9,25.9,16.1,0,Variable,16.1,10.0,1010.0,29.83,,,,,,,Mostly Cloudy,mostlycloudy,0,0,0,0,0,0
2018-08-22 03:00:00,21.7,71.1,16.7,62.1,73.0,7.4,4.6,,,0,Variable,16.1,10.0,1010.6,29.85,,,,,,,Partly Cloudy,partlycloudy,0,0,0,0,0,0
2018-08-22 04:00:00,21.1,70.0,16.7,62.1,76.0,7.4,4.6,,,0,Variable,16.1,10.0,1010.9,29.86,,,,,,,Clear,clear,0,0,0,0,0,0
2018-08-22 05:00:00,20.6,69.1,16.1,61.0,75.0,7.4,4.6,,,0,Variable,16.1,10.0,1011.5,29.87,,,,,,,Clear,clear,0,0,0,0,0,0
2018-08-22 06:00:00,20.6,69.1,16.1,61.0,75.0,9.3,5.8,,,300,WNW,14.5,9.0,1012.8,29.91,,,,,,,Clear,clear,0,0,0,0,0,0
2018-08-22 07:00:00,20.6,69.1,15.0,59.0,70.0,5.6,3.5,,,0,Variable,16.1,10.0,1013.7,29.94,,,,,,,Clear,clear,0,0,0,0,0,0
2018-08-22 08:00:00,21.7,71.1,13.9,57.0,61.0,9.3,5.8,,,0,Variable,16.1,10.0,1014.3,29.96,,,,,,,Clear,clear,0,0,0,0,0,0
2018-08-22 09:00:00,22.2,72.0,12.8,55.0,55.0,11.1,6.9,,,0,Variable,16.1,10.0,1015.0,29.98,,,,,,,Partly Cloudy,partlycloudy,0,0,0,0,0,0
2018-08-22 10:00:00,23.3,73.9,13.3,55.9,53.0,14.8,9.2,,,310,NW,16.1,10.0,1015.5,29.99,,,,,,,Clear,clear,0,0,0,0,0,0
2018-08-22 11:00:00,24.4,75.9,12.2,54.0,46.0,14.8,9.2,38.9,24.2,310,NW,16.1,10.0,1015.7,30.0,,,,,,,Clear,clear,0,0,0,0,0,0
2018-08-22 12:00:00,25.0,77.0,12.8,55.0,47.0,9.3,5.8,27.8,17.3,0,Variable,16.1,10.0,1016.2,30.01,,,,,,,Clear,clear,0,0,0,0,0,0
2018-08-22 13:00:00,25.0,77.0,11.7,53.1,43.0,11.1,6.9,29.6,18.4,0,Variable,16.1,10.0,1016.3,30.01,,,,,,,Clear,clear,0,0,0,0,0,0
2018-08-22 14:00:00,25.0,77.0,11.7,53.1,43.0,14.8,9.2,31.5,19.6,290,WNW,16.1,10.0,1016.5,30.02,,,,,,,Partly Cloudy,partlycloudy,0,0,0,0,0,0
2018-08-22 15:00:00,24.4,75.9,11.1,52.0,43.0,7.4,4.6,33.3,20.7,0,Variable,16.1,10.0,1016.6,30.02,,,,,,,Partly Cloudy,partlycloudy,0,0,0,0,0,0
2018-08-22 16:00:00,24.4,75.9,10.6,51.1,42.0,9.3,5.8,,,340,NNW,16.1,10.0,1017.3,30.04,,,,,,,Clear,clear,0,0,0,0,0,0
2018-08-22 17:00:00,24.4,75.9,9.4,48.9,38.0,,,,,0,North,16.1,10.0,1017.9,30.06,,,,,,,Clear,clear,0,0,0,0,0,0
2018-08-22 18:00:00,23.3,73.9,8.9,48.0,40.0,7.4,4.6,,,0,Variable,16.1,10.0,1018.8,30.09,,,,,,,Clear,clear,0,0,0,0,0,0
2018-08-22 19:00:00,22.8,73.0,8.3,46.9,39.0,14.8,9.2,31.5,19.6,310,NW,16.1,10.0,1019.9,30.12,,,,,,,Clear,clear,0,0,0,0,0,0
2018-08-22 20:00:00,21.7,71.1,8.3,46.9,42.0,5.6,3.5,,,0,Variable,16.1,10.0,1020.8,30.15,,,,,,,Clear,clear,0,0,0,0,0,0
2018-08-22 21:00:00,21.1,70.0,8.3,46.9,44.0,7.4,4.6,,,350,North,16.1,10.0,1021.9,30.18,,,,,,,Clear,clear,0,0,0,0,0,0
2018-08-22 22:00:00,20.6,69.1,7.8,46.0,44.0,7.4,4.6,,,0,Variable,16.1,10.0,1022.7,30.2,,,,,,,Clear,clear,0,0,0,0,0,0
2018-08-22 23:00:00,20.0,68.0,7.8,46.0,45.0,5.6,3.5,,,340,NNW,16.1,10.0,1023.2,30.22,,,,,,,Clear,clear,0,0,0,0,0,0
2018-08-23 00:00:00,18.3,64.9,9.4,48.9,56.0,0.0,0.0,,,0,North,16.1,10.0,1023.6,30.23,,,,,,,Clear,clear,0,0,0,0,0,0
2018-08-23 01:00:00,18.3,64.9,8.9,48.0,54.0,5.6,3.5,,,0,Variable,16.1,10.0,1023.8,30.24,,,,,,,Clear,clear,0,0,0,0,0,0
2018-08-23 02:00:00,17.8,64.0,8.9,48.0,56.0,5.6,3.5,,,300,WNW,16.1,10.0,1024.0,30.24,,,,,,,Clear,clear,0,0,0,0,0,0
2018-08-23 03:00:00,17.8,64.0,10.0,50.0,60.0,0.0,0.0,,,0,North,16.1,10.0,1024.4,30.25,,,,,,,Clear,clear,0,0,0,0,0,0
2018-08-23 04:00:00,16.7,62.1,11.1,52.0,70.0,5.6,3.5,,,300,WNW,16.1,10.0,1024.9,30.27,,,,,,,Clear,clear,0,0,0,0,0,0
2018-08-23 05:00:00,17.2,63.0,11.1,52.0,67.0,0.0,0.0,,,0,North,16.1,10.0,1025.5,30.29,,,,,,,Clear,clear,0,0,0,0,0,0
2018-08-23 06:00:00,17.8,64.0,9.4,48.9,58.0,9.3,5.8,,,290,WNW,16.1,10.0,1026.0,30.3,,,,,,,Clear,clear,0,0,0,0,0,0
2018-08-23 07:00:00,18.3,64.9,9.4,48.9,56.0,5.6,3.5,,,0,Variable,16.1,10.0,1026.4,30.31,,,,,,,Clear,clear,0,0,0,0,0,0
2018-08-23 08:00:00,19.4,66.9,10.0,50.0,54.0,5.6,3.5,,,0,Variable,14.5,9.0,1026.7,30.32,,,,,,,Clear,clear,0,0,0,0,0,0
2018-08-23 09:00:00,21.1,70.0,10.0,50.0,49.0,,,,,0,North,16.1,10.0,1026.9,30.33,,,,,,,Clear,clear,0,0,0,0,0,0
2018-08-23 10:00:00,23.3,73.9,9.4,48.9,41.0,7.4,4.6,,,0,Variable,16.1,10.0,1026.9,30.33,,,,,,,Clear,clear,0,0,0,0,0,0
2018-08-23 11:00:00,25.0,77.0,9.4,48.9,37.0,0.0,0.0,,,0,North,16.1,10.0,1026.4,30.31,,,,,,,Clear,clear,0,0,0,0,0,0
2018-08-23 12:00:00,26.1,79.0,12.2,54.0,42.0,0.0,0.0,,,0,North,16.1,10.0,1026.1,30.3,,,,,,,Clear,clear,0,0,0,0,0,0
2018-08-23 13:00:00,26.7,80.1,11.1,52.0,38.0,0.0,0.0,,,0,North,16.1,10.0,1025.6,30.29,,,,,,,Clear,clear,0,0,0,0,0,0
2018-08-23 14:00:00,26.7,80.1,10.6,51.1,36.0,5.6,3.5,,,270,West,16.1,10.0,1025.0,30.27,,,,,,,Clear,clear,0,0,0,0,0,0
2018-08-23 15:00:00,26.7,80.1,11.1,52.0,38.0,0.0,0.0,,,0,North,14.5,9.0,1024.5,30.26,,,,,,,Clear,clear,0,0,0,0,0,0
2018-08-23 16:00:00,26.7,80.1,12.8,55.0,42.0,5.6,3.5,,,0,Variable,14.5,9.0,1024.4,30.25,,,26.7,80.1,,,Clear,clear,0,0,0,0,0,0
2018-08-23 17:00:00,26.1,79.0,12.8,55.0,44.0,0.0,0.0,,,0,North,16.1,10.0,1024.2,30.25,,,,,,,Clear,clear,0,0,0,0,0,0
2018-08-23 18:00:00,25.0,77.0,13.3,55.9,48.0,0.0,0.0,,,0,North,16.1,10.0,1023.9,30.24,,,,,,,Clear,clear,0,0,0,0,0,0
2018-08-23 19:00:00,24.4,75.9,12.8,55.0,48.0,0.0,0.0,,,0,North,16.1,10.0,1024.1,30.25,,,,,,,Clear,clear,0,0,0,0,0,0
2018-08-23 20:00:00,23.9,75.0,13.3,55.9,51.0,0.0,0.0,,,0,North,16.1,10.0,1024.4,30.25,,,,,,,Clear,clear,0,0,0,0,0,0
2018-08-23 21:00:00,23.9,75.0,13.3,55.9,51.0,5.6,3.5,,,250,WSW,16.1,10.0,1024.7,30.26,,,,,,,Clear,clear,0,0,0,0,0,0
2018-08-23 22:00:00,23.9,75.0,13.3,55.9,51.0,5.6,3.5,,,250,WSW,16.1,10.0,1024.7,30.26,,,,,,,Clear,clear,0,0,0,0,0,0
2018-08-23 23:00:00,22.2,72.0,14.4,57.9,61.0,0.0,0.0,,,0,North,16.1,10.0,1025.0,30.27,,,,,,,Clear,clear,0,0,0,0,0,0
2018-08-24 00:00:00,21.7,71.1,14.4,57.9,63.0,5.6,3.5,,,0,Variable,16.1,10.0,1025.4,30.28,,,,,,,Unknown,unknown,0,0,0,0,0,0
2018-08-24 01:00:00,21.7,71.1,14.4,57.9,63.0,5.6,3.5,,,0,Variable,16.1,10.0,1025.4,30.28,,,,,,,Unknown,unknown,0,0,0,0,0,0
2018-08-24 02:00:00,21.1,70.0,13.9,57.0,63.0,5.6,3.5,,,270,West,16.1,10.0,1024.7,30.26,,,,,,,Clear,clear,0,0,0,0,0,0
2018-08-24 03:00:00,20.6,69.1,13.9,57.0,65.0,0.0,0.0,,,0,North,16.1,10.0,1024.6,30.26,,,,,,,Clear,clear,0,0,0,0,0,0
2018-08-24 04:00:00,20.0,68.0,14.4,57.9,70.0,0.0,0.0,,,0,North,16.1,10.0,1024.6,30.26,,,,,,,Clear,clear,0,0,0,0,0,0
2018-08-24 05:00:00,20.0,68.0,14.4,57.9,70.0,5.6,3.5,,,290,WNW,,,1024.8,30.27,,,,,,,Unknown,unknown,0,0,0,0,0,0
2018-08-24 06:00:00,20.0,68.0,14.4,57.9,70.0,7.4,4.6,,,290,WNW,14.5,9.0,1025.4,30.28,,,,,,,Clear,clear,0,0,0,0,0,0
2018-08-24 07:00:00,21.1,70.0,15.0,59.0,68.0,7.4,4.6,,,280,West,12.9,8.0,1025.8,30.3,,,,,,,Clear,clear,0,0,0,0,0,0
2018-08-24 08:00:00,22.8,73.0,15.0,59.0,61.0,5.6,3.5,,,0,Variable,12.9,8.0,1025.5,30.29,,,,,,,Clear,clear,0,0,0,0,0,0
2018-08-24 09:00:00,23.9,75.0,15.6,60.1,60.0,5.6,3.5,,,0,Variable,14.5,9.0,1025.3,30.28,,,,,,,Clear,clear,0,0,0,0,0,0
2018-08-24 10:00:00,26.7,80.1,15.6,60.1,50.0,0.0,0.0,,,0,North,14.5,9.0,1024.8,30.27,,,27.1,80.9,,,Unknown,unknown,0,0,0,0,0,0
2018-08-24 11:00:00,28.3,82.9,15.0,59.0,44.0,9.3,5.8,,,280,West,14.5,9.0,1024.4,30.25,,,28.2,82.8,,,Clear,clear,0,0,0,0,0,0
2018-08-24 12:00:00,29.4,84.9,14.4,57.9,40.0,5.6,3.5,,,0,Variable,14.5,9.0,1023.6,30.23,,,29.0,84.2,,,Clear,clear,0,0,0,0,0,0
2018-08-24 13:00:00,30.0,86.0,15.0,59.0,40.0,0.0,0.0,,,0,North,14.5,9.0,1023.0,30.21,,,29.7,85.4,,,Clear,clear,0,0,0,0,0,0
2018-08-24 14:00:00,31.0,87.8,13.0,55.4,33.0,,,,,0,North,,,,,,,30.0,86.1,,,Unknown,unknown,0,0,0,0,0,0
2018-08-24 15:00:00,30.0,86.0,15.0,59.0,40.0,,,,,0,North,,,,,,,29.7,85.4,,,Unknown,unknown,0,0,0,0,0,0
2018-08-24 16:00:00,29.0,84.2,17.0,62.6,48.0,,,,,0,North,,,,,,,29.4,85.0,,,Unknown,unknown,0,0,0,0,0,0
2018-08-24 17:00:00,29.0,84.2,16.0,60.8,45.0,,,,,0,North,,,,,,,29.1,84.4,,,Unknown,unknown,0,0,0,0,0,0
2018-08-24 18:00:00,28.0,82.4,17.0,62.6,51.0,,,,,0,North,,,,,,,28.5,83.4,,,Unknown,unknown,0,0,0,0,0,0
2018-08-24 19:00:00,27.0,80.6,17.0,62.6,54.0,,,,,0,North,,,,,,,27.7,81.8,,,Unknown,unknown,0,0,0,0,0,0
2018-08-24 20:00:00,26.0,78.8,18.0,64.4,61.0,,,,,0,North,,,,,,,,,,,Unknown,unknown,0,0,0,0,0,0
2018-08-24 21:00:00,25.0,77.0,17.0,62.6,61.0,,,,,0,North,,,,,,,,,,,Unknown,unknown,0,0,0,0,0,0
2018-08-24 22:00:00,25.0,77.0,17.0,62.6,61.0,,,,,0,North,,,,,,,,,,,Unknown,unknown,0,0,0,0,0,0
2018-08-24 23:00:00,24.0,75.2,16.0,60.8,61.0,,,,,0,North,,,,,,,,,,,Unknown,unknown,0,0,0,0,0,0
2018-08-25 00:00:00,24.0,75.2,16.0,60.8,61.0,,,,,0,North,,,,,,,,,,,Unknown,unknown,0,0,0,0,0,0
2018-08-25 01:00:00,23.0,73.4,16.0,60.8,65.0,,,,,0,North,,,,,,,,,,,Unknown,unknown,0,0,0,0,0,0
2018-08-25 02:00:00,22.0,71.6,16.0,60.8,69.0,,,,,0,North,,,,,,,,,,,Unknown,unknown,0,0,0,0,0,0
2018-08-25 03:00:00,22.0,71.6,17.0,62.6,73.0,,,,,0,North,,,,,,,,,,,Unknown,unknown,0,0,0,0,0,0
2018-08-25 04:00:00,22.0,71.6,17.0,62.6,73.0,,,,,0,North,,,,,,,,,,,Unknown,unknown,0,0,0,0,0,0
2018-08-25 05:00:00,21.0,69.8,17.0,62.6,78.0,,,,,0,North,,,,,,,,,,,Unknown,unknown,0,0,0,0,0,0
2018-08-25 06:00:00,22.0,71.6,17.0,62.6,73.0,,,,,0,North,,,,,,,,,,,Unknown,unknown,0,0,0,0,0,0
2018-08-25 07:00:00,22.0,71.6,18.0,64.4,78.0,,,,,0,North,,,,,,,,,,,Unknown,unknown,0,0,0,0,0,0
2018-08-25 08:00:00,24.0,75.2,18.0,64.4,69.0,,,,,0,North,,,,,,,,,,,Unknown,unknown,0,0,0,0,0,0
2018-08-25 09:00:00,26.0,78.8,18.0,64.4,61.0,,,,,0,North,,,,,,,,,,,Unknown,unknown,0,0,0,0,0,0
2018-08-25 10:00:00,26.0,78.8,18.0,64.4,61.0,,,,,0,North,,,,,,,,,,,Unknown,unknown,0,0,0,0,0,0
2018-08-25 11:00:00,28.0,82.4,17.0,62.6,51.0,,,,,0,North,,,,,,,28.5,83.4,,,Unknown,unknown,0,0,0,0,0,0
2018-08-25 12:00:00,29.0,84.2,18.0,64.4,51.0,,,,,0,North,,,,,,,29.8,85.6,,,Unknown,unknown,0,0,0,0,0,0
2018-08-25 13:00:00,30.0,86.0,18.0,64.4,48.0,,,,,0,North,,,,,,,30.7,87.3,,,Unknown,unknown,0,0,0,0,0,0
2018-08-25 14:00:00,30.0,86.0,18.0,64.4,48.0,,,,,0,North,,,,,,,30.7,87.3,,,Unknown,unknown,0,0,0,0,0,0
2018-08-25 15:00:00,29.0,84.2,19.0,66.2,55.0,,,,,0,North,,,,,,,30.3,86.6,,,Unknown,unknown,0,0,0,0,0,0
2018-08-25 16:00:00,28.0,82.4,20.0,68.0,62.0,,,,,0,North,,,,,,,29.7,85.4,,,Unknown,unknown,0,0,0,0,0,0
2018-08-25 17:00:00,27.0,80.6,21.0,69.8,70.0,,,,,0,North,,,,,,,28.9,83.9,,,Unknown,unknown,0,0,0,0,0,0
2018-08-25 18:00:00,27.0,80.6,21.0,69.8,70.0,,,,,0,North,,,,,,,28.9,83.9,,,Unknown,unknown,0,0,0,0,0,0
2018-08-25 19:00:00,28.0,82.4,21.0,69.8,66.0,,,,,0,North,,,,,,,30.2,86.3,,,Unknown,unknown,0,0,0,0,0,0
2018-08-25 20:00:00,27.0,80.6,22.0,71.6,74.0,,,,,0,North,,,,,,,29.2,84.6,,,Unknown,unknown,0,0,0,0,0,0
2018-08-25 21:00:00,27.0,80.6,21.0,69.8,70.0,,,,,0,North,,,,,,,28.9,83.9,,,Unknown,unknown,0,0,0,0,0,0
2018-08-25 22:00:00,27.0,80.6,21.0,69.8,70.0,,,,,0,North,,,,,,,28.9,83.9,,,Unknown,unknown,0,0,0,0,0,0
2018-08-25 23:00:00,27.0,80.6,22.0,71.6,74.0,,,,,0,North,,,,,,,29.2,84.6,,,Unknown,unknown,0,0,0,0,0,0
2018-08-26 00:00:00,26.0,78.8,21.0,69.8,74.0,,,,,0,North,,,,,,,,,,,Unknown,unknown,0,0,0,0,0,0
2018-08-26 01:00:00,25.0,77.0,21.0,69.8,78.0,,,,,0,North,,,,,,,,,,,Unknown,unknown,0,0,0,0,0,0
2018-08-26 02:00:00,25.0,77.0,22.0,71.6,83.0,,,,,0,North,,,,,,,,,,,Unknown,unknown,0,0,0,0,0,0
2018-08-26 03:00:00,25.0,77.0,21.0,69.8,78.0,,,,,0,North,,,,,,,,,,,Unknown,unknown,0,0,0,0,0,0
2018-08-26 04:00:00,24.0,75.2,21.0,69.8,83.0,,,,,0,North,,,,,,,,,,,Unknown,unknown,0,0,0,0,0,0
2018-08-26 05:00:00,24.0,75.2,21.0,69.8,83.0,,,,,0,North,,,,,,,,,,,Unknown,unknown,0,0,0,0,0,0
2018-08-26 06:00:00,25.0,77.0,21.0,69.8,78.0,,,,,0,North,,,,,,,,,,,Unknown,unknown,0,0,0,0,0,0
2018-08-26 07:00:00,25.0,77.0,21.0,69.8,78.0,,,,,0,North,,,,,,,,,,,Unknown,unknown,0,0,0,0,0,0
2018-08-26 08:00:00,26.0,78.8,22.0,71.6,78.0,,,,,0,North,,,,,,,,,,,Unknown,unknown,0,0,0,0,0,0
2018-08-26 09:00:00,28.0,82.4,22.0,71.6,70.0,,,,,0,North,,,,,,,30.7,87.2,,,Unknown,unknown,0,0,0,0,0,0
2018-08-26 10:00:00,30.0,86.0,22.0,71.6,62.0,,,,,0,North,,,,,,,33.2,91.8,,,Unknown,unknown,0,0,0,0,0,0
2018-08-26 11:00:00,31.0,87.8,22.0,71.6,58.0,,,,,0,North,,,,,,,34.4,93.8,,,Unknown,unknown,0,0,0,0,0,0
2018-08-26 12:00:00,32.0,89.6,20.0,68.0,49.0,,,,,0,North,,,,,,,34.1,93.4,,,Unknown,unknown,0,0,0,0,0,0
2018-08-26 13:00:00,31.0,87.8,19.0,66.2,49.0,,,,,0,North,,,,,,,32.4,90.4,,,Unknown,unknown,0,0,0,0,0,0
2018-08-26 14:00:00,32.0,89.6,17.0,62.6,40.0,,,,,0,North,,,,,,,32.3,90.1,,,Unknown,unknown,0,0,0,0,0,0
2018-08-26 15:00:00,32.0,89.6,18.0,64.4,43.0,,,,,0,North,,,,,,,32.8,91.1,,,Unknown,unknown,0,0,0,0,0,0
2018-08-26 16:00:00,32.0,89.6,18.0,64.4,43.0,,,,,0,North,,,,,,,32.8,91.1,,,Unknown,unknown,0,0,0,0,0,0
2018-08-26 17:00:00,31.0,87.8,17.0,62.6,43.0,,,,,0,North,,,,,,,31.4,88.5,,,Unknown,unknown,0,0,0,0,0,0
2018-08-26 18:00:00,30.0,86.0,16.0,60.8,43.0,,,,,0,North,,,,,,,30.1,86.1,,,Unknown,unknown,0,0,0,0,0,0
2018-08-26 19:00:00,29.0,84.2,16.0,60.8,45.0,,,,,0,North,,,,,,,29.1,84.4,,,Unknown,unknown,0,0,0,0,0,0
2018-08-26 20:00:00,29.0,84.2,16.0,60.8,45.0,,,,,0,North,,,,,,,29.1,84.4,,,Unknown,unknown,0,0,0,0,0,0
2018-08-26 21:00:00,28.0,82.4,16.0,60.8,48.0,,,,,0,North,,,,,,,28.3,82.9,,,Unknown,unknown,0,0,0,0,0,0
2018-08-26 22:00:00,27.0,80.6,17.0,62.6,54.0,,,,,0,North,,,,,,,27.7,81.8,,,Unknown,unknown,0,0,0,0,0,0
2018-08-26 23:00:00,27.0,80.6,17.0,62.6,54.0,,,,,0,North,,,,,,,27.7,81.8,,,Unknown,unknown,0,0,0,0,0,0
2018-08-27 00:00:00,25.0,77.0,17.0,62.6,61.0,,,,,0,North,,,,,,,,,,,Unknown,unknown,0,0,0,0,0,0
2018-08-27 01:00:00,24.0,75.2,17.0,62.6,65.0,,,,,0,North,,,,,,,,,,,Unknown,unknown,0,0,0,0,0,0
2018-08-27 02:00:00,23.0,73.4,17.0,62.6,69.0,,,,,0,North,,,,,,,,,,,Unknown,unknown,0,0,0,0,0,0
2018-08-27 03:00:00,24.0,75.2,15.0,59.0,57.0,,,,,0,North,,,,,,,,,,,Unknown,unknown,0,0,0,0,0,0
2018-08-27 04:00:00,24.0,75.2,14.0,57.2,53.0,,,,,0,North,,,,,,,,,,,Unknown,unknown,0,0,0,0,0,0
2018-08-27 05:00:00,23.0,73.4,15.0,59.0,61.0,,,,,0,North,,,,,,,,,,,Unknown,unknown,0,0,0,0,0,0
2018-08-27 06:00:00,24.0,75.2,15.0,59.0,57.0,,,,,0,North,,,,,,,,,,,Unknown,unknown,0,0,0,0,0,0
2018-08-27 07:00:00,24.0,75.2,15.0,59.0,57.0,,,,,0,North,,,,,,,,,,,Unknown,unknown,0,0,0,0,0,0
2018-08-27 08:00:00,25.0,77.0,15.0,59.0,54.0,,,,,0,North,,,,,,,,,,,Unknown,unknown,0,0,0,0,0,0
2018-08-27 09:00:00,27.0,80.6,15.0,59.0,48.0,,,,,0,North,,,,,,,27.3,81.1,,,Unknown,unknown,0,0,0,0,0,0
2018-08-27 10:00:00,28.0,82.4,14.0,57.2,42.0,,,,,0,North,,,,,,,27.8,82.0,,,Unknown,unknown,0,0,0,0,0,0
2018-08-27 11:00:00,28.0,82.4,13.0,55.4,39.0,,,,,0,North,,,,,,,27.6,81.7,,,Unknown,unknown,0,0,0,0,0,0
2018-08-27 12:00:00,31.0,87.8,14.0,57.2,35.0,,,,,0,North,,,,,,,30.3,86.5,,,Unknown,unknown,0,0,0,0,0,0
2018-08-27 13:00:00,31.1,88.0,15.0,59.0,37.0,5.6,3.5,,,0,Variable,14.5,9.0,1022.6,30.2,,,30.6,87.1,,,Clear,clear,0,0,0,0,0,0
2018-08-27 14:00:00,31.1,88.0,15.0,59.0,37.0,0.0,0.0,,,0,North,14.5,9.0,1022.2,30.19,,,30.6,87.1,,,Clear,clear,0,0,0,0,0,0
2018-08-27 15:00:00,28.9,84.0,14.4,57.9,41.0,9.3,5.8,25.9,16.1,0,Variable,14.5,9.0,1022.6,30.2,,,28.6,83.5,,,Clear,clear,0,0,0,0,0,0
2018-08-27 16:00:00,28.3,82.9,13.9,57.0,41.0,11.1,6.9,,,0,Variable,14.5,9.0,1022.6,30.2,,,28.0,82.4,,,Clear,clear,0,0,0,0,0,0
2018-08-27 17:00:00,27.8,82.0,14.4,57.9,44.0,7.4,4.6,,,0,Variable,14.5,9.0,1022.6,30.2,,,27.8,82.0,,,Clear,clear,0,0,0,0,0,0
2018-08-27 18:00:00,27.2,81.0,13.9,57.0,44.0,5.6,3.5,,,0,Variable,14.5,9.0,1022.6,30.2,,,27.2,81.0,,,Clear,clear,0,0,0,0,0,0
2018-08-27 19:00:00,25.6,78.1,14.4,57.9,50.0,7.4,4.6,,,0,Variable,16.1,10.0,1023.2,30.22,,,,,,,Clear,clear,0,0,0,0,0,0
2018-08-27 20:00:00,25.6,78.1,13.9,57.0,48.0,0.0,0.0,,,0,North,16.1,10.0,1023.9,30.24,,,,,,,Clear,clear,0,0,0,0,0,0
2018-08-27 21:00:00,25.0,77.0,13.3,55.9,48.0,0.0,0.0,,,0,North,16.1,10.0,1024.3,30.25,,,,,,,Clear,clear,0,0,0,0,0,0
2018-08-27 22:00:00,25.0,77.0,12.8,55.0,47.0,5.6,3.5,,,0,Variable,16.1,10.0,1024.6,30.26,,,,,,,Clear,clear,0,0,0,0,0,0
2018-08-27 23:00:00,24.4,75.9,13.9,57.0,52.0,0.0,0.0,,,0,North,16.1,10.0,1024.3,30.25,,,,,,,Clear,clear,0,0,0,0,0,0
2018-08-28 00:00:00,23.9,75.0,14.4,57.9,55.0,0.0,0.0,,,0,North,16.1,10.0,1023.5,30.23,,,,,,,Clear,clear,0,0,0,0,0,0
2018-08-28 01:00:00,23.3,73.9,16.1,61.0,64.0,5.6,3.5,,,170,South,16.1,10.0,1023.1,30.22,,,,,,,Clear,clear,0,0,0,0,0,0
2018-08-28 02:00:00,23.3,73.9,16.1,61.0,64.0,7.4,4.6,,,0,Variable,16.1,10.0,1022.9,30.21,,,,,,,Clear,clear,0,0,0,0,0,0
2018-08-28 03:00:00,22.8,73.0,17.8,64.0,73.0,0.0,0.0,,,0,North,16.1,10.0,1023.2,30.22,,,,,,,Clear,clear,0,0,0,0,0,0
2018-08-28 04:00:00,22.8,73.0,19.4,66.9,81.0,0.0,0.0,,,0,North,16.1,10.0,1023.5,30.23,,,,,,,Clear,clear,0,0,0,0,0,0
2018-08-28 05:00:00,22.2,72.0,18.9,66.0,81.0,5.6,3.5,,,0,Variable,16.1,10.0,1024.0,30.24,,,,,,,Clear,clear,0,0,0,0,0,0
2018-08-28 06:00:00,22.8,73.0,19.4,66.9,81.0,0.0,0.0,,,0,North,14.5,9.0,1024.6,30.26,,,,,,,Clear,clear,0,0,0,0,0,0
2018-08-28 07:00:00,23.3,73.9,19.4,66.9,79.0,0.0,0.0,,,0,North,14.5,9.0,1024.8,30.27,,,,,,,Clear,clear,0,0,0,0,0,0
2018-08-28 08:00:00,25.0,77.0,19.4,66.9,71.0,5.6,3.5,,,0,Variable,14.5,9.0,1024.9,30.27,,,,,,,Partly Cloudy,partlycloudy,0,0,0,0,0,0
2018-08-28 09:00:00,26.1,79.0,18.9,66.0,64.0,0.0,0.0,,,0,North,12.9,8.0,1024.9,30.27,,,,,,,Clear,clear,0,0,0,0,0,0
2018-08-28 10:00:00,27.8,82.0,17.2,63.0,52.0,0.0,0.0,,,0,North,14.5,9.0,1024.8,30.27,,,28.4,83.1,,,Clear,clear,0,0,0,0,0,0
2018-08-28 11:00:00,29.4,84.9,17.8,64.0,49.0,,,,,0,North,14.5,9.0,1024.4,30.25,,,30.1,86.1,,,Scattered Clouds,partlycloudy,0,0,0,0,0,0
2018-08-28 12:00:00,30.6,87.1,17.2,63.0,44.0,5.6,3.5,,,0,Variable,14.5,9.0,1024.0,30.24,,,31.0,87.8,,,Clear,clear,0,0,0,0,0,0
2018-08-28 13:00:00,30.6,87.1,15.6,60.1,40.0,7.4,4.6,,,0,Variable,14.5,9.0,1023.6,30.23,,,30.4,86.7,,,Clear,clear,0,0,0,0,0,0
2018-08-28 14:00:00,30.0,86.0,15.6,60.1,41.0,5.6,3.5,,,0,Variable,14.5,9.0,1022.9,30.21,,,29.8,85.7,,,Clear,clear,0,0,0,0,0,0
2018-08-28 15:00:00,29.4,84.9,15.0,59.0,41.0,5.6,3.5,,,0,Variable,14.5,9.0,1022.4,30.19,,,29.1,84.4,,,Clear,clear,0,0,0,0,0,0
2018-08-28 16:00:00,28.3,82.9,15.6,60.1,46.0,11.1,6.9,,,0,Variable,14.5,9.0,1021.8,30.18,,,28.4,83.2,,,Clear,clear,0,0,0,0,0,0
2018-08-28 17:00:00,27.2,81.0,16.1,61.0,50.0,5.6,3.5,,,0,Variable,14.5,9.0,1021.5,30.17,,,27.6,81.7,,,Clear,clear,0,0,0,0,0,0
2018-08-28 18:00:00,26.1,79.0,16.1,61.0,54.0,9.3,5.8,,,0,Variable,14.5,9.0,1021.2,30.16,,,,,,,Clear,clear,0,0,0,0,0,0
2018-08-28 19:00:00,25.0,77.0,18.3,64.9,66.0,0.0,0.0,,,0,North,16.1,10.0,1021.0,30.15,,,,,,,Clear,clear,0,0,0,0,0,0
2018-08-28 20:00:00,25.0,77.0,17.8,64.0,64.0,,,,,0,North,16.1,10.0,1021.3,30.16,,,,,,,Clear,clear,0,0,0,0,0,0
2018-08-28 21:00:00,24.4,75.9,18.9,66.0,71.0,5.6,3.5,,,0,Variable,16.1,10.0,1021.1,30.16,,,,,,,Clear,clear,0,0,0,0,0,0
2018-08-28 22:00:00,23.9,75.0,18.3,64.9,71.0,0.0,0.0,,,0,North,16.1,10.0,1021.5,30.17,,,,,,,Clear,clear,0,0,0,0,0,0
2018-08-28 23:00:00,23.9,75.0,18.3,64.9,71.0,0.0,0.0,,,0,North,16.1,10.0,1021.8,30.18,,,,,,,Clear,clear,0,0,0,0,0,0
2018-08-29 00:00:00,23.9,75.0,17.8,64.0,69.0,5.6,3.5,,,0,Variable,16.1,10.0,1021.4,30.17,,,,,,,Clear,clear,0,0,0,0,0,0
2018-08-29 01:00:00,23.9,75.0,17.8,64.0,69.0,7.4,4.6,,,0,Variable,16.1,10.0,1021.0,30.15,,,,,,,Scattered Clouds,partlycloudy,0,0,0,0,0,0
2018-08-29 02:00:00,23.9,75.0,16.7,62.1,64.0,5.6,3.5,,,250,WSW,16.1,10.0,1020.7,30.14,,,,,,,Scattered Clouds,partlycloudy,0,0,0,0,0,0
2018-08-29 03:00:00,23.9,75.0,16.1,61.0,62.0,7.4,4.6,,,240,WSW,16.1,10.0,1020.0,30.12,,,,,,,Mostly Cloudy,mostlycloudy,0,0,0,0,0,0
2018-08-29 04:00:00,23.9,75.0,17.8,64.0,69.0,9.3,5.8,,,0,Variable,16.1,10.0,1019.7,30.12,,,,,,,Mostly Cloudy,mostlycloudy,0,0,0,0,0,0
2018-08-29 05:00:00,23.3,73.9,18.3,64.9,73.0,5.6,3.5,,,0,Variable,16.1,10.0,1019.5,30.11,,,,,,,Partly Cloudy,partlycloudy,0,0,0,0,0,0
2018-08-29 06:00:00,23.3,73.9,17.8,64.0,71.0,7.4,4.6,,,250,WSW,14.5,9.0,1019.8,30.12,,,,,,,Clear,clear,0,0,0,0,0,0
2018-08-29 07:00:00,23.9,75.0,17.8,64.0,69.0,7.4,4.6,,,0,Variable,12.9,8.0,1019.9,30.12,,,,,,,Clear,clear,0,0,0,0,0,0
2018-08-29 08:00:00,25.0,77.0,17.8,64.0,64.0,7.4,4.6,,,290,WNW,12.9,8.0,1019.7,30.12,,,,,,,Clear,clear,0,0,0,0,0,0
2018-08-29 09:00:00,26.1,79.0,18.9,66.0,64.0,7.4,4.6,,,0,Variable,12.9,8.0,1019.8,30.12,,,,,,,Partly Cloudy,partlycloudy,0,0,0,0,0,0
2018-08-29 10:00:00,29.4,84.9,19.4,66.9,55.0,9.3,5.8,,,0,Variable,12.9,8.0,1019.6,30.11,,,30.9,87.6,,,Clear,clear,0,0,0,0,0,0
2018-08-29 11:00:00,31.1,88.0,18.3,64.9,46.0,5.6,3.5,,,0,Variable,12.9,8.0,1019.3,30.1,,,32.0,89.6,,,Clear,clear,0,0,0,0,0,0
2018-08-29 12:00:00,31.7,89.1,17.2,63.0,42.0,13.0,8.1,,,310,NW,14.5,9.0,1019.1,30.1,,,32.2,90.0,,,Clear,clear,0,0,0,0,0,0
2018-08-29 13:00:00,32.2,90.0,14.4,57.9,34.0,11.1,6.9,,,300,WNW,14.5,9.0,1018.6,30.08,,,31.6,88.8,,,Clear,clear,0,0,0,0,0,0
2018-08-29 14:00:00,31.7,89.1,15.0,59.0,36.0,9.3,5.8,,,0,Variable,,,1018.5,30.08,,,31.2,88.2,,,Clear,clear,0,0,0,0,0,0
2018-08-29 15:00:00,32.2,90.0,13.9,57.0,33.0,11.1,6.9,,,0,Variable,,,1018.0,30.06,,,31.4,88.6,,,Clear,clear,0,0,0,0,0,0
2018-08-29 16:00:00,31.1,88.0,15.0,59.0,37.0,7.4,4.6,,,0,Variable,16.1,10.0,1017.8,30.06,,,30.6,87.1,,,Clear,clear,0,0,0,0,0,0
2018-08-29 17:00:00,31.1,88.0,13.9,57.0,35.0,9.3,5.8,,,360,North,16.1,10.0,1018.1,30.07,,,30.4,86.7,,,Clear,clear,0,0,0,0,0,0
2018-08-29 18:00:00,30.0,86.0,13.9,57.0,37.0,9.3,5.8,,,0,Variable,16.1,10.0,1018.4,30.08,,,29.4,84.9,,,Clear,clear,0,0,0,0,0,0
2018-08-29 19:00:00,28.9,84.0,13.9,57.0,40.0,5.6,3.5,,,0,Variable,16.1,10.0,1019.0,30.09,,,28.5,83.3,,,Clear,clear,0,0,0,0,0,0
2018-08-29 20:00:00,27.2,81.0,14.4,57.9,45.0,7.4,4.6,,,0,Variable,16.1,10.0,1019.8,30.12,,,27.3,81.1,,,Clear,clear,0,0,0,0,0,0
2018-08-29 21:00:00,26.7,80.1,13.9,57.0,45.0,13.0,8.1,,,30,NNE,16.1,10.0,1020.1,30.13,,,26.9,80.4,,,Clear,clear,0,0,0,0,0,0
2018-08-29 22:00:00,26.1,79.0,12.8,55.0,44.0,16.7,10.4,,,50,NE,16.1,10.0,1020.3,30.13,,,,,,,Clear,clear,0,0,0,0,0,0
2018-08-29 23:00:00,25.6,78.1,12.8,55.0,45.0,9.3,5.8,,,0,Variable,16.1,10.0,1020.3,30.13,,,,,,,Clear,clear,0,0,0,0,0,0
2018-08-30 00:00:00,24.4,75.9,12.8,55.0,48.0,5.6,3.5,,,0,Variable,16.1,10.0,1020.7,30.14,,,,,,,Clear,clear,0,0,0,0,0,0
2018-08-30 01:00:00,23.9,75.0,12.8,55.0,50.0,13.0,8.1,,,50,NE,16.1,10.0,1020.6,30.14,,,,,,,Clear,clear,0,0,0,0,0,0
2018-08-30 02:00:00,23.3,73.9,12.8,55.0,52.0,13.0,8.1,,,80,East,16.1,10.0,1020.6,30.14,,,,,,,Clear,clear,0,0,0,0,0,0
2018-08-30 03:00:00,22.2,72.0,13.3,55.9,57.0,5.6,3.5,,,70,ENE,16.1,10.0,1020.7,30.14,,,,,,,Partly Cloudy,partlycloudy,0,0,0,0,0,0
2018-08-30 04:00:00,22.2,72.0,13.3,55.9,57.0,11.1,6.9,,,70,ENE,16.1,10.0,1021.1,30.16,,,,,,,Mostly Cloudy,mostlycloudy,0,0,0,0,0,0
2018-08-30 05:00:00,21.7,71.1,13.9,57.0,61.0,11.1,6.9,,,70,ENE,16.1,10.0,1021.0,30.15,,,,,,,Partly Cloudy,partlycloudy,0,0,0,0,0,0
2018-08-30 06:00:00,21.1,70.0,14.4,57.9,65.0,0.0,0.0,,,0,North,16.1,10.0,1021.5,30.17,,,,,,,Clear,clear,0,0,0,0,0,0
2018-08-30 07:00:00,22.2,72.0,15.0,59.0,64.0,11.1,6.9,,,110,ESE,16.1,10.0,1021.3,30.16,,,,,,,Clear,clear,0,0,0,0,0,0
2018-08-30 08:00:00,22.8,73.0,15.0,59.0,61.0,0.0,0.0,,,0,North,16.1,10.0,1021.7,30.17,,,,,,,Clear,clear,0,0,0,0,0,0
2018-08-30 09:00:00,24.4,75.9,15.6,60.1,58.0,7.4,4.6,,,80,East,16.1,10.0,1021.6,30.17,,,,,,,Clear,clear,0,0,0,0,0,0
2018-08-30 10:00:00,25.6,78.1,15.6,60.1,54.0,5.6,3.5,,,70,ENE,16.1,10.0,1021.3,30.16,,,,,,,Clear,clear,0,0,0,0,0,0
2018-08-30 11:00:00,26.1,79.0,16.1,61.0,54.0,0.0,0.0,,,0,North,14.5,9.0,1020.7,30.14,,,,,,,Overcast,cloudy,0,0,0,0,0,0
2018-08-30 12:00:00,26.1,79.0,16.1,61.0,54.0,0.0,0.0,,,0,North,16.1,10.0,1020.3,30.13,,,,,,,Overcast,cloudy,0,0,0,0,0,0
2018-08-30 13:00:00,26.1,79.0,16.1,61.0,54.0,0.0,0.0,,,0,North,14.5,9.0,1019.8,30.12,,,,,,,Overcast,cloudy,0,0,0,0,0,0
2018-08-30 14:00:00,28.9,84.0,15.6,60.1,44.0,9.3,5.8,,,150,SSE,16.1,10.0,1018.7,30.09,,,28.9,84.0,,,Clear,clear,0,0,0,0,0,0
2018-08-30 15:00:00,28.9,84.0,16.1,61.0,46.0,,,,,0,North,14.5,9.0,1017.8,30.06,,,29.1,84.4,,,Clear,clear,0,0,0,0,0,0
2018-08-30 16:00:00,27.8,82.0,16.1,61.0,49.0,5.6,3.5,,,0,Variable,16.1,10.0,1017.7,30.06,,,28.1,82.7,,,Partly Cloudy,partlycloudy,0,0,0,0,0,0
2018-08-30 17:00:00,27.2,81.0,16.1,61.0,50.0,7.4,4.6,,,0,Variable,14.5,9.0,1017.4,30.05,,,27.6,81.7,,,Clear,clear,0,0,0,0,0,0
2018-08-30 18:00:00,25.6,78.1,17.2,63.0,60.0,5.6,3.5,,,0,Variable,14.5,9.0,1017.3,30.04,,,,,,,Clear,clear,0,0,0,0,0,0
2018-08-30 19:00:00,24.4,75.9,18.3,64.9,69.0,0.0,0.0,,,0,North,16.1,10.0,1017.2,30.04,,,,,,,Clear,clear,0,0,0,0,0,0
2018-08-30 20:00:00,24.4,75.9,18.3,64.9,69.0,0.0,0.0,,,0,North,16.1,10.0,1017.6,30.05,,,,,,,Clear,clear,0,0,0,0,0,0
2018-08-30 21:00:00,23.9,75.0,18.9,66.0,73.0,5.6,3.5,,,0,Variable,16.1,10.0,1017.7,30.06,,,,,,,Clear,clear,0,0,0,0,0,0
2018-08-30 22:00:00,24.4,75.9,18.3,64.9,69.0,0.0,0.0,,,0,North,16.1,10.0,1017.8,30.06,,,,,,,Clear,clear,0,0,0,0,0,0
2018-08-30 23:00:00,23.9,75.0,18.3,64.9,71.0,0.0,0.0,,,0,North,16.1,10.0,1017.6,30.05,,,,,,,Clear,clear,0,0,0,0,0,0
2018-08-31 00:00:00,23.9,75.0,20.0,68.0,79.0,7.4,4.6,,,0,Variable,16.1,10.0,1017.4,30.05,,,,,,,Clear,clear,0,0,0,0,0,0
2018-08-31 01:00:00,23.3,73.9,20.0,68.0,82.0,0.0,0.0,,,0,North,14.5,9.0,1017.2,30.04,,,,,,,Partly Cloudy,partlycloudy,0,0,0,0,0,0
2018-08-31 02:00:00,23.9,75.0,20.6,69.1,82.0,,,,,0,North,14.5,9.0,1017.2,30.04,,,,,,,Partly Cloudy,partlycloudy,0,0,0,0,0,0
2018-08-31 03:00:00,23.9,75.0,21.1,70.0,84.0,0.0,0.0,,,0,North,12.9,8.0,1016.5,30.02,,,,,,,Mostly Cloudy,mostlycloudy,0,0,0,0,0,0
2018-08-31 04:00:00,23.9,75.0,21.1,70.0,84.0,7.4,4.6,,,0,Variable,12.9,8.0,1016.2,30.01,,,,,,,Mostly Cloudy,mostlycloudy,0,0,0,0,0,0
2018-08-31 05:00:00,23.9,75.0,20.6,69.1,82.0,5.6,3.5,,,0,Variable,11.3,7.0,1016.1,30.01,,,,,,,Mostly Cloudy,mostlycloudy,0,0,0,0,0,0
2018-08-31 06:00:00,23.9,75.0,20.6,69.1,82.0,7.4,4.6,,,0,Variable,11.3,7.0,1016.3,30.01,,,,,,,Mostly Cloudy,mostlycloudy,0,0,0,0,0,0
2018-08-31 07:00:00,24.4,75.9,20.6,69.1,79.0,5.6,3.5,,,0,Variable,11.3,7.0,1016.1,30.01,,,,,,,Overcast,cloudy,0,0,0,0,0,0
2018-08-31 08:00:00,24.4,75.9,20.0,68.0,76.0,9.3,5.8,,,0,Variable,11.3,7.0,1015.9,30.0,,,,,,,Partly Cloudy,partlycloudy,0,0,0,0,0,0
2018-08-31 09:00:00,25.6,78.1,20.0,68.0,71.0,0.0,0.0,,,0,North,8.0,5.0,1015.7,30.0,,,,,,,Haze,hazy,0,0,0,0,0,0
2018-08-31 10:00:00,27.8,82.0,20.0,68.0,62.0,0.0,0.0,,,0,North,11.3,7.0,1015.2,29.98,,,29.4,84.9,,,Clear,clear,0,0,0,0,0,0
2018-08-31 11:00:00,29.4,84.9,19.4,66.9,55.0,,,,,0,North,11.3,7.0,1014.6,29.96,,,30.9,87.6,,,Clear,clear,0,0,0,0,0,0
2018-08-31 12:00:00,30.0,86.0,17.2,63.0,46.0,0.0,0.0,,,0,North,12.9,8.0,1014.0,29.95,,,30.5,86.8,,,Clear,clear,0,0,0,0,0,0
2018-08-31 13:00:00,30.6,87.1,16.7,62.1,43.0,0.0,0.0,,,0,North,14.5,9.0,1013.3,29.93,,,30.8,87.5,,,Clear,clear,0,0,0,0,0,0
2018-08-31 14:00:00,31.1,88.0,16.7,62.1,42.0,7.4,4.6,,,0,Variable,14.5,9.0,1012.7,29.91,,,31.3,88.4,,,Clear,clear,0,0,0,0,0,0
2018-08-31 15:00:00,29.4,84.9,16.1,61.0,44.0,13.0,8.1,,,250,WSW,14.5,9.0,1012.3,29.9,,,29.4,85.0,,,Scattered Clouds,partlycloudy,0,0,0,0,0,0
2018-08-31 16:00:00,30.0,86.0,16.7,62.1,44.0,5.6,3.5,,,160,SSE,14.5,9.0,1011.8,29.88,,,30.2,86.3,,,Clear,clear,0,0,0,0,0,0
2018-08-31 17:00:00,27.2,81.0,19.4,66.9,62.0,11.1,6.9,,,0,Variable,12.9,8.0,1011.6,29.88,,,28.5,83.3,,,Clear,clear,0,0,0,0,0,0
2018-08-31 18:00:00,26.7,80.1,18.9,66.0,62.0,9.3,5.8,,,0,Variable,12.9,8.0,1011.6,29.88,,,27.8,82.1,,,Clear,clear,0,0,0,0,0,0
2018-08-31 19:00:00,26.1,79.0,18.3,64.9,62.0,5.6,3.5,,,0,Variable,16.1,10.0,1011.8,29.88,,,,,,,Partly Cloudy,partlycloudy,0,0,0,0,0,0
2018-08-31 20:00:00,26.7,80.1,18.9,66.0,62.0,0.0,0.0,,,0,North,16.1,10.0,1011.9,29.88,,,27.8,82.1,,,Scattered Clouds,partlycloudy,0,0,0,0,0,0
2018-08-31 21:00:00,26.1,79.0,18.9,66.0,64.0,,,,,0,North,16.1,10.0,1012.0,29.89,,,,,,,Scattered Clouds,partlycloudy,0,0,0,0,0,0
2018-08-31 22:00:00,26.1,79.0,18.9,66.0,64.0,14.8,9.2,,,220,SW,16.1,10.0,1011.8,29.88,,,,,,,Clear,clear,0,0,0,0,0,0
2018-08-31 23:00:00,25.6,78.1,18.3,64.9,64.0,0.0,0.0,,,0,North,16.1,10.0,1011.4,29.87,,,,,,,Clear,clear,0,0,0,0,0,0
