2018-04-01 01:00:00,2.2,36.0,-5.0,23.0,59.0,9.3,5.8,,,0,Variable,16.1,10.0,1011.9,29.88,-0.5,31.1,,,,,Overcast,cloudy,0,0,0,0,0,0
2018-04-01 02:00:00,1.7,35.1,-7.2,19.0,52.0,5.6,3.5,,,0,Variable,16.1,10.0,1012.3,29.9,0.1,32.2,,,,,Overcast,cloudy,0,0,0,0,0,0
2018-04-01 03:00:00,1.1,34.0,-8.3,17.1,50.0,7.4,4.6,,,0,Variable,16.1,10.0,1012.1,29.89,-1.2,29.8,,,,,Overcast,cloudy,0,0,0,0,0,0
2018-04-01 04:00:00,0.6,33.1,-9.4,15.1,48.0,14.8,9.2,31.5,19.6,310,NW,16.1,10.0,1012.4,29.9,-3.6,25.5,,,,,Overcast,cloudy,0,0,0,0,0,0
2018-04-01 05:00:00,-0.6,30.9,-9.4,15.1,52.0,16.7,10.4,33.3,20.7,310,NW,16.1,10.0,1013.6,29.94,-5.4,22.2,,,,,Partly Cloudy,partlycloudy,0,0,0,0,0,0
2018-04-01 06:00:00,-1.1,30.0,-10.0,14.0,51.0,18.5,11.5,33.3,20.7,310,NW,16.1,10.0,1014.6,29.96,-6.4,20.5,,,,,Mostly Cloudy,mostlycloudy,0,0,0,0,0,0
2018-04-01 07:00:00,-1.7,28.9,-10.6,12.9,51.0,11.1,6.9,,,0,Variable,16.1,10.0,1015.2,29.98,-5.6,21.9,,,,,Overcast,cloudy,0,0,0,0,0,0
2018-04-01 08:00:00,-1.7,28.9,-10.6,12.9,51.0,11.1,6.9,,,0,Variable,16.1,10.0,1016.2,30.01,-5.6,21.9,,,,,Overcast,cloudy,0,0,0,0,0,0
2018-04-01 09:00:00,-2.2,28.0,-13.3,8.1,43.0,7.4,4.6,,,0,Variable,16.1,10.0,1017.1,30.04,-5.1,22.8,,,,,Partly Cloudy,partlycloudy,0,0,0,0,0,0
2018-04-01 10:00:00,-2.2,28.0,-13.3,8.1,43.0,18.5,11.5,31.5,19.6,300,WNW,16.1,10.0,1017.0,30.04,-7.7,18.1,,,,,Clear,clear,0,0,0,0,0,0
2018-04-01 11:00:00,-2.2,28.0,-15.0,5.0,38.0,14.8,9.2,,,320,NW,16.1,10.0,1016.6,30.02,-7.1,19.3,,,,,Clear,clear,0,0,0,0,0,0
2018-04-01 12:00:00,-1.1,30.0,-16.7,1.9,30.0,,,,,0,North,16.1,10.0,1016.3,30.01,,,,,,,Clear,clear,0,0,0,0,0,0
2018-04-01 13:00:00,-2.2,28.0,-17.2,1.0,31.0,7.4,4.6,37.0,23.0,0,Variable,16.1,10.0,1016.6,30.02,-5.1,22.8,,,,,Clear,clear,0,0,0,0,0,0
2018-04-01 14:00:00,-2.2,28.0,-17.8,0.0,30.0,9.3,5.8,31.5,19.6,0,Variable,16.1,10.0,1017.5,30.05,-5.7,21.7,,,,,Clear,clear,0,0,0,0,0,0
2018-04-01 15:00:00,-3.3,26.1,-15.0,5.0,41.0,18.5,11.5,33.3,20.7,40,NE,16.1,10.0,1018.7,30.09,-9.1,15.6,,,,,Clear,clear,0,0,0,0,0,0
2018-04-01 16:00:00,-5.0,23.0,-15.6,3.9,44.0,18.5,11.5,35.2,21.9,30,NNE,16.1,10.0,1020.4,30.14,-11.3,11.7,,,,,Clear,clear,0,0,0,0,0,0
2018-04-01 17:00:00,-6.1,21.0,-16.1,3.0,46.0,20.4,12.7,40.7,25.3,20,NNE,16.1,10.0,1022.0,30.18,-13.0,8.6,,,,,Clear,clear,0,0,0,0,0,0
2018-04-01 18:00:00,-6.7,19.9,-17.2,1.0,44.0,,,,,0,North,16.1,10.0,1023.6,30.23,,,,,,,Clear,clear,0,0,0,0,0,0
2018-04-01 19:00:00,-7.2,19.0,-16.7,1.9,47.0,20.4,12.7,38.9,24.2,10,North,16.1,10.0,1024.8,30.27,-14.4,6.1,,,,,Overcast,cloudy,0,0,0,0,0,0
2018-04-01 20:00:00,-7.8,18.0,-16.7,1.9,50.0,16.7,10.4,40.7,25.3,360,North,16.1,10.0,1025.7,30.29,-14.4,6.1,,,,,Partly Cloudy,partlycloudy,0,0,0,0,0,0
2018-04-01 21:00:00,-8.3,17.1,-17.8,0.0,47.0,14.8,9.2,33.3,20.7,350,North,16.1,10.0,1026.5,30.32,-14.6,5.8,,,,,Clear,clear,0,0,0,0,0,0
2018-04-01 22:00:00,-7.8,18.0,-16.7,1.9,50.0,16.7,10.4,40.7,25.3,360,North,16.1,10.0,1025.7,30.29,-14.4,6.1,,,,,Partly Cloudy,partlycloudy,0,0,0,0,0,0
2018-04-01 23:00:00,-8.3,17.1,-17.8,0.0,47.0,14.8,9.2,33.3,20.7,350,North,16.1,10.0,1026.5,30.32,-14.6,5.8,,,,,Clear,clear,0,0,0,0,0,0
2018-04-02 00:00:00,14.4,57.9,11.7,53.1,84.0,0.0,0.0,,,0,North,16.1,10.0,1012.2,29.89,,,,,,,Overcast,cloudy,0,0,0,0,0,0
2018-04-02 01:00:00,14.4,57.9,11.7,53.1,84.0,5.6,3.5,,,220,SW,16.1,10.0,1012.1,29.89,,,,,,,Overcast,cloudy,0,0,0,0,0,0
2018-04-02 02:00:00,14.4,57.9,11.7,53.1,84.0,7.4,4.6,,,0,Variable,16.1,10.0,1011.8,29.88,,,,,,,Overcast,cloudy,0,0,0,0,0,0
2018-04-02 03:00:00,14.4,57.9,12.2,54.0,87.0,11.1,6.9,25.9,16.1,220,SW,16.1,10.0,1011.3,29.87,,,,,,,Overcast,cloudy,0,0,0,0,0,0
2018-04-02 04:00:00,14.4,57.9,12.8,55.0,90.0,11.1,6.9,,,0,Variable,16.1,10.0,1010.9,29.86,,,,,,,Overcast,cloudy,0,0,0,0,0,0
2018-04-02 05:00:00,13.9,57.0,12.8,55.0,93.0,9.3,5.8,,,250,WSW,8.0,5.0,1011.3,29.87,,,,,,,Overcast,cloudy,0,0,0,0,0,0
2018-04-02 06:00:00,13.3,55.9,12.2,54.0,93.0,5.6,3.5,,,280,West,6.4,4.0,1011.9,29.88,,,,,,,Overcast,cloudy,0,0,0,0,0,0
2018-04-02 07:00:00,12.2,54.0,10.0,50.0,86.0,13.0,8.1,29.6,18.4,310,NW,14.5,9.0,1014.0,29.95,,,,,,,Overcast,cloudy,0,0,0,0,0,0
2018-04-02 08:00:00,11.1,52.0,6.1,43.0,71.0,7.4,4.6,29.6,18.4,0,Variable,16.1,10.0,1015.1,29.98,,,,,,,Overcast,cloudy,0,0,0,0,0,0
2018-04-02 09:00:00,11.1,52.0,2.2,36.0,54.0,5.6,3.5,,,0,Variable,16.1,10.0,1016.3,30.01,,,,,,,Overcast,cloudy,0,0,0,0,0,0
2018-04-02 10:00:00,11.1,52.0,1.1,34.0,50.0,16.7,10.4,31.5,19.6,310,NW,16.1,10.0,1016.4,30.02,,,,,,,Mostly Cloudy,mostlycloudy,0,0,0,0,0,0
2018-04-02 11:00:00,11.7,53.1,1.1,34.0,48.0,11.1,6.9,,,0,Variable,16.1,10.0,1016.0,30.01,,,,,,,Mostly Cloudy,mostlycloudy,0,0,0,0,0,0
2018-04-02 12:00:00,11.1,52.0,0.6,33.1,49.0,5.6,3.5,,,0,Variable,16.1,10.0,1015.8,30.0,,,,,,,Overcast,cloudy,0,0,0,0,0,0
2018-04-02 13:00:00,10.6,51.1,-0.6,30.9,46.0,14.8,9.2,,,310,NW,16.1,10.0,1016.1,30.01,,,,,,,Overcast,cloudy,0,0,0,0,0,0
2018-04-02 14:00:00,10.6,51.1,0.0,32.0,48.0,0.0,0.0,,,0,North,16.1,10.0,1015.8,30.0,,,,,,,Mostly Cloudy,mostlycloudy,0,0,0,0,0,0
2018-04-02 15:00:00,10.6,51.1,-0.6,30.9,46.0,13.0,8.1,,,360,North,16.1,10.0,1016.3,30.01,,,,,,,Overcast,cloudy,0,0,0,0,0,0
2018-04-02 16:00:00,10.0,50.0,-1.7,28.9,44.0,0.0,0.0,,,0,North,16.1,10.0,1016.8,30.03,,,,,,,Overcast,cloudy,0,0,0,0,0,0
2018-04-02 17:00:00,10.0,50.0,-2.2,28.0,43.0,7.4,4.6,,,300,WNW,16.1,10.0,1017.8,30.06,,,,,,,Overcast,cloudy,0,0,0,0,0,0
2018-04-02 18:00:00,9.4,48.9,-2.2,28.0,44.0,5.6,3.5,,,0,Variable,16.1,10.0,1018.2,30.07,,,,,,,Overcast,cloudy,0,0,0,0,0,0
2018-04-02 19:00:00,9.4,48.9,-2.2,28.0,44.0,0.0,0.0,,,0,North,16.1,10.0,1017.7,30.06,,,,,,,Overcast,cloudy,0,0,0,0,0,0
2018-04-02 20:00:00,8.3,46.9,-1.1,30.0,52.0,14.8,9.2,29.6,18.4,10,North,16.1,10.0,1018.2,30.07,,,,,0.0,0.0,Light Rain,rain,0,1,0,0,0,0
2018-04-02 21:00:00,7.8,46.0,-1.7,28.9,51.0,14.8,9.2,,,50,NE,16.1,10.0,1018.5,30.08,5.2,41.4,,,0.0,0.0,Overcast,cloudy,0,0,0,0,0,0
2018-04-02 22:00:00,6.7,44.1,-2.2,28.0,53.0,18.5,11.5,33.3,20.7,30,NNE,16.1,10.0,1017.9,30.06,3.4,38.1,,,0.0,0.0,Light Rain,rain,0,1,0,0,0,0
2018-04-02 23:00:00,6.7,44.1,-3.3,26.1,49.0,20.4,12.7,31.5,19.6,20,NNE,16.1,10.0,1017.8,30.06,3.2,37.7,,,0.0,0.0,Overcast,cloudy,0,0,0,0,0,0
2018-04-03 00:00:00,0.6,33.1,-6.7,19.9,59.0,0.0,0.0,,,0,North,11.3,7.0,1021.5,30.17,,,,,,,Overcast,cloudy,0,0,0,0,0,0
2018-04-03 01:00:00,0.0,32.0,-3.9,25.0,75.0,0.0,0.0,,,0,North,6.4,4.0,1021.1,30.16,,,,,,,Haze,hazy,0,0,0,0,0,0
2018-04-03 02:00:00,-0.6,30.9,-3.3,26.1,82.0,7.4,4.6,,,10,North,1.6,1.0,1020.8,30.15,-3.2,26.2,,,0.3,0.01,Light Snow,snow,0,0,1,0,0,0
2018-04-03 03:00:00,-0.6,30.9,-3.3,26.1,82.0,14.8,9.2,,,70,ENE,4.0,2.5,1020.2,30.13,-5.1,22.8,,,0.5,0.02,Light Snow,snow,0,0,1,0,0,0
2018-04-03 04:00:00,-0.6,30.9,-3.3,26.1,82.0,14.8,9.2,,,70,ENE,4.0,2.5,1020.2,30.13,-5.1,22.8,,,0.5,0.02,Light Snow,snow,0,0,1,0,0,0
2018-04-03 05:00:00,-1.1,30.0,-3.9,25.0,82.0,20.4,12.7,29.6,18.4,60,ENE,4.0,2.5,1019.9,30.12,-6.7,20.0,,,0.3,0.01,Light Snow,snow,0,0,1,0,0,0
2018-04-03 06:00:00,-1.1,30.0,-4.4,24.1,79.0,14.8,9.2,,,50,NE,2.4,1.5,1020.6,30.14,-5.7,21.7,,,0.0,0.0,Light Snow,snow,0,0,1,0,0,0
2018-04-03 07:00:00,-0.6,30.9,-3.9,25.0,79.0,11.1,6.9,,,70,ENE,1.6,1.0,1020.8,30.15,-4.3,24.3,,,0.0,0.0,Light Snow,snow,0,0,1,0,0,0
2018-04-03 08:00:00,-1.1,30.0,-3.9,25.0,82.0,20.4,12.7,29.6,18.4,70,ENE,1.2,0.8,1020.6,30.14,-6.7,20.0,,,0.5,0.02,Light Snow,snow,0,0,1,0,0,0
2018-04-03 09:00:00,-1.1,30.0,-3.9,25.0,82.0,20.4,12.7,33.3,20.7,50,NE,1.2,0.8,1020.1,30.13,-6.7,20.0,,,0.3,0.01,Light Snow,snow,0,0,1,0,0,0
2018-04-03 10:00:00,-1.1,30.0,-3.9,25.0,82.0,18.5,11.5,31.5,19.6,40,NE,1.2,0.8,1019.5,30.11,-6.4,20.5,,,0.3,0.01,Light Snow,snow,0,0,1,0,0,0
2018-04-03 11:00:00,0.0,32.0,-3.9,25.0,75.0,16.7,10.4,35.2,21.9,50,NE,16.1,10.0,1018.8,30.09,-4.7,23.6,,,0.0,0.0,Overcast,cloudy,0,0,0,0,0,0
2018-04-03 12:00:00,1.1,34.0,-4.4,24.1,67.0,18.5,11.5,29.6,18.4,50,NE,16.1,10.0,1017.6,30.05,-3.6,25.5,,,,,Overcast,cloudy,0,0,0,0,0,0
2018-04-03 13:00:00,1.7,35.1,-5.0,23.0,61.0,13.0,8.1,29.6,18.4,20,NNE,16.1,10.0,1016.8,30.03,-1.9,28.6,,,,,Overcast,cloudy,0,0,0,0,0,0
2018-04-03 14:00:00,2.8,37.0,-6.1,21.0,52.0,16.7,10.4,31.5,19.6,40,NE,16.1,10.0,1016.3,30.01,-1.2,29.8,,,,,Overcast,cloudy,0,0,0,0,0,0
2018-04-03 15:00:00,3.9,39.0,-6.1,21.0,49.0,16.7,10.4,31.5,19.6,20,NNE,16.1,10.0,1015.8,30.0,0.2,32.3,,,,,Clear,clear,0,0,0,0,0,0
2018-04-03 16:00:00,3.9,39.0,-7.2,19.0,45.0,18.5,11.5,31.5,19.6,40,NE,16.1,10.0,1015.9,30.0,-0.1,31.8,,,,,Clear,clear,0,0,0,0,0,0
2018-04-03 17:00:00,3.3,37.9,-7.8,18.0,45.0,16.7,10.4,27.8,17.3,360,North,16.1,10.0,1016.1,30.01,-0.6,30.9,,,,,Clear,clear,0,0,0,0,0,0
2018-04-03 18:00:00,2.8,37.0,-8.3,17.1,44.0,13.0,8.1,,,10,North,16.1,10.0,1016.6,30.02,-0.6,31.0,,,,,Clear,clear,0,0,0,0,0,0
2018-04-03 19:00:00,2.2,36.0,-8.9,16.0,44.0,14.8,9.2,,,20,NNE,16.1,10.0,1017.0,30.04,-1.6,29.0,,,,,Clear,clear,0,0,0,0,0,0
2018-04-03 20:00:00,1.7,35.1,-8.3,17.1,48.0,11.1,6.9,,,0,Variable,16.1,10.0,1017.5,30.05,-1.5,29.3,,,,,Clear,clear,0,0,0,0,0,0
2018-04-03 21:00:00,1.1,34.0,-9.4,15.1,46.0,16.7,10.4,31.5,19.6,20,NNE,16.1,10.0,1018.1,30.07,-3.3,26.0,,,,,Clear,clear,0,0,0,0,0,0
2018-04-03 22:00:00,1.1,34.0,-10.0,14.0,44.0,14.8,9.2,,,20,NNE,16.1,10.0,1018.7,30.09,-3.0,26.6,,,,,Clear,clear,0,0,0,0,0,0
2018-04-03 23:00:00,0.6,33.1,-9.4,15.1,48.0,13.0,8.1,,,350,North,16.1,10.0,1019.2,30.1,-3.3,26.1,,,,,Clear,clear,0,0,0,0,0,0
2018-04-04 01:00:00,2.8,37.0,-9.4,15.1,41.0,11.1,6.9,,,60,ENE,16.1,10.0,1017.1,30.04,-0.2,31.6,,,,,Overcast,cloudy,0,0,0,0,0,0
2018-04-04 02:00:00,2.2,36.0,-10.0,14.0,41.0,11.1,6.9,,,0,Variable,16.1,10.0,1016.2,30.01,-0.9,30.3,,,,,Overcast,cloudy,0,0,0,0,0,0
2018-04-04 03:00:00,2.2,36.0,-9.4,15.1,43.0,13.0,8.1,25.9,16.1,110,ESE,16.1,10.0,1015.5,29.99,-1.3,29.6,,,,,Mostly Cloudy,mostlycloudy,0,0,0,0,0,0
2018-04-04 04:00:00,2.8,37.0,-7.8,18.0,46.0,14.8,9.2,,,110,ESE,16.1,10.0,1014.5,29.96,-0.9,30.4,,,,,Overcast,cloudy,0,0,0,0,0,0
2018-04-04 05:00:00,3.3,37.9,-6.1,21.0,51.0,11.1,6.9,,,0,Variable,16.1,10.0,1013.6,29.94,0.4,32.7,,,,,Overcast,cloudy,0,0,0,0,0,0
2018-04-04 06:00:00,2.8,37.0,-4.4,24.1,59.0,9.3,5.8,,,0,Variable,6.4,4.0,1013.2,29.92,0.2,32.4,,,0.3,0.01,Light Snow,snow,0,0,1,0,0,0
2018-04-04 07:00:00,3.9,39.0,-0.6,30.9,73.0,7.4,4.6,,,60,ENE,14.5,9.0,1012.7,29.91,2.0,35.7,,,0.0,0.0,Light Rain,rain,0,1,0,0,0,0
2018-04-04 08:00:00,3.9,39.0,0.6,33.1,79.0,9.3,5.8,,,0,Variable,16.1,10.0,1011.5,29.87,1.5,34.8,,,0.5,0.02,Light Rain,rain,0,1,0,0,0,0
2018-04-04 09:00:00,,,,,,,,,,0,North,,,,,,,,,,,Unknown,unknown,0,0,0,0,0,0
2018-04-04 09:00:00,4.4,39.9,1.1,34.0,79.0,0.0,0.0,,,0,North,8.0,5.0,1010.8,29.85,,,,,0.5,0.02,Light Rain,rain,0,1,0,0,0,0
2018-04-04 10:00:00,6.1,43.0,2.0,35.6,75.0,5.6,3.5,,,40,NE,14.5,9.0,1010.1,29.83,5.2,41.3,,,1.8,0.07,Mostly Cloudy,mostlycloudy,0,0,0,0,0,0
2018-04-04 11:00:00,6.1,43.0,3.3,37.9,82.0,7.4,4.6,,,30,NNE,6.4,4.0,1009.8,29.82,4.6,40.3,,,0.5,0.02,Light Rain,rain,0,1,0,0,0,0
2018-04-04 12:00:00,6.1,43.0,4.4,39.9,89.0,7.4,4.6,,,0,Variable,6.4,4.0,1009.4,29.81,4.6,40.3,,,0.8,0.03,Light Rain,rain,0,1,0,0,0,0
2018-04-04 13:00:00,6.1,43.0,4.4,39.9,89.0,7.4,4.6,,,40,NE,8.0,5.0,1009.0,29.8,4.6,40.3,,,3.8,0.15,Light Rain,rain,0,1,0,0,0,0
2018-04-04 14:00:00,6.7,44.1,5.0,41.0,89.0,7.4,4.6,,,40,NE,2.4,1.5,1009.3,29.81,5.3,41.5,,,2.8,0.11,Rain,rain,0,1,0,0,0,0
2018-04-04 15:00:00,6.7,44.1,5.0,41.0,89.0,9.3,5.8,,,50,NE,3.2,2.0,1008.9,29.8,4.9,40.8,,,1.5,0.06,Light Rain,rain,0,1,0,0,0,0
2018-04-04 16:00:00,5.0,41.0,3.3,37.9,89.0,11.1,6.9,,,60,ENE,4.0,2.5,1009.6,29.82,2.5,36.4,,,1.5,0.06,Rain,rain,0,1,0,0,0,0
2018-04-04 17:00:00,3.9,39.0,2.2,36.0,89.0,14.8,9.2,25.9,16.1,50,NE,6.4,4.0,1010.4,29.84,0.4,32.8,,,2.0,0.08,Light Rain,rain,0,1,0,0,0,0
2018-04-04 18:00:00,2.2,36.0,0.0,32.0,86.0,20.4,12.7,29.6,18.4,10,North,16.1,10.0,1012.3,29.9,-2.5,27.5,,,0.0,0.0,Overcast,cloudy,0,0,0,0,0,0
2018-04-04 19:00:00,1.1,34.0,-1.1,30.0,85.0,14.8,9.2,,,20,NNE,16.1,10.0,1014.0,29.95,-3.0,26.6,,,0.0,0.0,Overcast,cloudy,0,0,0,0,0,0
2018-04-04 20:00:00,0.6,33.1,-2.8,27.0,78.0,18.5,11.5,33.3,20.7,30,NNE,16.1,10.0,1015.3,29.99,-4.2,24.4,,,,,Overcast,cloudy,0,0,0,0,0,0
2018-04-04 21:00:00,0.6,33.1,-3.3,26.1,75.0,14.8,9.2,27.8,17.3,30,NNE,16.1,10.0,1015.8,30.0,-3.6,25.5,,,,,Overcast,cloudy,0,0,0,0,0,0
2018-04-04 22:00:00,0.0,32.0,-4.4,24.1,73.0,14.8,9.2,31.5,19.6,10,North,16.1,10.0,1017.0,30.04,-4.4,24.2,,,,,Overcast,cloudy,0,0,0,0,0,0
2018-04-04 23:00:00,-0.6,30.9,-5.0,23.0,72.0,9.3,5.8,,,0,Variable,16.1,10.0,1017.8,30.06,-3.8,25.2,,,,,Overcast,cloudy,0,0,0,0,0,0
2018-04-05 00:00:00,10.6,51.1,8.9,48.0,89.0,0.0,0.0,,,0,North,8.0,5.0,1009.8,29.82,,,,,,,Overcast,cloudy,0,0,0,0,0,0
2018-04-05 01:00:00,10.6,51.1,8.9,48.0,89.0,7.4,4.6,,,0,Variable,6.4,4.0,1009.2,29.81,,,,,,,Overcast,cloudy,0,0,0,0,0,0
2018-04-05 02:00:00,10.0,50.0,8.3,46.9,89.0,7.4,4.6,,,90,East,8.0,5.0,1009.3,29.81,,,,,,,Overcast,cloudy,0,0,0,0,0,0
2018-04-05 03:00:00,10.0,50.0,8.3,46.9,89.0,0.0,0.0,,,0,North,11.3,7.0,1009.2,29.81,,,,,,,Overcast,cloudy,0,0,0,0,0,0
2018-04-05 04:00:00,10.0,50.0,7.2,45.0,83.0,9.3,5.8,,,80,East,16.1,10.0,1009.0,29.8,,,,,,,Overcast,cloudy,0,0,0,0,0,0
2018-04-05 05:00:00,10.0,50.0,6.7,44.1,80.0,14.8,9.2,,,60,ENE,16.1,10.0,1009.0,29.8,,,,,,,Overcast,cloudy,0,0,0,0,0,0
2018-04-05 06:00:00,9.4,48.9,7.2,45.0,86.0,11.1,6.9,,,0,Variable,4.8,3.0,1009.4,29.81,,,,,0.3,0.01,Light Rain,rain,0,1,0,0,0,0
2018-04-05 07:00:00,10.0,50.0,7.2,45.0,83.0,11.1,6.9,,,70,ENE,16.1,10.0,1009.5,29.81,,,,,0.0,0.0,Overcast,cloudy,0,0,0,0,0,0
2018-04-05 08:00:00,10.6,51.1,6.7,44.1,77.0,11.1,6.9,,,0,Variable,16.1,10.0,1008.9,29.8,,,,,,,Overcast,cloudy,0,0,0,0,0,0
2018-04-05 09:00:00,10.6,51.1,6.1,43.0,74.0,20.4,12.7,29.6,18.4,60,ENE,16.1,10.0,1008.9,29.8,,,,,,,Overcast,cloudy,0,0,0,0,0,0
2018-04-05 10:00:00,10.6,51.1,6.1,43.0,74.0,22.2,13.8,,,60,ENE,16.1,10.0,1009.0,29.8,,,,,,,Overcast,cloudy,0,0,0,0,0,0
2018-04-05 11:00:00,10.0,50.0,7.2,45.0,83.0,18.5,11.5,29.6,18.4,70,ENE,14.5,9.0,1008.4,29.78,,,,,,,Overcast,cloudy,0,0,0,0,0,0
2018-04-05 12:00:00,10.0,50.0,6.7,44.1,80.0,22.2,13.8,38.9,24.2,70,ENE,16.1,10.0,1007.9,29.77,,,,,,,Overcast,cloudy,0,0,0,0,0,0
2018-04-05 13:00:00,10.0,50.0,6.7,44.1,80.0,13.0,8.1,,,70,ENE,12.9,8.0,1007.6,29.76,,,,,,,Overcast,cloudy,0,0,0,0,0,0
2018-04-05 14:00:00,9.4,48.9,6.7,44.1,83.0,18.5,11.5,,,60,ENE,11.3,7.0,1006.8,29.73,,,,,,,Overcast,cloudy,0,0,0,0,0,0
2018-04-05 15:00:00,10.6,51.1,6.1,43.0,74.0,20.4,12.7,33.3,20.7,70,ENE,16.1,10.0,1006.8,29.73,,,,,,,Overcast,cloudy,0,0,0,0,0,0
2018-04-05 16:00:00,10.0,50.0,7.2,45.0,83.0,11.1,6.9,,,80,East,14.5,9.0,1006.2,29.72,,,,,0.0,0.0,Overcast,cloudy,0,0,0,0,0,0
2018-04-05 17:00:00,10.0,50.0,7.8,46.0,86.0,20.4,12.7,,,70,ENE,14.5,9.0,1006.3,29.72,,,,,0.0,0.0,Overcast,cloudy,0,0,0,0,0,0
2018-04-05 18:00:00,10.0,50.0,8.3,46.9,89.0,7.4,4.6,,,30,NNE,6.4,4.0,1006.8,29.73,,,,,,,Overcast,cloudy,0,0,0,0,0,0
2018-04-05 19:00:00,10.0,50.0,7.8,46.0,86.0,14.8,9.2,,,60,ENE,14.5,9.0,1006.9,29.74,,,,,,,Overcast,cloudy,0,0,0,0,0,0
2018-04-05 20:00:00,10.0,50.0,6.7,44.1,80.0,18.5,11.5,29.6,18.4,50,NE,16.1,10.0,1007.4,29.75,,,,,,,Overcast,cloudy,0,0,0,0,0,0
2018-04-05 21:00:00,10.0,50.0,5.6,42.1,74.0,16.7,10.4,29.6,18.4,50,NE,16.1,10.0,1007.6,29.76,,,,,,,Overcast,cloudy,0,0,0,0,0,0
2018-04-05 22:00:00,9.4,48.9,5.0,41.0,74.0,13.0,8.1,27.8,17.3,50,NE,16.1,10.0,1007.1,29.74,,,,,,,Overcast,cloudy,0,0,0,0,0,0
2018-04-05 23:00:00,9.4,48.9,5.0,41.0,74.0,16.7,10.4,33.3,20.7,50,NE,16.1,10.0,1007.0,29.74,,,,,,,Overcast,cloudy,0,0,0,0,0,0
2018-04-06 00:00:00,19.4,66.9,15.6,60.1,79.0,0.0,0.0,,,0,North,12.9,8.0,1017.0,30.04,,,,,,,Overcast,cloudy,0,0,0,0,0,0
2018-04-06 01:00:00,19.4,66.9,16.1,61.0,81.0,0.0,0.0,,,0,North,12.9,8.0,1016.7,30.03,,,,,,,Overcast,cloudy,0,0,0,0,0,0
2018-04-06 02:00:00,20.0,68.0,16.7,62.1,81.0,0.0,0.0,,,0,North,11.3,7.0,1016.2,30.01,,,,,,,Overcast,cloudy,0,0,0,0,0,0
2018-04-06 03:00:00,20.0,68.0,16.7,62.1,81.0,0.0,0.0,,,0,North,11.3,7.0,1016.3,30.01,,,,,,,Overcast,cloudy,0,0,0,0,0,0
2018-04-06 04:00:00,19.4,66.9,16.7,62.1,84.0,0.0,0.0,,,0,North,11.3,7.0,1016.1,30.01,,,,,,,Overcast,cloudy,0,0,0,0,0,0
2018-04-06 05:00:00,20.0,68.0,17.2,63.0,84.0,0.0,0.0,,,0,North,9.7,6.0,1016.3,30.01,,,,,,,Haze,hazy,0,0,0,0,0,0
2018-04-06 06:00:00,20.6,69.1,17.8,64.0,84.0,5.6,3.5,,,270,West,6.4,4.0,1016.4,30.02,,,,,,,Haze,hazy,0,0,0,0,0,0
2018-04-06 07:00:00,21.1,70.0,17.8,64.0,81.0,7.4,4.6,,,260,West,8.0,5.0,1016.7,30.03,,,,,,,Haze,hazy,0,0,0,0,0,0
2018-04-06 08:00:00,22.2,72.0,17.8,64.0,76.0,5.6,3.5,,,270,West,8.0,5.0,1016.6,30.02,,,,,,,Haze,hazy,0,0,0,0,0,0
2018-04-06 09:00:00,23.3,73.9,17.8,64.0,71.0,9.3,5.8,,,250,WSW,8.0,5.0,1016.3,30.01,,,,,,,Haze,hazy,0,0,0,0,0,0
2018-04-06 10:00:00,23.9,75.0,18.3,64.9,71.0,5.6,3.5,,,0,Variable,9.7,6.0,1016.0,30.01,,,,,,,Haze,hazy,0,0,0,0,0,0
2018-04-06 11:00:00,25.6,78.1,18.9,66.0,66.0,0.0,0.0,,,0,North,9.7,6.0,1015.6,29.99,,,,,,,Haze,hazy,0,0,0,0,0,0
2018-04-06 12:00:00,26.7,80.1,17.8,64.0,58.0,5.6,3.5,,,0,Variable,11.3,7.0,1014.8,29.97,,,27.6,81.7,,,Partly Cloudy,partlycloudy,0,0,0,0,0,0
2018-04-06 13:00:00,27.8,82.0,18.3,64.9,56.0,0.0,0.0,,,0,North,11.3,7.0,1014.3,29.96,,,28.8,83.8,,,Scattered Clouds,partlycloudy,0,0,0,0,0,0
2018-04-06 14:00:00,26.7,80.1,17.8,64.0,58.0,0.0,0.0,,,0,North,9.7,6.0,1014.0,29.95,,,27.6,81.7,,,Haze,hazy,0,0,0,0,0,0
2018-04-06 15:00:00,28.3,82.9,18.3,64.9,54.0,7.4,4.6,,,0,Variable,9.7,6.0,1013.1,29.92,,,29.2,84.6,,,Haze,hazy,0,0,0,0,0,0
2018-04-06 16:00:00,26.1,79.0,17.8,64.0,60.0,9.3,5.8,,,0,Variable,11.3,7.0,1012.9,29.91,,,,,,,Scattered Clouds,partlycloudy,0,0,0,0,0,0
2018-04-06 17:00:00,24.4,75.9,17.2,63.0,64.0,13.0,8.1,,,160,SSE,9.7,6.0,1012.7,29.91,,,,,,,Haze,hazy,0,0,0,0,0,0
2018-04-06 18:00:00,23.9,75.0,17.8,64.0,69.0,0.0,0.0,,,0,North,11.3,7.0,1013.1,29.92,,,,,,,Overcast,cloudy,0,0,0,0,0,0
2018-04-06 19:00:00,20.6,69.1,19.4,66.9,93.0,5.6,3.5,,,0,Variable,4.0,2.5,1013.8,29.94,,,,,4.1,0.16,Overcast,cloudy,0,0,0,0,0,0
2018-04-06 20:00:00,20.6,69.1,19.4,66.9,93.0,5.6,3.5,,,0,Variable,2.4,1.5,1014.8,29.97,,,,,0.3,0.01,Rain,rain,0,1,0,0,0,0
2018-04-06 20:00:00,19.4,66.9,18.3,64.9,93.0,9.3,5.8,,,0,Variable,4.8,3.0,1013.8,29.94,,,,,6.1,0.24,Light Rain,rain,0,1,0,0,0,0
2018-04-06 21:00:00,20.0,68.0,18.3,64.9,90.0,7.4,4.6,,,80,East,6.4,4.0,1014.3,29.96,,,,,0.0,0.0,Overcast,cloudy,0,0,0,0,0,0
2018-04-06 22:00:00,18.9,66.0,17.2,63.0,90.0,0.0,0.0,,,0,North,9.7,6.0,1013.9,29.94,,,,,,,Overcast,cloudy,0,0,0,0,0,0
2018-04-06 23:00:00,19.4,66.9,17.8,64.0,90.0,5.6,3.5,,,130,SE,9.7,6.0,1013.5,29.93,,,,,,,Overcast,cloudy,0,0,0,0,0,0
2018-04-07 00:00:00,21.7,71.1,14.4,57.9,63.0,5.6,3.5,,,0,Variable,16.1,10.0,1018.4,30.08,,,,,,,Clear,clear,0,0,0,0,0,0
2018-04-07 01:00:00,21.7,71.1,13.9,57.0,61.0,7.4,4.6,,,260,West,16.1,10.0,1018.1,30.07,,,,,,,Clear,clear,0,0,0,0,0,0
2018-04-07 02:00:00,20.6,69.1,13.9,57.0,65.0,7.4,4.6,,,0,Variable,16.1,10.0,1018.2,30.07,,,,,,,Clear,clear,0,0,0,0,0,0
2018-04-07 03:00:00,20.0,68.0,13.9,57.0,68.0,5.6,3.5,,,0,Variable,16.1,10.0,1018.0,30.06,,,,,,,Clear,clear,0,0,0,0,0,0
2018-04-07 04:00:00,19.4,66.9,14.4,57.9,73.0,0.0,0.0,,,0,North,16.1,10.0,1018.0,30.06,,,,,,,Clear,clear,0,0,0,0,0,0
2018-04-07 05:00:00,18.9,66.0,14.4,57.9,75.0,5.6,3.5,,,290,WNW,14.5,9.0,1018.4,30.08,,,,,,,Clear,clear,0,0,0,0,0,0
2018-04-07 06:00:00,20.0,68.0,14.4,57.9,70.0,0.0,0.0,,,0,North,14.5,9.0,1018.7,30.09,,,,,,,Clear,clear,0,0,0,0,0,0
2018-04-07 07:00:00,21.1,70.0,15.0,59.0,68.0,5.6,3.5,,,280,West,14.5,9.0,1018.9,30.09,,,,,,,Clear,clear,0,0,0,0,0,0
2018-04-07 08:00:00,22.8,73.0,14.4,57.9,59.0,7.4,4.6,,,260,West,14.5,9.0,1018.8,30.09,,,,,,,Clear,clear,0,0,0,0,0,0
2018-04-07 09:00:00,23.9,75.0,13.9,57.0,53.0,0.0,0.0,,,0,North,14.5,9.0,1018.7,30.09,,,,,,,Clear,clear,0,0,0,0,0,0
2018-04-07 10:00:00,25.6,78.1,13.3,55.9,46.0,5.6,3.5,,,280,West,16.1,10.0,1018.6,30.08,,,,,,,Clear,clear,0,0,0,0,0,0
2018-04-07 11:00:00,27.2,81.0,12.8,55.0,41.0,9.3,5.8,,,0,Variable,14.5,9.0,1018.2,30.07,,,27.1,80.7,,,Clear,clear,0,0,0,0,0,0
2018-04-07 12:00:00,28.3,82.9,13.3,55.9,39.0,5.6,3.5,,,0,Variable,14.5,9.0,1017.6,30.05,,,27.9,82.1,,,Clear,clear,0,0,0,0,0,0
2018-04-07 13:00:00,27.8,82.0,14.4,57.9,44.0,,,,,0,North,14.5,9.0,1016.9,30.03,,,27.8,82.0,,,Partly Cloudy,partlycloudy,0,0,0,0,0,0
2018-04-07 14:00:00,27.2,81.0,14.4,57.9,45.0,9.3,5.8,,,0,Variable,14.5,9.0,1016.4,30.02,,,27.3,81.1,,,Clear,clear,0,0,0,0,0,0
2018-04-07 15:00:00,25.6,78.1,13.9,57.0,48.0,16.7,10.4,27.8,17.3,180,South,14.5,9.0,1016.3,30.01,,,,,,,Clear,clear,0,0,0,0,0,0
2018-04-07 16:00:00,25.6,78.1,16.1,61.0,56.0,,,,,0,North,14.5,9.0,1015.8,30.0,,,,,,,Scattered Clouds,partlycloudy,0,0,0,0,0,0
2018-04-07 17:00:00,24.4,75.9,17.8,64.0,67.0,9.3,5.8,,,0,Variable,12.9,8.0,1015.2,29.98,,,,,,,Partly Cloudy,partlycloudy,0,0,0,0,0,0
2018-04-07 18:00:00,24.4,75.9,18.9,66.0,71.0,5.6,3.5,,,0,Variable,12.9,8.0,1014.6,29.96,,,,,,,Overcast,cloudy,0,0,0,0,0,0
2018-04-07 19:00:00,24.4,75.9,18.3,64.9,69.0,0.0,0.0,,,0,North,14.5,9.0,1014.6,29.96,,,,,,,Overcast,cloudy,0,0,0,0,0,0
2018-04-07 20:00:00,21.1,70.0,18.9,66.0,87.0,,,,,0,North,2.4,1.5,1014.9,29.97,,,,,0.8,0.03,Heavy Rain,rain,0,1,0,0,0,0
2018-04-07 21:00:00,20.6,69.1,19.4,66.9,93.0,0.0,0.0,,,0,North,9.7,6.0,1014.6,29.96,,,,,2.3,0.09,Light Rain,rain,0,1,0,0,0,0
2018-04-07 22:00:00,20.6,69.1,19.4,66.9,93.0,5.6,3.5,,,200,SSW,4.0,2.5,1013.9,29.94,,,,,0.8,0.03,Overcast,cloudy,0,0,0,0,0,0
2018-04-07 23:00:00,20.6,69.1,19.4,66.9,93.0,5.6,3.5,,,0,Variable,2.4,1.5,1013.0,29.92,,,,,1.8,0.07,Rain,rain,0,1,0,0,0,0
2018-04-08 00:00:00,20.6,69.1,15.0,59.0,70.0,0.0,0.0,,,0,North,16.1,10.0,1021.4,30.17,,,,,,,Clear,clear,0,0,0,0,0,0
2018-04-08 01:00:00,20.6,69.1,15.0,59.0,70.0,0.0,0.0,,,0,North,16.1,10.0,1021.0,30.15,,,,,,,Clear,clear,0,0,0,0,0,0
2018-04-08 02:00:00,20.0,68.0,15.0,59.0,73.0,5.6,3.5,,,170,South,16.1,10.0,1020.8,30.15,,,,,,,Clear,clear,0,0,0,0,0,0
2018-04-08 03:00:00,20.0,68.0,15.6,60.1,76.0,0.0,0.0,,,0,North,16.1,10.0,1020.9,30.15,,,,,,,Clear,clear,0,0,0,0,0,0
2018-04-08 04:00:00,20.0,68.0,15.6,60.1,76.0,0.0,0.0,,,0,North,16.1,10.0,1020.7,30.14,,,,,,,Clear,clear,0,0,0,0,0,0
2018-04-08 05:00:00,19.4,66.9,15.6,60.1,79.0,0.0,0.0,,,0,North,16.1,10.0,1021.3,30.16,,,,,,,Clear,clear,0,0,0,0,0,0
2018-04-08 06:00:00,20.0,68.0,16.7,62.1,81.0,0.0,0.0,,,0,North,14.5,9.0,1021.6,30.17,,,,,,,Clear,clear,0,0,0,0,0,0
2018-04-08 07:00:00,21.7,71.1,17.2,63.0,75.0,5.6,3.5,,,70,ENE,12.9,8.0,1021.9,30.18,,,,,,,Clear,clear,0,0,0,0,0,0
2018-04-08 08:00:00,22.8,73.0,16.1,61.0,66.0,0.0,0.0,,,0,North,12.9,8.0,1021.5,30.17,,,,,,,Clear,clear,0,0,0,0,0,0
2018-04-08 09:00:00,23.9,75.0,16.7,62.1,64.0,0.0,0.0,,,0,North,12.9,8.0,1021.1,30.16,,,,,,,Scattered Clouds,partlycloudy,0,0,0,0,0,0
2018-04-08 10:00:00,23.9,75.0,16.1,61.0,62.0,0.0,0.0,,,0,North,11.3,7.0,1021.6,30.17,,,,,,,Scattered Clouds,partlycloudy,0,0,0,0,0,0
2018-04-08 11:00:00,23.9,75.0,17.2,63.0,66.0,0.0,0.0,,,0,North,12.9,8.0,1021.4,30.17,,,,,,,Overcast,cloudy,0,0,0,0,0,0
2018-04-08 12:00:00,26.1,79.0,17.2,63.0,58.0,0.0,0.0,,,0,North,14.5,9.0,1020.9,30.15,,,,,,,Scattered Clouds,partlycloudy,0,0,0,0,0,0
2018-04-08 13:00:00,26.1,79.0,16.1,61.0,54.0,7.4,4.6,,,0,Variable,14.5,9.0,1020.6,30.14,,,,,,,Mostly Cloudy,mostlycloudy,0,0,0,0,0,0
2018-04-08 14:00:00,26.7,80.1,16.1,61.0,52.0,7.4,4.6,,,240,WSW,14.5,9.0,1020.1,30.13,,,27.3,81.1,,,Clear,clear,0,0,0,0,0,0
2018-04-08 15:00:00,25.0,77.0,15.6,60.1,56.0,,,,,0,North,14.5,9.0,1019.9,30.12,,,,,,,Clear,clear,0,0,0,0,0,0
2018-04-08 16:00:00,25.6,78.1,15.0,59.0,52.0,7.4,4.6,,,0,Variable,14.5,9.0,1019.8,30.12,,,,,,,Clear,clear,0,0,0,0,0,0
2018-04-08 17:00:00,25.0,77.0,15.0,59.0,54.0,7.4,4.6,,,0,Variable,14.5,9.0,1019.4,30.11,,,,,,,Clear,clear,0,0,0,0,0,0
2018-04-08 18:00:00,24.4,75.9,13.9,57.0,52.0,7.4,4.6,,,0,Variable,14.5,9.0,1019.1,30.1,,,,,,,Clear,clear,0,0,0,0,0,0
2018-04-08 19:00:00,23.3,73.9,15.0,59.0,59.0,,,,,0,North,14.5,9.0,1018.9,30.09,,,,,,,Clear,clear,0,0,0,0,0,0
2018-04-08 20:00:00,22.2,72.0,15.0,59.0,64.0,0.0,0.0,,,0,North,16.1,10.0,1018.9,30.09,,,,,,,Clear,clear,0,0,0,0,0,0
2018-04-08 21:00:00,22.2,72.0,15.6,60.1,66.0,5.6,3.5,,,0,Variable,16.1,10.0,1018.9,30.09,,,,,,,Clear,clear,0,0,0,0,0,0
2018-04-08 22:00:00,21.7,71.1,15.6,60.1,68.0,0.0,0.0,,,0,North,16.1,10.0,1018.8,30.09,,,,,,,Clear,clear,0,0,0,0,0,0
2018-04-08 23:00:00,21.7,71.1,15.0,59.0,66.0,5.6,3.5,,,0,Variable,16.1,10.0,1018.8,30.09,,,,,,,Clear,clear,0,0,0,0,0,0
2018-04-09 00:00:00,19.4,66.9,15.0,59.0,76.0,11.1,6.9,,,50,NE,16.1,10.0,1021.8,30.18,,,,,,,Clear,clear,0,0,0,0,0,0
2018-04-09 01:00:00,18.9,66.0,14.4,57.9,75.0,7.4,4.6,,,0,Variable,16.1,10.0,1021.5,30.17,,,,,,,Scattered Clouds,partlycloudy,0,0,0,0,0,0
2018-04-09 02:00:00,18.9,66.0,14.4,57.9,75.0,9.3,5.8,,,40,NE,16.1,10.0,1021.5,30.17,,,,,,,Clear,clear,0,0,0,0,0,0
2018-04-09 03:00:00,18.9,66.0,14.4,57.9,75.0,11.1,6.9,,,0,Variable,16.1,10.0,1021.9,30.18,,,,,,,Clear,clear,0,0,0,0,0,0
2018-04-09 04:00:00,18.3,64.9,11.7,53.1,65.0,7.4,4.6,,,0,Variable,16.1,10.0,1022.0,30.18,,,,,,,Clear,clear,0,0,0,0,0,0
2018-04-09 05:00:00,18.3,64.9,10.6,51.1,61.0,11.1,6.9,,,0,Variable,16.1,10.0,1022.5,30.2,,,,,,,Clear,clear,0,0,0,0,0,0
2018-04-09 06:00:00,18.3,64.9,10.6,51.1,61.0,7.4,4.6,,,0,Variable,16.1,10.0,1023.2,30.22,,,,,,,Clear,clear,0,0,0,0,0,0
2018-04-09 07:00:00,18.9,66.0,10.0,50.0,56.0,16.7,10.4,,,40,NE,16.1,10.0,1023.7,30.23,,,,,,,Clear,clear,0,0,0,0,0,0
2018-04-09 08:00:00,20.0,68.0,9.4,48.9,50.0,20.4,12.7,27.8,17.3,50,NE,16.1,10.0,1023.9,30.24,,,,,,,Clear,clear,0,0,0,0,0,0
2018-04-09 09:00:00,20.6,69.1,10.6,51.1,53.0,20.4,12.7,27.8,17.3,70,ENE,16.1,10.0,1024.1,30.25,,,,,,,Clear,clear,0,0,0,0,0,0
2018-04-09 10:00:00,21.7,71.1,11.1,52.0,51.0,16.7,10.4,,,70,ENE,16.1,10.0,1024.0,30.24,,,,,,,Clear,clear,0,0,0,0,0,0
2018-04-09 11:00:00,23.3,73.9,12.8,55.0,52.0,11.1,6.9,,,0,Variable,16.1,10.0,1024.2,30.25,,,,,,,Clear,clear,0,0,0,0,0,0
2018-04-09 12:00:00,25.0,77.0,12.8,55.0,47.0,5.6,3.5,,,0,Variable,16.1,10.0,1023.8,30.24,,,,,,,Clear,clear,0,0,0,0,0,0
2018-04-09 13:00:00,26.1,79.0,12.8,55.0,44.0,9.3,5.8,,,60,ENE,16.1,10.0,1023.7,30.23,,,,,,,Clear,clear,0,0,0,0,0,0
2018-04-09 14:00:00,26.1,79.0,10.0,50.0,36.0,13.0,8.1,,,100,East,16.1,10.0,1023.1,30.22,,,,,,,Clear,clear,0,0,0,0,0,0
2018-04-09 15:00:00,26.1,79.0,11.1,52.0,39.0,9.3,5.8,,,0,Variable,16.1,10.0,1022.9,30.21,,,,,,,Clear,clear,0,0,0,0,0,0
2018-04-09 16:00:00,25.6,78.1,11.7,53.1,42.0,11.1,6.9,,,0,Variable,16.1,10.0,1023.0,30.21,,,,,,,Clear,clear,0,0,0,0,0,0
2018-04-09 17:00:00,25.0,77.0,11.7,53.1,43.0,11.1,6.9,,,60,ENE,16.1,10.0,1023.0,30.21,,,,,,,Clear,clear,0,0,0,0,0,0
2018-04-09 18:00:00,24.4,75.9,12.8,55.0,48.0,7.4,4.6,,,70,ENE,16.1,10.0,1023.0,30.21,,,,,,,Clear,clear,0,0,0,0,0,0
2018-04-09 19:00:00,23.3,73.9,12.8,55.0,52.0,9.3,5.8,,,70,ENE,16.1,10.0,1023.4,30.22,,,,,,,Clear,clear,0,0,0,0,0,0
2018-04-09 20:00:00,22.2,72.0,13.9,57.0,59.0,9.3,5.8,,,70,ENE,16.1,10.0,1023.8,30.24,,,,,,,Clear,clear,0,0,0,0,0,0
2018-04-09 21:00:00,22.8,73.0,13.9,57.0,57.0,9.3,5.8,,,0,Variable,16.1,10.0,1024.0,30.24,,,,,,,Clear,clear,0,0,0,0,0,0
2018-04-09 22:00:00,22.2,72.0,12.2,54.0,53.0,9.3,5.8,,,0,Variable,16.1,10.0,1023.9,30.24,,,,,,,Clear,clear,0,0,0,0,0,0
2018-04-09 23:00:00,21.7,71.1,11.1,52.0,51.0,9.3,5.8,,,0,Variable,16.1,10.0,1023.6,30.23,,,,,,,Clear,clear,0,0,0,0,0,0
2018-04-10 00:00:00,18.3,64.9,14.4,57.9,78.0,5.6,3.5,,,50,NE,14.5,9.0,1020.0,30.12,,,,,,,Overcast,cloudy,0,0,0,0,0,0
2018-04-10 01:00:00,18.3,64.9,15.0,59.0,81.0,7.4,4.6,,,0,Variable,12.9,8.0,1020.7,30.14,,,,,,,Overcast,cloudy,0,0,0,0,0,0
2018-04-10 02:00:00,17.8,64.0,15.0,59.0,84.0,5.6,3.5,,,0,Variable,12.9,8.0,1021.1,30.16,,,,,,,Mostly Cloudy,mostlycloudy,0,0,0,0,0,0
2018-04-10 03:00:00,17.8,64.0,14.4,57.9,80.0,9.3,5.8,,,70,ENE,12.9,8.0,1021.8,30.18,,,,,,,Overcast,cloudy,0,0,0,0,0,0
2018-04-10 04:00:00,17.2,63.0,13.3,55.9,78.0,9.3,5.8,,,120,ESE,16.1,10.0,1022.5,30.2,,,,,,,Overcast,cloudy,0,0,0,0,0,0
2018-04-10 05:00:00,16.7,62.1,13.9,57.0,84.0,20.4,12.7,29.6,18.4,70,ENE,14.5,9.0,1023.1,30.22,,,,,,,Overcast,cloudy,0,0,0,0,0,0
2018-04-10 06:00:00,16.1,61.0,12.8,55.0,81.0,13.0,8.1,,,50,NE,16.1,10.0,1024.0,30.24,,,,,,,Overcast,cloudy,0,0,0,0,0,0
2018-04-10 07:00:00,15.6,60.1,11.7,53.1,78.0,14.8,9.2,,,60,ENE,16.1,10.0,1025.0,30.27,,,,,,,Overcast,cloudy,0,0,0,0,0,0
2018-04-10 08:00:00,16.1,61.0,11.7,53.1,75.0,9.3,5.8,,,0,Variable,16.1,10.0,1025.6,30.29,,,,,,,Overcast,cloudy,0,0,0,0,0,0
2018-04-10 09:00:00,16.1,61.0,11.7,53.1,75.0,14.8,9.2,,,60,ENE,16.1,10.0,1026.0,30.3,,,,,,,Overcast,cloudy,0,0,0,0,0,0
2018-04-10 10:00:00,16.7,62.1,11.1,52.0,70.0,18.5,11.5,29.6,18.4,60,ENE,16.1,10.0,1026.3,30.31,,,,,,,Overcast,cloudy,0,0,0,0,0,0
2018-04-10 11:00:00,17.8,64.0,10.6,51.1,63.0,13.0,8.1,,,60,ENE,16.1,10.0,1026.4,30.31,,,,,,,Overcast,cloudy,0,0,0,0,0,0
2018-04-10 12:00:00,18.3,64.9,10.0,50.0,58.0,9.3,5.8,,,0,Variable,16.1,10.0,1026.4,30.31,,,,,,,Overcast,cloudy,0,0,0,0,0,0
2018-04-10 13:00:00,20.0,68.0,11.1,52.0,56.0,11.1,6.9,,,0,Variable,16.1,10.0,1025.7,30.29,,,,,,,Mostly Cloudy,mostlycloudy,0,0,0,0,0,0
2018-04-10 14:00:00,20.0,68.0,10.6,51.1,55.0,14.8,9.2,,,80,East,16.1,10.0,1025.4,30.28,,,,,,,Mostly Cloudy,mostlycloudy,0,0,0,0,0,0
2018-04-10 15:00:00,20.0,68.0,10.6,51.1,55.0,20.4,12.7,29.6,18.4,60,ENE,16.1,10.0,1024.8,30.27,,,,,,,Clear,clear,0,0,0,0,0,0
2018-04-10 16:00:00,19.4,66.9,11.7,53.1,61.0,7.4,4.6,,,0,Variable,16.1,10.0,1025.2,30.28,,,,,,,Clear,clear,0,0,0,0,0,0
2018-04-10 17:00:00,19.4,66.9,11.7,53.1,61.0,14.8,9.2,,,60,ENE,16.1,10.0,1025.4,30.28,,,,,,,Mostly Cloudy,mostlycloudy,0,0,0,0,0,0
2018-04-10 18:00:00,18.9,66.0,11.7,53.1,63.0,5.6,3.5,,,0,Variable,16.1,10.0,1026.1,30.3,,,,,,,Overcast,cloudy,0,0,0,0,0,0
2018-04-10 19:00:00,18.9,66.0,11.7,53.1,63.0,13.0,8.1,,,70,ENE,16.1,10.0,1026.4,30.31,,,,,,,Overcast,cloudy,0,0,0,0,0,0
2018-04-10 20:00:00,18.3,64.9,11.7,53.1,65.0,11.1,6.9,,,70,ENE,16.1,10.0,1026.7,30.32,,,,,,,Overcast,cloudy,0,0,0,0,0,0
2018-04-10 21:00:00,17.2,63.0,11.1,52.0,67.0,14.8,9.2,,,70,ENE,16.1,10.0,1027.0,30.33,,,,,,,Clear,clear,0,0,0,0,0,0
2018-04-10 22:00:00,16.1,61.0,11.1,52.0,72.0,9.3,5.8,,,0,Variable,16.1,10.0,1026.8,30.32,,,,,,,Clear,clear,0,0,0,0,0,0
2018-04-10 23:00:00,15.6,60.1,10.6,51.1,72.0,11.1,6.9,,,60,ENE,16.1,10.0,1026.8,30.32,,,,,,,Mostly Cloudy,mostlycloudy,0,0,0,0,0,0
2018-04-11 00:00:00,13.9,57.0,6.7,44.1,62.0,9.3,5.8,,,310,NW,16.1,10.0,1014.7,29.97,,,,,,,Clear,clear,0,0,0,0,0,0
2018-04-11 01:00:00,13.3,55.9,7.2,45.0,67.0,0.0,0.0,,,0,North,16.1,10.0,1014.7,29.97,,,,,,,Clear,clear,0,0,0,0,0,0
2018-04-11 02:00:00,13.3,55.9,6.7,44.1,64.0,9.3,5.8,,,0,Variable,16.1,10.0,1015.3,29.99,,,,,,,Clear,clear,0,0,0,0,0,0
2018-04-11 03:00:00,12.8,55.0,4.4,39.9,57.0,5.6,3.5,,,0,Variable,16.1,10.0,1015.6,29.99,,,,,,,Clear,clear,0,0,0,0,0,0
2018-04-11 04:00:00,12.2,54.0,3.9,39.0,57.0,11.1,6.9,,,300,WNW,16.1,10.0,1016.5,30.02,,,,,,,Clear,clear,0,0,0,0,0,0
2018-04-11 05:00:00,11.7,53.1,3.9,39.0,59.0,13.0,8.1,,,340,NNW,16.1,10.0,1017.4,30.05,,,,,,,Clear,clear,0,0,0,0,0,0
2018-04-11 06:00:00,10.6,51.1,4.4,39.9,66.0,0.0,0.0,,,0,North,16.1,10.0,1018.1,30.07,,,,,,,Clear,clear,0,0,0,0,0,0
2018-04-11 07:00:00,11.1,52.0,4.4,39.9,63.0,7.4,4.6,,,0,Variable,16.1,10.0,1019.3,30.1,,,,,,,Mostly Cloudy,mostlycloudy,0,0,0,0,0,0
2018-04-11 08:00:00,11.7,53.1,3.9,39.0,59.0,,,,,0,North,16.1,10.0,1020.3,30.13,,,,,,,Mostly Cloudy,mostlycloudy,0,0,0,0,0,0
2018-04-11 09:00:00,12.2,54.0,3.9,39.0,57.0,,,,,0,North,16.1,10.0,1020.3,30.13,,,,,,,Partly Cloudy,partlycloudy,0,0,0,0,0,0
2018-04-11 10:00:00,13.9,57.0,4.4,39.9,53.0,5.6,3.5,,,0,Variable,16.1,10.0,1020.5,30.14,,,,,,,Mostly Cloudy,mostlycloudy,0,0,0,0,0,0
2018-04-11 11:00:00,13.9,57.0,2.8,37.0,47.0,13.0,8.1,,,330,NNW,16.1,10.0,1020.6,30.14,,,,,,,Partly Cloudy,partlycloudy,0,0,0,0,0,0
2018-04-11 12:00:00,15.6,60.1,3.3,37.9,44.0,7.4,4.6,,,0,Variable,16.1,10.0,1020.3,30.13,,,,,,,Scattered Clouds,partlycloudy,0,0,0,0,0,0
2018-04-11 13:00:00,15.0,59.0,1.1,34.0,39.0,7.4,4.6,,,0,Variable,16.1,10.0,1020.0,30.12,,,,,,,Partly Cloudy,partlycloudy,0,0,0,0,0,0
2018-04-11 14:00:00,15.0,59.0,-0.6,30.9,35.0,13.0,8.1,,,360,North,16.1,10.0,1020.3,30.13,,,,,,,Clear,clear,0,0,0,0,0,0
2018-04-11 15:00:00,15.0,59.0,-1.7,28.9,32.0,7.4,4.6,,,0,Variable,16.1,10.0,1020.8,30.15,,,,,,,Clear,clear,0,0,0,0,0,0
2018-04-11 16:00:00,13.9,57.0,-2.8,27.0,32.0,9.3,5.8,,,300,WNW,16.1,10.0,1021.1,30.16,,,,,,,Clear,clear,0,0,0,0,0,0
2018-04-11 17:00:00,13.3,55.9,-4.4,24.1,29.0,7.4,4.6,,,0,Variable,16.1,10.0,1021.6,30.17,,,,,,,Clear,clear,0,0,0,0,0,0
2018-04-11 18:00:00,12.8,55.0,-2.8,27.0,34.0,7.4,4.6,,,300,WNW,16.1,10.0,1022.2,30.19,,,,,,,Clear,clear,0,0,0,0,0,0
2018-04-11 19:00:00,12.2,54.0,-3.3,26.1,34.0,7.4,4.6,,,0,Variable,16.1,10.0,1023.0,30.21,,,,,,,Clear,clear,0,0,0,0,0,0
2018-04-11 20:00:00,11.7,53.1,-2.8,27.0,37.0,9.3,5.8,,,0,Variable,16.1,10.0,1023.4,30.22,,,,,,,Clear,clear,0,0,0,0,0,0
2018-04-11 21:00:00,11.1,52.0,-2.8,27.0,38.0,5.6,3.5,,,0,Variable,16.1,10.0,1023.8,30.24,,,,,,,Clear,clear,0,0,0,0,0,0
2018-04-11 22:00:00,10.0,50.0,-3.3,26.1,39.0,7.4,4.6,,,0,Variable,16.1,10.0,1024.0,30.24,,,,,,,Clear,clear,0,0,0,0,0,0
2018-04-11 23:00:00,9.4,48.9,-2.8,27.0,43.0,5.6,3.5,,,0,Variable,16.1,10.0,1023.7,30.23,,,,,,,Clear,clear,0,0,0,0,0,0
2018-04-12 00:00:00,5.6,42.1,-3.9,25.0,51.0,11.1,6.9,,,310,NW,16.1,10.0,1021.8,30.18,3.2,37.7,,,,,Overcast,cloudy,0,0,0,0,0,0
2018-04-12 01:00:00,5.6,42.1,-4.4,24.1,49.0,,,,,0,North,16.1,10.0,1022.2,30.19,,,,,,,Overcast,cloudy,0,0,0,0,0,0
2018-04-12 02:00:00,5.0,41.0,-4.4,24.1,51.0,,,,,0,North,16.1,10.0,1022.4,30.19,,,,,,,Overcast,cloudy,0,0,0,0,0,0
2018-04-12 03:00:00,5.0,41.0,-5.0,23.0,49.0,11.1,6.9,,,310,NW,16.1,10.0,1022.1,30.19,2.5,36.4,,,,,Overcast,cloudy,0,0,0,0,0,0
2018-04-12 04:00:00,5.0,41.0,-5.6,21.9,47.0,14.8,9.2,25.9,16.1,310,NW,16.1,10.0,1022.4,30.19,1.8,35.2,,,,,Overcast,cloudy,0,0,0,0,0,0
2018-04-12 05:00:00,4.4,39.9,-5.0,23.0,51.0,5.6,3.5,,,0,Variable,16.1,10.0,1022.5,30.2,3.2,37.8,,,,,Mostly Cloudy,mostlycloudy,0,0,0,0,0,0
2018-04-12 06:00:00,3.9,39.0,-6.1,21.0,49.0,18.5,11.5,27.8,17.3,300,WNW,16.1,10.0,1023.1,30.22,-0.1,31.8,,,,,Scattered Clouds,partlycloudy,0,0,0,0,0,0
2018-04-12 07:00:00,3.9,39.0,-5.6,21.9,50.0,7.4,4.6,,,0,Variable,16.1,10.0,1023.4,30.22,2.0,35.7,,,,,Clear,clear,0,0,0,0,0,0
2018-04-12 08:00:00,3.9,39.0,-5.6,21.9,50.0,5.6,3.5,,,0,Variable,16.1,10.0,1023.7,30.23,2.6,36.8,,,,,Clear,clear,0,0,0,0,0,0
2018-04-12 09:00:00,5.0,41.0,-5.6,21.9,47.0,,,,,0,North,16.1,10.0,1023.6,30.23,,,,,,,Clear,clear,0,0,0,0,0,0
2018-04-12 10:00:00,5.6,42.1,-5.6,21.9,45.0,5.6,3.5,,,0,Variable,16.1,10.0,1023.2,30.22,4.6,40.2,,,,,Clear,clear,0,0,0,0,0,0
2018-04-12 11:00:00,6.7,44.1,-6.1,21.0,40.0,14.8,9.2,,,360,North,16.1,10.0,1022.8,30.21,3.9,39.0,,,,,Clear,clear,0,0,0,0,0,0
2018-04-12 12:00:00,7.2,45.0,-6.7,19.9,37.0,0.0,0.0,,,0,North,16.1,10.0,1022.3,30.19,,,,,,,Clear,clear,0,0,0,0,0,0
2018-04-12 13:00:00,7.8,46.0,-6.7,19.9,35.0,11.1,6.9,,,300,WNW,16.1,10.0,1021.9,30.18,5.8,42.5,,,,,Clear,clear,0,0,0,0,0,0
2018-04-12 14:00:00,7.2,45.0,-6.7,19.9,37.0,9.3,5.8,,,0,Variable,16.1,10.0,1022.1,30.19,5.5,41.8,,,,,Clear,clear,0,0,0,0,0,0
2018-04-12 15:00:00,6.7,44.1,-6.1,21.0,40.0,0.0,0.0,,,0,North,16.1,10.0,1022.1,30.19,,,,,,,Clear,clear,0,0,0,0,0,0
2018-04-12 16:00:00,6.1,43.0,-7.2,19.0,38.0,5.6,3.5,,,60,ENE,16.1,10.0,1022.1,30.19,5.2,41.3,,,,,Clear,clear,0,0,0,0,0,0
2018-04-12 17:00:00,5.6,42.1,-6.1,21.0,43.0,5.6,3.5,,,40,NE,16.1,10.0,1022.3,30.19,4.6,40.2,,,,,Clear,clear,0,0,0,0,0,0
2018-04-12 18:00:00,5.6,42.1,-4.4,24.1,49.0,0.0,0.0,,,0,North,16.1,10.0,1022.1,30.19,,,,,,,Clear,clear,0,0,0,0,0,0
2018-04-12 19:00:00,5.6,42.1,-3.9,25.0,51.0,11.1,6.9,,,60,ENE,16.1,10.0,1022.0,30.18,3.2,37.7,,,,,Clear,clear,0,0,0,0,0,0
2018-04-12 20:00:00,5.0,41.0,-4.4,24.1,51.0,0.0,0.0,,,0,North,16.1,10.0,1021.6,30.17,,,,,,,Clear,clear,0,0,0,0,0,0
2018-04-12 21:00:00,5.0,41.0,-4.4,24.1,51.0,13.0,8.1,,,100,East,16.1,10.0,1021.2,30.16,2.1,35.8,,,,,Clear,clear,0,0,0,0,0,0
2018-04-12 22:00:00,4.4,39.9,-4.4,24.1,53.0,7.4,4.6,,,0,Variable,16.1,10.0,1021.0,30.15,2.6,36.7,,,,,Clear,clear,0,0,0,0,0,0
2018-04-12 23:00:00,4.4,39.9,-4.4,24.1,53.0,13.0,8.1,,,90,East,16.1,10.0,1019.8,30.12,1.4,34.5,,,,,Partly Cloudy,partlycloudy,0,0,0,0,0,0
2018-04-13 00:00:00,7.2,45.0,-7.2,19.0,36.0,9.3,5.8,,,0,Variable,16.1,10.0,1026.2,30.31,5.5,41.8,,,,,Clear,clear,0,0,0,0,0,0
2018-04-13 01:00:00,6.7,44.1,-6.1,21.0,40.0,7.4,4.6,,,0,Variable,16.1,10.0,1026.7,30.32,5.3,41.5,,,,,Clear,clear,0,0,0,0,0,0
2018-04-13 02:00:00,6.1,43.0,-5.0,23.0,45.0,7.4,4.6,,,0,Variable,16.1,10.0,1026.8,30.32,4.6,40.3,,,,,Clear,clear,0,0,0,0,0,0
2018-04-13 03:00:00,5.6,42.1,-5.0,23.0,47.0,,,,,0,North,16.1,10.0,1027.4,30.34,,,,,,,Clear,clear,0,0,0,0,0,0
2018-04-13 04:00:00,5.0,41.0,-4.4,24.1,51.0,9.3,5.8,,,360,North,16.1,10.0,1027.8,30.35,2.8,37.1,,,,,Clear,clear,0,0,0,0,0,0
2018-04-13 05:00:00,4.4,39.9,-4.4,24.1,53.0,5.6,3.5,,,0,Variable,16.1,10.0,1028.9,30.39,3.2,37.8,,,,,Clear,clear,0,0,0,0,0,0
2018-04-13 06:00:00,4.4,39.9,-4.4,24.1,53.0,7.4,4.6,,,0,Variable,16.1,10.0,1029.6,30.41,2.6,36.7,,,,,Clear,clear,0,0,0,0,0,0
2018-04-13 07:00:00,5.6,42.1,-4.4,24.1,49.0,7.4,4.6,,,0,Variable,16.1,10.0,1030.2,30.43,4.0,39.2,,,,,Clear,clear,0,0,0,0,0,0
2018-04-13 08:00:00,6.7,44.1,-5.0,23.0,43.0,13.0,8.1,,,60,ENE,16.1,10.0,1030.3,30.43,4.2,39.5,,,,,Clear,clear,0,0,0,0,0,0
2018-04-13 09:00:00,7.2,45.0,-5.0,23.0,42.0,22.2,13.8,33.3,20.7,20,NNE,16.1,10.0,1030.2,30.43,3.6,38.5,,,,,Clear,clear,0,0,0,0,0,0
2018-04-13 10:00:00,9.4,48.9,-3.9,25.0,39.0,13.0,8.1,,,50,NE,16.1,10.0,1029.6,30.41,,,,,,,Clear,clear,0,0,0,0,0,0
2018-04-13 11:00:00,10.0,50.0,-3.9,25.0,38.0,9.3,5.8,,,0,Variable,16.1,10.0,1029.0,30.39,,,,,,,Clear,clear,0,0,0,0,0,0
2018-04-13 12:00:00,11.1,52.0,-4.4,24.1,34.0,11.1,6.9,,,60,ENE,16.1,10.0,1028.5,30.38,,,,,,,Clear,clear,0,0,0,0,0,0
2018-04-13 13:00:00,12.2,54.0,-4.4,24.1,31.0,0.0,0.0,,,0,North,16.1,10.0,1027.7,30.35,,,,,,,Clear,clear,0,0,0,0,0,0
2018-04-13 14:00:00,12.2,54.0,-5.0,23.0,30.0,7.4,4.6,,,0,Variable,16.1,10.0,1026.9,30.33,,,,,,,Clear,clear,0,0,0,0,0,0
2018-04-13 15:00:00,12.8,55.0,-5.6,21.9,28.0,,,,,0,North,16.1,10.0,1025.9,30.3,,,,,,,Clear,clear,0,0,0,0,0,0
2018-04-13 16:00:00,13.9,57.0,-5.6,21.9,26.0,7.4,4.6,,,330,NNW,16.1,10.0,1025.9,30.3,,,,,,,Clear,clear,0,0,0,0,0,0
2018-04-13 17:00:00,13.3,55.9,-5.6,21.9,27.0,0.0,0.0,,,0,North,16.1,10.0,1026.4,30.31,,,,,,,Clear,clear,0,0,0,0,0,0
2018-04-13 18:00:00,11.7,53.1,-3.3,26.1,35.0,,,,,0,North,16.1,10.0,1026.3,30.31,,,,,,,Clear,clear,0,0,0,0,0,0
2018-04-13 19:00:00,10.0,50.0,-3.3,26.1,39.0,5.6,3.5,,,180,South,16.1,10.0,1026.2,30.31,,,,,,,Clear,clear,0,0,0,0,0,0
2018-04-13 20:00:00,11.7,53.1,-3.3,26.1,35.0,,,,,0,North,16.1,10.0,1026.3,30.31,,,,,,,Clear,clear,0,0,0,0,0,0
2018-04-13 21:00:00,10.0,50.0,-3.3,26.1,39.0,5.6,3.5,,,180,South,16.1,10.0,1026.2,30.31,,,,,,,Clear,clear,0,0,0,0,0,0
2018-04-13 22:00:00,8.3,46.9,0.0,32.0,56.0,0.0,0.0,,,0,North,16.1,10.0,1026.4,30.31,,,,,,,Clear,clear,0,0,0,0,0,0
2018-04-13 23:00:00,8.3,46.9,1.1,34.0,61.0,5.6,3.5,,,310,NW,16.1,10.0,1026.5,30.32,,,,,,,Clear,clear,0,0,0,0,0,0
2018-04-14 00:00:00,7.8,46.0,-1.1,30.0,54.0,5.6,3.5,,,290,WNW,16.1,10.0,1026.5,30.32,7.1,44.8,,,,,Partly Cloudy,partlycloudy,0,0,0,0,0,0
2018-04-14 01:00:00,7.8,46.0,-1.1,30.0,54.0,5.6,3.5,,,300,WNW,16.1,10.0,1025.8,30.3,7.1,44.8,,,,,Clear,clear,0,0,0,0,0,0
2018-04-14 02:00:00,7.2,45.0,-1.1,30.0,56.0,0.0,0.0,,,0,North,16.1,10.0,1025.6,30.29,,,,,,,Clear,clear,0,0,0,0,0,0
2018-04-14 03:00:00,7.2,45.0,-2.2,28.0,52.0,5.6,3.5,,,0,Variable,16.1,10.0,1026.1,30.3,6.4,43.5,,,,,Clear,clear,0,0,0,0,0,0
2018-04-14 04:00:00,7.2,45.0,-5.6,21.9,40.0,9.3,5.8,,,0,Variable,16.1,10.0,1026.3,30.31,5.5,41.8,,,,,Clear,clear,0,0,0,0,0,0
2018-04-14 05:00:00,7.2,45.0,-5.6,21.9,40.0,13.0,8.1,,,40,NE,16.1,10.0,1026.8,30.32,4.8,40.6,,,,,Overcast,cloudy,0,0,0,0,0,0
2018-04-14 06:00:00,7.0,44.6,-4.0,24.8,46.0,16.7,10.4,,,60,ENE,16.1,10.0,1027.0,30.33,4.0,39.2,,,,,Overcast,cloudy,0,0,0,0,0,0
2018-04-14 07:00:00,7.2,45.0,0.6,33.1,63.0,16.7,10.4,,,60,ENE,16.1,10.0,1028.1,30.36,4.3,39.7,,,,,Clear,clear,0,0,0,0,0,0
2018-04-14 08:00:00,8.3,46.9,0.6,33.1,59.0,18.5,11.5,31.5,19.6,50,NE,16.1,10.0,1028.5,30.38,,,,,,,Scattered Clouds,partlycloudy,0,0,0,0,0,0
2018-04-14 09:00:00,8.9,48.0,-2.8,27.0,44.0,14.8,9.2,,,60,ENE,16.1,10.0,1028.8,30.38,,,,,,,Clear,clear,0,0,0,0,0,0
2018-04-14 10:00:00,10.6,51.1,-3.9,25.0,36.0,13.0,8.1,,,70,ENE,16.1,10.0,1028.9,30.39,,,,,,,Clear,clear,0,0,0,0,0,0
2018-04-14 11:00:00,12.2,54.0,-3.9,25.0,33.0,11.1,6.9,,,70,ENE,16.1,10.0,1028.8,30.38,,,,,,,Clear,clear,0,0,0,0,0,0
2018-04-14 12:00:00,13.9,57.0,-4.4,24.1,28.0,5.6,3.5,,,160,SSE,16.1,10.0,1027.9,30.36,,,,,,,Clear,clear,0,0,0,0,0,0
2018-04-14 13:00:00,15.6,60.1,-3.9,25.0,26.0,9.3,5.8,,,40,NE,16.1,10.0,1027.2,30.34,,,,,,,Clear,clear,0,0,0,0,0,0
2018-04-14 14:00:00,15.6,60.1,-6.7,19.9,21.0,7.4,4.6,,,0,Variable,16.1,10.0,1026.6,30.32,,,,,,,Clear,clear,0,0,0,0,0,0
2018-04-14 15:00:00,16.1,61.0,-7.8,18.0,19.0,7.4,4.6,,,0,Variable,16.1,10.0,1025.7,30.29,,,,,,,Clear,clear,0,0,0,0,0,0
2018-04-14 16:00:00,16.7,62.1,-6.7,19.9,20.0,5.6,3.5,,,0,Variable,16.1,10.0,1025.5,30.29,,,,,,,Clear,clear,0,0,0,0,0,0
2018-04-14 17:00:00,13.9,57.0,-1.1,30.0,36.0,14.8,9.2,,,150,SSE,16.1,10.0,1025.6,30.29,,,,,,,Clear,clear,0,0,0,0,0,0
2018-04-14 18:00:00,12.2,54.0,-2.2,28.0,37.0,13.0,8.1,,,180,South,16.1,10.0,1025.8,30.3,,,,,,,Clear,clear,0,0,0,0,0,0
2018-04-14 19:00:00,10.0,50.0,0.0,32.0,50.0,14.8,9.2,27.8,17.3,150,SSE,16.1,10.0,1026.5,30.32,,,,,,,Clear,clear,0,0,0,0,0,0
2018-04-14 20:00:00,8.9,48.0,0.0,32.0,54.0,16.7,10.4,27.8,17.3,170,South,16.1,10.0,1027.5,30.35,,,,,,,Clear,clear,0,0,0,0,0,0
2018-04-14 21:00:00,8.3,46.9,-0.6,30.9,54.0,9.3,5.8,25.9,16.1,0,Variable,16.1,10.0,1028.5,30.38,,,,,,,Clear,clear,0,0,0,0,0,0
2018-04-14 22:00:00,7.8,46.0,1.7,35.1,66.0,11.1,6.9,,,0,Variable,16.1,10.0,1029.1,30.39,5.8,42.5,,,,,Clear,clear,0,0,0,0,0,0
2018-04-14 23:00:00,7.2,45.0,0.0,32.0,60.0,0.0,0.0,,,0,North,16.1,10.0,1029.4,30.4,,,,,,,Clear,clear,0,0,0,0,0,0
2018-04-15 00:00:00,7.2,45.0,-1.1,30.0,56.0,7.4,4.6,,,160,SSE,16.1,10.0,1029.5,30.4,5.9,42.6,,,,,Clear,clear,0,0,0,0,0,0
2018-04-15 01:00:00,7.8,46.0,-1.1,30.0,54.0,0.0,0.0,,,0,North,16.1,10.0,1029.3,30.4,,,,,,,Clear,clear,0,0,0,0,0,0
2018-04-15 02:00:00,7.2,45.0,0.6,33.1,63.0,5.6,3.5,,,290,WNW,16.1,10.0,1028.8,30.38,6.4,43.5,,,,,Clear,clear,0,0,0,0,0,0
2018-04-15 03:00:00,7.2,45.0,0.6,33.1,63.0,5.6,3.5,,,310,NW,16.1,10.0,1028.7,30.38,6.4,43.5,,,,,Clear,clear,0,0,0,0,0,0
2018-04-15 04:00:00,6.7,44.1,1.7,35.1,71.0,0.0,0.0,,,0,North,16.1,10.0,1028.9,30.39,,,,,,,Clear,clear,0,0,0,0,0,0
2018-04-15 05:00:00,6.1,43.0,1.7,35.1,74.0,5.6,3.5,,,40,NE,16.1,10.0,1029.4,30.4,5.2,41.3,,,,,Clear,clear,0,0,0,0,0,0
2018-04-15 06:00:00,6.7,44.1,1.7,35.1,71.0,0.0,0.0,,,0,North,16.1,10.0,1029.8,30.41,,,,,,,Clear,clear,0,0,0,0,0,0
2018-04-15 07:00:00,8.3,46.9,1.7,35.1,63.0,7.4,4.6,,,60,ENE,16.1,10.0,1030.2,30.43,,,,,,,Clear,clear,0,0,0,0,0,0
2018-04-15 08:00:00,10.0,50.0,0.0,32.0,50.0,9.3,5.8,,,60,ENE,16.1,10.0,1030.8,30.44,,,,,,,Clear,clear,0,0,0,0,0,0
2018-04-15 09:00:00,11.1,52.0,-1.1,30.0,43.0,18.5,11.5,25.9,16.1,60,ENE,16.1,10.0,1031.3,30.46,,,,,,,Clear,clear,0,0,0,0,0,0
2018-04-15 10:00:00,11.7,53.1,-5.0,23.0,31.0,11.1,6.9,,,60,ENE,16.1,10.0,1031.7,30.47,,,,,,,Clear,clear,0,0,0,0,0,0
2018-04-15 11:00:00,13.9,57.0,-7.8,18.0,22.0,14.8,9.2,,,60,ENE,16.1,10.0,1031.6,30.47,,,,,,,Clear,clear,0,0,0,0,0,0
2018-04-15 12:00:00,13.9,57.0,-10.0,14.0,18.0,5.6,3.5,,,0,Variable,16.1,10.0,1031.0,30.45,,,,,,,Clear,clear,0,0,0,0,0,0
2018-04-15 13:00:00,15.6,60.1,-7.2,19.0,20.0,,,,,0,North,16.1,10.0,1030.4,30.43,,,,,,,Clear,clear,0,0,0,0,0,0
2018-04-15 14:00:00,16.7,62.1,-6.1,21.0,21.0,7.4,4.6,,,0,Variable,16.1,10.0,1029.6,30.41,,,,,,,Clear,clear,0,0,0,0,0,0
2018-04-15 15:00:00,17.8,64.0,-5.6,21.9,20.0,0.0,0.0,,,0,North,16.1,10.0,1028.6,30.38,,,,,,,Clear,clear,0,0,0,0,0,0
2018-04-15 16:00:00,17.2,63.0,-8.3,17.1,17.0,5.6,3.5,,,0,Variable,16.1,10.0,1028.3,30.37,,,,,,,Clear,clear,0,0,0,0,0,0
2018-04-15 17:00:00,16.7,62.1,-4.4,24.1,23.0,0.0,0.0,,,0,North,16.1,10.0,1028.2,30.37,,,,,,,Clear,clear,0,0,0,0,0,0
2018-04-15 18:00:00,15.0,59.0,-3.3,26.1,28.0,0.0,0.0,,,0,North,16.1,10.0,1028.1,30.36,,,,,,,Clear,clear,0,0,0,0,0,0
2018-04-15 19:00:00,13.3,55.9,-2.8,27.0,33.0,9.3,5.8,,,170,South,16.1,10.0,1028.3,30.37,,,,,,,Clear,clear,0,0,0,0,0,0
2018-04-15 20:00:00,9.4,48.9,0.6,33.1,54.0,11.1,6.9,,,150,SSE,16.1,10.0,1029.3,30.4,,,,,,,Clear,clear,0,0,0,0,0,0
2018-04-15 21:00:00,8.9,48.0,0.6,33.1,56.0,0.0,0.0,,,0,North,16.1,10.0,1029.7,30.41,,,,,,,Clear,clear,0,0,0,0,0,0
2018-04-15 22:00:00,8.9,48.0,0.6,33.1,56.0,0.0,0.0,,,0,North,16.1,10.0,1029.7,30.41,,,,,,,Clear,clear,0,0,0,0,0,0
2018-04-15 23:00:00,8.3,46.9,1.7,35.1,63.0,5.6,3.5,,,170,South,16.1,10.0,1029.7,30.41,,,,,,,Clear,clear,0,0,0,0,0,0
2018-04-16 00:00:00,8.3,46.9,1.7,35.1,63.0,0.0,0.0,,,0,North,16.1,10.0,1029.8,30.41,,,,,,,Clear,clear,0,0,0,0,0,0
2018-04-16 01:00:00,8.3,46.9,1.7,35.1,63.0,5.6,3.5,,,50,NE,16.1,10.0,1029.3,30.4,,,,,,,Clear,clear,0,0,0,0,0,0
2018-04-16 02:00:00,8.3,46.9,1.1,34.0,61.0,5.6,3.5,,,50,NE,16.1,10.0,1029.0,30.39,,,,,,,Clear,clear,0,0,0,0,0,0
2018-04-16 03:00:00,7.8,46.0,1.1,34.0,63.0,5.6,3.5,,,0,Variable,16.1,10.0,1029.5,30.4,7.1,44.8,,,,,Clear,clear,0,0,0,0,0,0
2018-04-16 04:00:00,7.2,45.0,0.0,32.0,60.0,5.6,3.5,,,0,Variable,16.1,10.0,1030.0,30.42,6.4,43.5,,,,,Clear,clear,0,0,0,0,0,0
2018-04-16 05:00:00,6.7,44.1,-0.6,30.9,60.0,9.3,5.8,,,70,ENE,16.1,10.0,1030.5,30.43,4.9,40.8,,,,,Clear,clear,0,0,0,0,0,0
2018-04-16 06:00:00,7.2,45.0,0.0,32.0,60.0,7.4,4.6,,,40,NE,16.1,10.0,1031.2,30.45,5.9,42.6,,,,,Clear,clear,0,0,0,0,0,0
2018-04-16 07:00:00,8.9,48.0,-1.1,30.0,50.0,7.4,4.6,,,50,NE,16.1,10.0,1031.7,30.47,,,,,,,Clear,clear,0,0,0,0,0,0
2018-04-16 08:00:00,10.6,51.1,-6.7,19.9,29.0,11.1,6.9,,,60,ENE,16.1,10.0,1032.1,30.48,,,,,,,Clear,clear,0,0,0,0,0,0
2018-04-16 09:00:00,11.7,53.1,-10.0,14.0,21.0,18.5,11.5,31.5,19.6,70,ENE,16.1,10.0,1032.0,30.48,,,,,,,Clear,clear,0,0,0,0,0,0
2018-04-16 10:00:00,13.3,55.9,-8.3,17.1,22.0,13.0,8.1,,,60,ENE,16.1,10.0,1031.5,30.46,,,,,,,Clear,clear,0,0,0,0,0,0
2018-04-16 11:00:00,14.4,57.9,-8.3,17.1,20.0,9.3,5.8,,,0,Variable,16.1,10.0,1031.0,30.45,,,,,,,Clear,clear,0,0,0,0,0,0
2018-04-16 12:00:00,16.1,61.0,-8.9,16.0,17.0,11.1,6.9,,,0,Variable,16.1,10.0,1030.3,30.43,,,,,,,Clear,clear,0,0,0,0,0,0
2018-04-16 13:00:00,17.8,64.0,-8.9,16.0,16.0,9.3,5.8,27.8,17.3,0,Variable,16.1,10.0,1029.7,30.41,,,,,,,Clear,clear,0,0,0,0,0,0
2018-04-16 14:00:00,18.9,66.0,-7.2,19.0,17.0,120.4,74.8,,,0,Variable,16.1,10.0,1029.2,30.4,,,,,,,Clear,clear,0,0,0,0,0,0
2018-04-16 15:00:00,17.8,64.0,-8.9,16.0,16.0,0.0,0.0,,,0,North,16.1,10.0,1028.8,30.38,,,,,,,Clear,clear,0,0,0,0,0,0
2018-04-16 16:00:00,18.9,66.0,-7.8,18.0,16.0,,,,,0,North,16.1,10.0,1028.4,30.37,,,,,,,Clear,clear,0,0,0,0,0,0
2018-04-16 17:00:00,17.2,63.0,-7.2,19.0,18.0,11.1,6.9,,,70,ENE,16.1,10.0,1028.8,30.38,,,,,,,Clear,clear,0,0,0,0,0,0
2018-04-16 18:00:00,16.7,62.1,-8.3,17.1,18.0,7.4,4.6,,,70,ENE,16.1,10.0,1028.9,30.39,,,,,,,Clear,clear,0,0,0,0,0,0
2018-04-16 19:00:00,11.7,53.1,-1.7,28.9,40.0,13.0,8.1,,,180,South,16.1,10.0,1029.7,30.41,,,,,,,Clear,clear,0,0,0,0,0,0
2018-04-16 20:00:00,10.6,51.1,0.0,32.0,48.0,9.3,5.8,,,180,South,16.1,10.0,1030.3,30.43,,,,,,,Clear,clear,0,0,0,0,0,0
2018-04-16 21:00:00,9.4,48.9,1.7,35.1,59.0,7.4,4.6,,,0,Variable,16.1,10.0,1030.8,30.44,,,,,,,Clear,clear,0,0,0,0,0,0
2018-04-16 22:00:00,8.9,48.0,1.7,35.1,61.0,0.0,0.0,,,0,North,16.1,10.0,1031.3,30.46,,,,,,,Clear,clear,0,0,0,0,0,0
2018-04-16 23:00:00,8.3,46.9,1.7,35.1,63.0,0.0,0.0,,,0,North,16.1,10.0,1031.3,30.46,,,,,,,Clear,clear,0,0,0,0,0,0
2018-04-17 00:00:00,8.3,46.9,1.1,34.0,61.0,0.0,0.0,,,0,North,16.1,10.0,1031.3,30.46,,,,,,,Clear,clear,0,0,0,0,0,0
2018-04-17 01:00:00,8.3,46.9,2.2,36.0,66.0,5.6,3.5,,,300,WNW,16.1,10.0,1030.5,30.43,,,,,,,Clear,clear,0,0,0,0,0,0
2018-04-17 02:00:00,8.3,46.9,2.2,36.0,66.0,5.6,3.5,,,300,WNW,16.1,10.0,1030.5,30.43,,,,,,,Clear,clear,0,0,0,0,0,0
2018-04-17 03:00:00,7.2,45.0,2.2,36.0,71.0,7.4,4.6,,,310,NW,16.1,10.0,1030.4,30.43,5.9,42.6,,,,,Clear,clear,0,0,0,0,0,0
2018-04-17 04:00:00,7.8,46.0,2.2,36.0,68.0,5.6,3.5,,,0,Variable,16.1,10.0,1030.4,30.43,7.1,44.8,,,,,Clear,clear,0,0,0,0,0,0
2018-04-17 05:00:00,7.2,45.0,2.2,36.0,71.0,0.0,0.0,,,0,North,16.1,10.0,1030.8,30.44,,,,,,,Clear,clear,0,0,0,0,0,0
2018-04-17 06:00:00,7.8,46.0,1.7,35.1,66.0,0.0,0.0,,,0,North,16.1,10.0,1031.3,30.46,,,,,,,Clear,clear,0,0,0,0,0,0
2018-04-17 07:00:00,9.4,48.9,1.1,34.0,56.0,0.0,0.0,,,0,North,16.1,10.0,1031.4,30.46,,,,,,,Clear,clear,0,0,0,0,0,0
2018-04-17 08:00:00,11.7,53.1,-1.1,30.0,41.0,5.6,3.5,,,0,Variable,16.1,10.0,1031.3,30.46,,,,,,,Clear,clear,0,0,0,0,0,0
2018-04-17 09:00:00,13.3,55.9,-1.1,30.0,37.0,0.0,0.0,,,0,North,16.1,10.0,1031.4,30.46,,,,,,,Clear,clear,0,0,0,0,0,0
2018-04-17 10:00:00,15.6,60.1,-3.3,26.1,27.0,7.4,4.6,,,60,ENE,16.1,10.0,1030.9,30.45,,,,,,,Clear,clear,0,0,0,0,0,0
2018-04-17 11:00:00,17.8,64.0,-3.9,25.0,23.0,5.6,3.5,,,70,ENE,16.1,10.0,1030.2,30.43,,,,,,,Clear,clear,0,0,0,0,0,0
2018-04-17 12:00:00,18.3,64.9,-4.4,24.1,21.0,5.6,3.5,,,270,West,16.1,10.0,1029.0,30.39,,,,,,,Clear,clear,0,0,0,0,0,0
2018-04-17 13:00:00,20.0,68.0,-5.0,23.0,18.0,0.0,0.0,,,0,North,16.1,10.0,1028.0,30.36,,,,,,,Clear,clear,0,0,0,0,0,0
2018-04-17 14:00:00,21.7,71.1,-5.6,21.9,16.0,0.0,0.0,,,0,North,16.1,10.0,1027.1,30.33,,,,,,,Clear,clear,0,0,0,0,0,0
2018-04-17 15:00:00,22.8,73.0,-4.4,24.1,16.0,5.6,3.5,,,0,Variable,16.1,10.0,1026.0,30.3,,,,,,,Clear,clear,0,0,0,0,0,0
2018-04-17 16:00:00,23.3,73.9,-3.9,25.0,16.0,0.0,0.0,,,0,North,16.1,10.0,1025.2,30.28,,,,,,,Clear,clear,0,0,0,0,0,0
2018-04-17 17:00:00,20.6,69.1,-2.8,27.0,21.0,14.8,9.2,,,190,South,16.1,10.0,1024.9,30.27,,,,,,,Clear,clear,0,0,0,0,0,0
2018-04-17 18:00:00,18.9,66.0,-1.7,28.9,25.0,7.4,4.6,,,180,South,16.1,10.0,1024.8,30.27,,,,,,,Clear,clear,0,0,0,0,0,0
2018-04-17 19:00:00,16.1,61.0,-0.6,30.9,32.0,9.3,5.8,,,160,SSE,16.1,10.0,1024.9,30.27,,,,,,,Clear,clear,0,0,0,0,0,0
2018-04-17 20:00:00,14.4,57.9,-1.1,30.0,35.0,9.3,5.8,,,160,SSE,16.1,10.0,1025.2,30.28,,,,,,,Clear,clear,0,0,0,0,0,0
2018-04-17 21:00:00,13.3,55.9,-0.6,30.9,39.0,0.0,0.0,,,0,North,16.1,10.0,1025.2,30.28,,,,,,,Clear,clear,0,0,0,0,0,0
2018-04-17 22:00:00,12.8,55.0,0.6,33.1,43.0,0.0,0.0,,,0,North,16.1,10.0,1025.2,30.28,,,,,,,Clear,clear,0,0,0,0,0,0
2018-04-17 23:00:00,12.2,54.0,1.1,34.0,47.0,0.0,0.0,,,0,North,16.1,10.0,1024.8,30.27,,,,,,,Clear,clear,0,0,0,0,0,0
2018-04-18 00:00:00,11.1,52.0,1.7,35.1,53.0,5.6,3.5,,,40,NE,16.1,10.0,1024.9,30.27,,,,,,,Clear,clear,0,0,0,0,0,0
2018-04-18 01:00:00,11.1,52.0,1.1,34.0,50.0,0.0,0.0,,,0,North,16.1,10.0,1024.1,30.25,,,,,,,Clear,clear,0,0,0,0,0,0
2018-04-18 02:00:00,11.7,53.1,1.1,34.0,48.0,0.0,0.0,,,0,North,16.1,10.0,1023.5,30.23,,,,,,,Clear,clear,0,0,0,0,0,0
2018-04-18 03:00:00,11.1,52.0,1.1,34.0,50.0,5.6,3.5,,,290,WNW,16.1,10.0,1023.2,30.22,,,,,,,Clear,clear,0,0,0,0,0,0
2018-04-18 04:00:00,10.6,51.1,1.7,35.1,54.0,5.6,3.5,,,60,ENE,16.1,10.0,1023.5,30.23,,,,,,,Clear,clear,0,0,0,0,0,0
2018-04-18 05:00:00,11.1,52.0,1.1,34.0,50.0,0.0,0.0,,,0,North,16.1,10.0,1023.4,30.22,,,,,,,Clear,clear,0,0,0,0,0,0
2018-04-18 06:00:00,11.1,52.0,1.1,34.0,50.0,0.0,0.0,,,0,North,16.1,10.0,1023.7,30.23,,,,,,,Clear,clear,0,0,0,0,0,0
2018-04-18 07:00:00,15.0,59.0,1.1,34.0,39.0,0.0,0.0,,,0,North,16.1,10.0,1023.8,30.24,,,,,,,Clear,clear,0,0,0,0,0,0
2018-04-18 08:00:00,18.3,64.9,0.0,32.0,29.0,5.6,3.5,,,0,Variable,16.1,10.0,1023.9,30.24,,,,,,,Clear,clear,0,0,0,0,0,0
2018-04-18 09:00:00,20.0,68.0,-2.2,28.0,22.0,5.6,3.5,,,0,Variable,16.1,10.0,1023.5,30.23,,,,,,,Clear,clear,0,0,0,0,0,0
2018-04-18 10:00:00,22.2,72.0,-2.8,27.0,19.0,11.1,6.9,,,60,ENE,16.1,10.0,1022.9,30.21,,,,,,,Clear,clear,0,0,0,0,0,0
2018-04-18 11:00:00,23.3,73.9,-2.2,28.0,18.0,7.4,4.6,,,0,Variable,16.1,10.0,1022.5,30.2,,,,,,,Clear,clear,0,0,0,0,0,0
2018-04-18 12:00:00,25.6,78.1,-1.7,28.9,17.0,11.1,6.9,,,0,Variable,16.1,10.0,1022.1,30.19,,,,,,,Clear,clear,0,0,0,0,0,0
2018-04-18 13:00:00,25.6,78.1,-3.3,26.1,15.0,0.0,0.0,,,0,North,16.1,10.0,1021.3,30.16,,,,,,,Clear,clear,0,0,0,0,0,0
2018-04-18 14:00:00,27.2,81.0,-2.8,27.0,14.0,0.0,0.0,,,0,North,16.1,10.0,1020.6,30.14,,,,,,,Clear,clear,0,0,0,0,0,0
2018-04-18 15:00:00,27.2,81.0,-3.3,26.1,13.0,9.3,5.8,,,0,Variable,16.1,10.0,1020.0,30.12,,,,,,,Clear,clear,0,0,0,0,0,0
2018-04-18 16:00:00,25.0,77.0,-1.1,30.0,18.0,11.1,6.9,,,180,South,16.1,10.0,1019.4,30.11,,,,,,,Clear,clear,0,0,0,0,0,0
2018-04-18 17:00:00,23.9,75.0,-0.6,30.9,20.0,16.7,10.4,,,180,South,16.1,10.0,1019.1,30.1,,,,,,,Clear,clear,0,0,0,0,0,0
2018-04-18 18:00:00,21.7,71.1,-2.8,27.0,19.0,,,,,0,North,16.1,10.0,1018.9,30.09,,,,,,,Clear,clear,0,0,0,0,0,0
2018-04-18 19:00:00,18.9,66.0,-1.1,30.0,26.0,14.8,9.2,,,190,South,16.1,10.0,1018.9,30.09,,,,,,,Clear,clear,0,0,0,0,0,0
2018-04-18 20:00:00,17.8,64.0,-0.6,30.9,29.0,5.6,3.5,,,0,Variable,16.1,10.0,1019.1,30.1,,,,,,,Clear,clear,0,0,0,0,0,0
2018-04-18 21:00:00,18.3,64.9,-1.7,28.9,26.0,0.0,0.0,,,0,North,16.1,10.0,1018.8,30.09,,,,,,,Clear,clear,0,0,0,0,0,0
2018-04-18 22:00:00,18.3,64.9,-1.1,30.0,27.0,9.3,5.8,,,280,West,16.1,10.0,1018.9,30.09,,,,,,,Clear,clear,0,0,0,0,0,0
2018-04-18 23:00:00,18.3,64.9,-3.3,26.1,23.0,16.7,10.4,25.9,16.1,250,WSW,16.1,10.0,1018.1,30.07,,,,,,,Clear,clear,0,0,0,0,0,0
2018-04-19 00:00:00,17.8,64.0,-2.2,28.0,26.0,14.8,9.2,,,250,WSW,16.1,10.0,1017.1,30.04,,,,,,,Clear,clear,0,0,0,0,0,0
2018-04-19 01:00:00,17.8,64.0,-2.8,27.0,25.0,11.1,6.9,,,0,Variable,16.1,10.0,1016.4,30.02,,,,,,,Clear,clear,0,0,0,0,0,0
2018-04-19 02:00:00,16.7,62.1,-1.7,28.9,29.0,9.3,5.8,,,0,Variable,16.1,10.0,1015.4,29.99,,,,,,,Clear,clear,0,0,0,0,0,0
2018-04-19 03:00:00,16.1,61.0,-0.6,30.9,32.0,9.3,5.8,,,260,West,16.1,10.0,1014.8,29.97,,,,,,,Clear,clear,0,0,0,0,0,0
2018-04-19 04:00:00,17.2,63.0,-0.6,30.9,30.0,5.6,3.5,,,0,Variable,16.1,10.0,1014.4,29.96,,,,,,,Clear,clear,0,0,0,0,0,0
2018-04-19 05:00:00,18.3,64.9,-1.1,30.0,27.0,11.1,6.9,,,270,West,16.1,10.0,1014.3,29.96,,,,,,,Scattered Clouds,partlycloudy,0,0,0,0,0,0
2018-04-19 06:00:00,17.8,64.0,0.0,32.0,30.0,11.1,6.9,,,270,West,16.1,10.0,1013.8,29.94,,,,,,,Mostly Cloudy,mostlycloudy,0,0,0,0,0,0
2018-04-19 07:00:00,,,,,,,,,,0,North,,,,,,,,,,,Unknown,unknown,0,0,0,0,0,0
2018-04-19 07:00:00,18.3,64.9,1.1,34.0,32.0,9.3,5.8,,,290,WNW,16.1,10.0,1014.5,29.96,,,,,,,Clear,clear,0,0,0,0,0,0
2018-04-19 08:00:00,18.9,66.0,4.4,39.9,38.0,,,,,0,North,16.1,10.0,1014.7,29.97,,,,,,,Clear,clear,0,0,0,0,0,0
2018-04-19 10:00:00,20.0,68.0,5.0,41.0,37.0,14.8,9.2,27.8,17.3,40,NE,16.1,10.0,1015.2,29.98,,,,,,,Partly Cloudy,partlycloudy,0,0,0,0,0,0
2018-04-19 11:00:00,21.1,70.0,4.4,39.9,33.0,14.8,9.2,,,40,NE,16.1,10.0,1015.3,29.99,,,,,,,Scattered Clouds,partlycloudy,0,0,0,0,0,0
2018-04-19 12:00:00,21.7,71.1,5.0,41.0,34.0,13.0,8.1,29.6,18.4,50,NE,16.1,10.0,1015.2,29.98,,,,,,,Clear,clear,0,0,0,0,0,0
2018-04-19 13:00:00,21.1,70.0,4.4,39.9,33.0,22.2,13.8,35.2,21.9,40,NE,16.1,10.0,1015.4,29.99,,,,,,,Clear,clear,0,0,0,0,0,0
2018-04-19 14:00:00,21.1,70.0,3.3,37.9,31.0,13.0,8.1,,,40,NE,16.1,10.0,1015.4,29.99,,,,,,,Clear,clear,0,0,0,0,0,0
2018-04-19 15:00:00,21.7,71.1,2.2,36.0,28.0,13.0,8.1,,,50,NE,16.1,10.0,1015.5,29.99,,,,,,,Clear,clear,0,0,0,0,0,0
2018-04-19 16:00:00,21.1,70.0,-7.2,19.0,14.0,18.5,11.5,44.4,27.6,340,NNW,16.1,10.0,1015.9,30.0,,,,,,,Clear,clear,0,0,0,0,0,0
2018-04-19 17:00:00,20.6,69.1,-7.2,19.0,15.0,7.4,4.6,37.0,23.0,0,Variable,16.1,10.0,1016.1,30.01,,,,,,,Clear,clear,0,0,0,0,0,0
2018-04-19 18:00:00,19.4,66.9,-6.1,21.0,17.0,13.0,8.1,29.6,18.4,340,NNW,16.1,10.0,1016.7,30.03,,,,,,,Clear,clear,0,0,0,0,0,0
2018-04-19 19:00:00,18.3,64.9,-5.0,23.0,20.0,16.7,10.4,,,10,North,16.1,10.0,1017.7,30.06,,,,,,,Clear,clear,0,0,0,0,0,0
2018-04-19 20:00:00,17.2,63.0,-8.3,17.1,17.0,,,,,0,North,16.1,10.0,1018.8,30.09,,,,,,,Clear,clear,0,0,0,0,0,0
2018-04-19 21:00:00,16.1,61.0,-8.3,17.1,18.0,18.5,11.5,29.6,18.4,360,North,16.1,10.0,1019.8,30.12,,,,,,,Clear,clear,0,0,0,0,0,0
2018-04-19 22:00:00,15.0,59.0,-4.4,24.1,26.0,7.4,4.6,,,0,Variable,16.1,10.0,1020.4,30.14,,,,,,,Clear,clear,0,0,0,0,0,0
2018-04-19 23:00:00,13.9,57.0,-3.9,25.0,29.0,9.3,5.8,,,0,Variable,16.1,10.0,1020.9,30.15,,,,,,,Clear,clear,0,0,0,0,0,0
2018-04-20 00:00:00,12.8,55.0,-3.9,25.0,31.0,11.1,6.9,,,0,Variable,16.1,10.0,1021.4,30.17,,,,,,,Clear,clear,0,0,0,0,0,0
2018-04-20 01:00:00,11.7,53.1,-3.9,25.0,34.0,,,,,0,North,16.1,10.0,1021.9,30.18,,,,,,,Clear,clear,0,0,0,0,0,0
2018-04-20 02:00:00,11.7,53.1,-5.0,23.0,31.0,7.4,4.6,,,0,Variable,16.1,10.0,1021.9,30.18,,,,,,,Clear,clear,0,0,0,0,0,0
2018-04-20 03:00:00,11.1,52.0,-4.4,24.1,34.0,11.1,6.9,,,0,Variable,16.1,10.0,1022.1,30.19,,,,,,,Clear,clear,0,0,0,0,0,0
2018-04-20 04:00:00,10.6,51.1,-4.4,24.1,35.0,9.3,5.8,,,300,WNW,16.1,10.0,1022.2,30.19,,,,,,,Clear,clear,0,0,0,0,0,0
2018-04-20 05:00:00,10.0,50.0,-4.4,24.1,36.0,5.6,3.5,,,0,Variable,16.1,10.0,1022.9,30.21,,,,,,,Clear,clear,0,0,0,0,0,0
2018-04-20 06:00:00,10.0,50.0,-3.9,25.0,38.0,9.3,5.8,,,0,Variable,16.1,10.0,1023.7,30.23,,,,,,,Clear,clear,0,0,0,0,0,0
2018-04-20 07:00:00,10.5,50.9,-3.9,25.0,36.0,7.4,4.6,,,350,North,16.1,10.0,1024.4,30.25,,,,,,,Clear,clear,0,0,0,0,0,0
2018-04-20 08:00:00,12.2,54.0,-5.0,23.0,30.0,16.7,10.4,,,40,NE,16.1,10.0,1024.5,30.26,,,,,,,Clear,clear,0,0,0,0,0,0
2018-04-20 09:00:00,13.9,57.0,-5.0,23.0,27.0,16.7,10.4,,,30,NNE,16.1,10.0,1024.6,30.26,,,,,,,Clear,clear,0,0,0,0,0,0
2018-04-20 10:00:00,15.0,59.0,-7.2,19.0,21.0,20.4,12.7,29.6,18.4,30,NNE,16.1,10.0,1024.8,30.27,,,,,,,Clear,clear,0,0,0,0,0,0
2018-04-20 11:00:00,16.7,62.1,-7.8,18.0,18.0,,,,,0,North,16.1,10.0,1024.7,30.26,,,,,,,Clear,clear,0,0,0,0,0,0
2018-04-20 12:00:00,17.8,64.0,-8.9,16.0,16.0,13.0,8.1,,,20,NNE,16.1,10.0,1024.4,30.25,,,,,,,Clear,clear,0,0,0,0,0,0
2018-04-20 13:00:00,18.9,66.0,-10.0,14.0,13.0,9.3,5.8,27.8,17.3,0,Variable,16.1,10.0,1023.6,30.23,,,,,,,Clear,clear,0,0,0,0,0,0
2018-04-20 14:00:00,18.9,66.0,-12.8,9.0,11.0,16.7,10.4,,,70,ENE,16.1,10.0,1023.4,30.22,,,,,,,Clear,clear,0,0,0,0,0,0
2018-04-20 15:00:00,19.4,66.9,-13.3,8.1,10.0,11.1,6.9,,,340,NNW,16.1,10.0,1022.8,30.21,,,,,,,Clear,clear,0,0,0,0,0,0
2018-04-20 16:00:00,20.0,68.0,-12.8,9.0,10.0,7.4,4.6,,,0,Variable,16.1,10.0,1022.5,30.2,,,,,,,Clear,clear,0,0,0,0,0,0
2018-04-20 17:00:00,19.4,66.9,-14.4,6.1,9.0,0.0,0.0,,,0,North,16.1,10.0,1022.3,30.19,,,,,,,Clear,clear,0,0,0,0,0,0
2018-04-20 18:00:00,16.1,61.0,-1.1,30.0,31.0,9.3,5.8,,,0,Variable,16.1,10.0,1022.3,30.19,,,,,,,Clear,clear,0,0,0,0,0,0
2018-04-20 19:00:00,13.9,57.0,-3.9,25.0,29.0,9.3,5.8,,,0,Variable,16.1,10.0,1022.6,30.2,,,,,,,Clear,clear,0,0,0,0,0,0
2018-04-20 20:00:00,13.3,55.9,-3.9,25.0,30.0,5.6,3.5,,,200,SSW,16.1,10.0,1022.9,30.21,,,,,,,Clear,clear,0,0,0,0,0,0
2018-04-20 21:00:00,13.9,57.0,-4.4,24.1,28.0,0.0,0.0,,,0,North,16.1,10.0,1023.0,30.21,,,,,,,Clear,clear,0,0,0,0,0,0
2018-04-20 22:00:00,13.9,57.0,-2.8,27.0,32.0,9.3,5.8,,,0,Variable,16.1,10.0,1023.1,30.22,,,,,,,Clear,clear,0,0,0,0,0,0
2018-04-20 23:00:00,12.2,54.0,-2.8,27.0,35.0,7.4,4.6,,,0,Variable,16.1,10.0,1023.1,30.22,,,,,,,Clear,clear,0,0,0,0,0,0
2018-04-21 00:00:00,11.7,53.1,-5.0,23.0,31.0,13.0,8.1,,,220,SW,16.1,10.0,1023.1,30.22,,,,,,,Clear,clear,0,0,0,0,0,0
2018-04-21 01:00:00,11.1,52.0,-5.0,23.0,32.0,,,,,0,North,16.1,10.0,1022.8,30.21,,,,,,,Clear,clear,0,0,0,0,0,0
2018-04-21 02:00:00,11.1,52.0,-3.3,26.1,37.0,11.1,6.9,,,0,Variable,16.1,10.0,1022.3,30.19,,,,,,,Clear,clear,0,0,0,0,0,0
2018-04-21 03:00:00,10.0,50.0,-1.1,30.0,46.0,7.4,4.6,,,0,Variable,16.1,10.0,1022.0,30.18,,,,,,,Clear,clear,0,0,0,0,0,0
2018-04-21 04:00:00,9.4,48.9,-0.6,30.9,50.0,13.0,8.1,,,240,WSW,16.1,10.0,1021.9,30.18,,,,,,,Clear,clear,0,0,0,0,0,0
2018-04-21 05:00:00,10.0,50.0,0.6,33.1,52.0,7.4,4.6,,,0,Variable,16.1,10.0,1021.9,30.18,,,,,,,Clear,clear,0,0,0,0,0,0
2018-04-21 06:00:00,10.0,50.0,0.0,32.0,50.0,5.6,3.5,,,0,Variable,16.1,10.0,1022.1,30.19,,,,,,,Clear,clear,0,0,0,0,0,0
2018-04-21 07:00:00,10.6,51.1,0.6,33.1,50.0,9.3,5.8,27.8,17.3,0,Variable,16.1,10.0,1022.2,30.19,,,,,,,Clear,clear,0,0,0,0,0,0
2018-04-21 08:00:00,12.2,54.0,1.1,34.0,47.0,9.3,5.8,,,0,Variable,16.1,10.0,1022.0,30.18,,,,,,,Clear,clear,0,0,0,0,0,0
2018-04-21 09:00:00,13.9,57.0,0.0,32.0,39.0,9.3,5.8,,,0,Variable,16.1,10.0,1021.5,30.17,,,,,,,Clear,clear,0,0,0,0,0,0
2018-04-21 10:00:00,16.7,62.1,-1.1,30.0,30.0,24.1,15.0,33.3,20.7,260,West,16.1,10.0,1020.9,30.15,,,,,,,Clear,clear,0,0,0,0,0,0
2018-04-21 11:00:00,18.3,64.9,-0.6,30.9,28.0,0.0,0.0,,,0,North,16.1,10.0,1020.1,30.13,,,,,,,Clear,clear,0,0,0,0,0,0
2018-04-21 12:00:00,20.6,69.1,-1.7,28.9,22.0,5.6,3.5,,,0,Variable,16.1,10.0,1019.1,30.1,,,,,,,Clear,clear,0,0,0,0,0,0
2018-04-21 13:00:00,20.0,68.0,1.1,34.0,28.0,16.7,10.4,31.5,19.6,180,South,16.1,10.0,1017.9,30.06,,,,,,,Clear,clear,0,0,0,0,0,0
2018-04-21 14:00:00,21.1,70.0,2.2,36.0,29.0,,,,,0,North,16.1,10.0,1017.0,30.04,,,,,,,Clear,clear,0,0,0,0,0,0
2018-04-21 15:00:00,21.7,71.1,2.2,36.0,28.0,,,,,0,North,16.1,10.0,1015.7,30.0,,,,,,,Clear,clear,0,0,0,0,0,0
2018-04-21 16:00:00,21.7,71.1,3.9,39.0,31.0,9.3,5.8,,,160,SSE,16.1,10.0,1014.8,29.97,,,,,,,Clear,clear,0,0,0,0,0,0
2018-04-21 17:00:00,21.1,70.0,6.1,43.0,38.0,9.3,5.8,,,160,SSE,16.1,10.0,1014.6,29.96,,,,,,,Clear,clear,0,0,0,0,0,0
2018-04-21 18:00:00,20.6,69.1,7.8,46.0,44.0,5.6,3.5,,,0,Variable,16.1,10.0,1014.4,29.96,,,,,,,Clear,clear,0,0,0,0,0,0
2018-04-21 19:00:00,21.1,70.0,7.8,46.0,42.0,9.3,5.8,,,0,Variable,16.1,10.0,1014.7,29.97,,,,,,,Clear,clear,0,0,0,0,0,0
2018-04-21 20:00:00,20.6,69.1,7.8,46.0,44.0,5.6,3.5,,,0,Variable,16.1,10.0,1015.3,29.99,,,,,,,Clear,clear,0,0,0,0,0,0
2018-04-21 21:00:00,20.6,69.1,8.3,46.9,45.0,7.4,4.6,,,0,Variable,16.1,10.0,1015.4,29.99,,,,,,,Clear,clear,0,0,0,0,0,0
2018-04-21 22:00:00,20.0,68.0,7.2,45.0,43.0,,,,,0,North,16.1,10.0,1015.2,29.98,,,,,,,Clear,clear,0,0,0,0,0,0
2018-04-21 23:00:00,19.4,66.9,6.7,44.1,44.0,7.4,4.6,,,0,Variable,16.1,10.0,1014.9,29.97,,,,,,,Clear,clear,0,0,0,0,0,0
2018-04-22 00:00:00,18.9,66.0,7.8,46.0,48.0,9.3,5.8,,,260,West,16.1,10.0,1015.0,29.98,,,,,,,Clear,clear,0,0,0,0,0,0
2018-04-22 01:00:00,18.9,66.0,8.3,46.9,50.0,11.1,6.9,,,0,Variable,16.1,10.0,1014.5,29.96,,,,,,,Partly Cloudy,partlycloudy,0,0,0,0,0,0
2018-04-22 02:00:00,18.9,66.0,8.3,46.9,50.0,5.6,3.5,,,280,West,16.1,10.0,1014.3,29.96,,,,,,,Partly Cloudy,partlycloudy,0,0,0,0,0,0
2018-04-22 03:00:00,18.3,64.9,8.9,48.0,54.0,0.0,0.0,,,0,North,16.1,10.0,1013.7,29.94,,,,,,,Clear,clear,0,0,0,0,0,0
2018-04-22 04:00:00,18.3,64.9,8.9,48.0,54.0,0.0,0.0,,,0,North,16.1,10.0,1013.5,29.93,,,,,,,Clear,clear,0,0,0,0,0,0
2018-04-22 05:00:00,17.2,63.0,9.4,48.9,60.0,0.0,0.0,,,0,North,16.1,10.0,1013.4,29.93,,,,,,,Clear,clear,0,0,0,0,0,0
2018-04-22 06:00:00,17.2,63.0,11.1,52.0,67.0,0.0,0.0,,,0,North,16.1,10.0,1013.6,29.94,,,,,,,Clear,clear,0,0,0,0,0,0
2018-04-22 07:00:00,18.3,64.9,12.2,54.0,68.0,5.6,3.5,,,260,West,16.1,10.0,1013.7,29.94,,,,,,,Clear,clear,0,0,0,0,0,0
2018-04-22 08:00:00,19.4,66.9,12.8,55.0,66.0,7.4,4.6,,,0,Variable,14.5,9.0,1013.5,29.93,,,,,,,Clear,clear,0,0,0,0,0,0
2018-04-22 09:00:00,20.6,69.1,12.8,55.0,61.0,9.3,5.8,,,0,Variable,12.9,8.0,1013.0,29.92,,,,,,,Clear,clear,0,0,0,0,0,0
2018-04-22 10:00:00,22.2,72.0,12.8,55.0,55.0,5.6,3.5,,,0,Variable,14.5,9.0,1012.8,29.91,,,,,,,Clear,clear,0,0,0,0,0,0
2018-04-22 11:00:00,24.4,75.9,12.8,55.0,48.0,13.0,8.1,,,200,SSW,14.5,9.0,1012.0,29.89,,,,,,,Clear,clear,0,0,0,0,0,0
2018-04-22 12:00:00,25.0,77.0,12.8,55.0,47.0,,,,,0,North,14.5,9.0,1011.4,29.87,,,,,,,Clear,clear,0,0,0,0,0,0
2018-04-22 13:00:00,25.6,78.1,12.2,54.0,43.0,9.3,5.8,,,0,Variable,16.1,10.0,1011.0,29.86,,,,,,,Clear,clear,0,0,0,0,0,0
2018-04-22 14:00:00,25.0,77.0,12.8,55.0,47.0,11.1,6.9,,,160,SSE,12.9,8.0,1010.4,29.84,,,,,,,Clear,clear,0,0,0,0,0,0
2018-04-22 15:00:00,25.0,77.0,12.2,54.0,45.0,,,,,0,North,16.1,10.0,1009.7,29.82,,,,,,,Clear,clear,0,0,0,0,0,0
2018-04-22 16:00:00,25.0,77.0,12.2,54.0,45.0,9.3,5.8,,,0,Variable,16.1,10.0,1009.3,29.81,,,,,,,Clear,clear,0,0,0,0,0,0
2018-04-22 17:00:00,24.4,75.9,12.2,54.0,46.0,7.4,4.6,,,0,Variable,16.1,10.0,1009.3,29.81,,,,,,,Clear,clear,0,0,0,0,0,0
2018-04-22 18:00:00,24.4,75.9,11.1,52.0,43.0,7.4,4.6,,,0,Variable,16.1,10.0,1009.2,29.81,,,,,,,Mostly Cloudy,mostlycloudy,0,0,0,0,0,0
2018-04-22 19:00:00,23.3,73.9,12.8,55.0,52.0,9.3,5.8,,,0,Variable,16.1,10.0,1009.3,29.81,,,,,,,Mostly Cloudy,mostlycloudy,0,0,0,0,0,0
2018-04-22 20:00:00,23.3,73.9,12.2,54.0,50.0,,,,,0,North,16.1,10.0,1009.7,29.82,,,,,,,Overcast,cloudy,0,0,0,0,0,0
2018-04-22 21:00:00,22.2,72.0,12.8,55.0,55.0,5.6,3.5,,,0,Variable,16.1,10.0,1009.9,29.83,,,,,,,Overcast,cloudy,0,0,0,0,0,0
2018-04-22 22:00:00,21.7,71.1,12.8,55.0,57.0,9.3,5.8,,,0,Variable,16.1,10.0,1009.6,29.82,,,,,,,Partly Cloudy,partlycloudy,0,0,0,0,0,0
2018-04-22 23:00:00,21.7,71.1,12.2,54.0,55.0,9.3,5.8,,,0,Variable,16.1,10.0,1009.2,29.81,,,,,,,Mostly Cloudy,mostlycloudy,0,0,0,0,0,0
2018-04-23 00:00:00,19.4,66.9,13.3,55.9,68.0,5.6,3.5,,,0,Variable,12.9,8.0,1009.4,29.81,,,,,0.0,0.0,Light Rain,rain,0,1,0,0,0,0
2018-04-23 01:00:00,17.8,64.0,15.6,60.1,87.0,7.4,4.6,,,0,Variable,6.4,4.0,1009.0,29.8,,,,,1.3,0.05,Light Rain,rain,0,1,0,0,0,0
2018-04-23 02:00:00,17.8,64.0,15.6,60.1,87.0,7.4,4.6,,,0,Variable,6.4,4.0,1008.6,29.79,,,,,0.3,0.01,Light Rain,rain,0,1,0,0,0,0
2018-04-23 03:00:00,17.2,63.0,16.1,61.0,93.0,5.6,3.5,,,0,Variable,4.0,2.5,1008.3,29.78,,,,,2.0,0.08,Light Rain,rain,0,1,0,0,0,0
2018-04-23 04:00:00,17.2,63.0,15.6,60.1,90.0,5.6,3.5,,,0,Variable,6.4,4.0,1007.9,29.77,,,,,0.0,0.0,Light Rain,rain,0,1,0,0,0,0
2018-04-23 05:00:00,16.7,62.1,15.0,59.0,90.0,0.0,0.0,,,0,North,6.4,4.0,1008.2,29.78,,,,,0.3,0.01,Overcast,cloudy,0,0,0,0,0,0
2018-04-23 06:00:00,16.7,62.1,13.9,57.0,84.0,7.4,4.6,,,0,Variable,12.9,8.0,1008.5,29.78,,,,,0.0,0.0,Overcast,cloudy,0,0,0,0,0,0
2018-04-23 07:00:00,16.1,61.0,13.9,57.0,87.0,5.6,3.5,,,0,Variable,8.0,5.0,1009.3,29.81,,,,,0.0,0.0,Light Rain,rain,0,1,0,0,0,0
2018-04-23 08:00:00,16.1,61.0,13.9,57.0,87.0,7.4,4.6,,,0,Variable,9.7,6.0,1009.6,29.82,,,,,0.3,0.01,Light Rain,rain,0,1,0,0,0,0
2018-04-23 09:00:00,16.1,61.0,12.8,55.0,81.0,9.3,5.8,,,0,Variable,16.1,10.0,1010.1,29.83,,,,,0.0,0.0,Overcast,cloudy,0,0,0,0,0,0
2018-04-23 10:00:00,16.1,61.0,11.7,53.1,75.0,,,,,0,North,16.1,10.0,1010.6,29.85,,,,,0.0,0.0,Overcast,cloudy,0,0,0,0,0,0
2018-04-23 11:00:00,17.8,64.0,10.0,50.0,60.0,11.1,6.9,,,0,Variable,16.1,10.0,1010.6,29.85,,,,,,,Scattered Clouds,partlycloudy,0,0,0,0,0,0
2018-04-23 12:00:00,18.3,64.9,9.4,48.9,56.0,13.0,8.1,,,20,NNE,16.1,10.0,1010.3,29.84,,,,,,,Mostly Cloudy,mostlycloudy,0,0,0,0,0,0
2018-04-23 13:00:00,18.9,66.0,7.8,46.0,48.0,14.8,9.2,31.5,19.6,340,NNW,16.1,10.0,1010.3,29.84,,,,,,,Partly Cloudy,partlycloudy,0,0,0,0,0,0
2018-04-23 14:00:00,21.1,70.0,7.8,46.0,42.0,13.0,8.1,,,50,NE,16.1,10.0,1009.6,29.82,,,,,,,Clear,clear,0,0,0,0,0,0
2018-04-23 15:00:00,20.6,69.1,7.2,45.0,42.0,14.8,9.2,,,40,NE,16.1,10.0,1009.2,29.81,,,,,,,Mostly Cloudy,mostlycloudy,0,0,0,0,0,0
2018-04-23 16:00:00,19.4,66.9,6.1,43.0,42.0,16.7,10.4,,,50,NE,16.1,10.0,1009.3,29.81,,,,,,,Partly Cloudy,partlycloudy,0,0,0,0,0,0
2018-04-23 17:00:00,20.0,68.0,4.4,39.9,36.0,22.2,13.8,31.5,19.6,20,NNE,16.1,10.0,1010.0,29.83,,,,,,,Clear,clear,0,0,0,0,0,0
2018-04-23 18:00:00,18.3,64.9,3.9,39.0,39.0,14.8,9.2,35.2,21.9,40,NE,16.1,10.0,1010.6,29.85,,,,,,,Partly Cloudy,partlycloudy,0,0,0,0,0,0
2018-04-23 19:00:00,16.7,62.1,2.8,37.0,39.0,18.5,11.5,29.6,18.4,30,NNE,16.1,10.0,1011.6,29.88,,,,,,,Clear,clear,0,0,0,0,0,0
2018-04-23 20:00:00,16.1,61.0,2.2,36.0,39.0,13.0,8.1,27.8,17.3,40,NE,16.1,10.0,1012.8,29.91,,,,,,,Clear,clear,0,0,0,0,0,0
2018-04-23 21:00:00,15.0,59.0,2.2,36.0,42.0,7.4,4.6,,,0,Variable,16.1,10.0,1013.5,29.93,,,,,,,Clear,clear,0,0,0,0,0,0
2018-04-23 22:00:00,14.4,57.9,-0.6,30.9,36.0,18.5,11.5,33.3,20.7,10,North,16.1,10.0,1014.0,29.95,,,,,,,Clear,clear,0,0,0,0,0,0
2018-04-23 23:00:00,13.9,57.0,-1.7,28.9,34.0,16.7,10.4,29.6,18.4,10,North,16.1,10.0,1014.5,29.96,,,,,,,Clear,clear,0,0,0,0,0,0
2018-04-24 00:00:00,12.8,55.0,-2.8,27.0,34.0,16.7,10.4,29.6,18.4,30,NNE,16.1,10.0,1015.1,29.98,,,,,,,Clear,clear,0,0,0,0,0,0
2018-04-24 01:00:00,11.7,53.1,-4.4,24.1,32.0,13.0,8.1,,,20,NNE,16.1,10.0,1015.4,29.99,,,,,,,Clear,clear,0,0,0,0,0,0
2018-04-24 02:00:00,10.6,51.1,-6.1,21.0,31.0,13.0,8.1,,,30,NNE,16.1,10.0,1015.6,29.99,,,,,,,Clear,clear,0,0,0,0,0,0
2018-04-24 03:00:00,10.0,50.0,-6.1,21.0,32.0,16.7,10.4,40.7,25.3,40,NE,16.1,10.0,1016.2,30.01,,,,,,,Clear,clear,0,0,0,0,0,0
2018-04-24 04:00:00,9.4,48.9,-5.6,21.9,35.0,11.1,6.9,,,50,NE,16.1,10.0,1016.7,30.03,,,,,,,Clear,clear,0,0,0,0,0,0
2018-04-24 05:00:00,8.3,46.9,-6.7,19.9,34.0,14.8,9.2,,,50,NE,16.1,10.0,1017.4,30.05,,,,,,,Clear,clear,0,0,0,0,0,0
2018-04-24 06:00:00,8.9,48.0,-6.1,21.0,34.0,18.5,11.5,27.8,17.3,40,NE,16.1,10.0,1018.7,30.09,,,,,,,Clear,clear,0,0,0,0,0,0
2018-04-24 07:00:00,8.9,48.0,-6.7,19.9,33.0,14.8,9.2,25.9,16.1,350,North,16.1,10.0,1019.4,30.11,,,,,,,Clear,clear,0,0,0,0,0,0
2018-04-24 08:00:00,10.0,50.0,-7.2,19.0,29.0,9.3,5.8,,,0,Variable,16.1,10.0,1019.5,30.11,,,,,,,Clear,clear,0,0,0,0,0,0
2018-04-24 09:00:00,11.1,52.0,-7.2,19.0,27.0,11.1,6.9,,,350,North,16.1,10.0,1019.5,30.11,,,,,,,Clear,clear,0,0,0,0,0,0
2018-04-24 10:00:00,12.8,55.0,-7.8,18.0,23.0,13.0,8.1,,,50,NE,16.1,10.0,1019.2,30.1,,,,,,,Clear,clear,0,0,0,0,0,0
2018-04-24 11:00:00,14.4,57.9,-8.3,17.1,20.0,,,,,0,North,16.1,10.0,1018.5,30.08,,,,,,,Clear,clear,0,0,0,0,0,0
2018-04-24 12:00:00,16.1,61.0,-7.2,19.0,20.0,0.0,0.0,,,0,North,16.1,10.0,1018.1,30.07,,,,,,,Clear,clear,0,0,0,0,0,0
2018-04-24 13:00:00,16.7,62.1,-8.3,17.1,18.0,5.6,3.5,,,0,Variable,16.1,10.0,1016.9,30.03,,,,,,,Clear,clear,0,0,0,0,0,0
2018-04-24 14:00:00,18.9,66.0,-7.2,19.0,17.0,13.0,8.1,,,310,NW,16.1,10.0,1015.7,30.0,,,,,,,Clear,clear,0,0,0,0,0,0
2018-04-24 15:00:00,18.9,66.0,-7.8,18.0,16.0,7.4,4.6,,,230,SW,16.1,10.0,1015.1,29.98,,,,,,,Clear,clear,0,0,0,0,0,0
2018-04-24 16:00:00,20.0,68.0,-5.0,23.0,18.0,0.0,0.0,,,0,North,16.1,10.0,1014.7,29.97,,,,,,,Clear,clear,0,0,0,0,0,0
2018-04-24 17:00:00,17.2,63.0,-2.8,27.0,26.0,,,,,0,North,16.1,10.0,1014.7,29.97,,,,,,,Clear,clear,0,0,0,0,0,0
2018-04-24 18:00:00,14.4,57.9,-2.2,28.0,32.0,9.3,5.8,,,190,South,16.1,10.0,1015.7,30.0,,,,,,,Clear,clear,0,0,0,0,0,0
2018-04-24 19:00:00,12.8,55.0,-1.7,28.9,37.0,11.1,6.9,,,0,Variable,16.1,10.0,1016.2,30.01,,,,,,,Clear,clear,0,0,0,0,0,0
2018-04-24 20:00:00,12.2,54.0,0.6,33.1,45.0,9.3,5.8,,,150,SSE,16.1,10.0,1016.8,30.03,,,,,,,Clear,clear,0,0,0,0,0,0
2018-04-24 21:00:00,11.7,53.1,3.3,37.9,57.0,7.4,4.6,,,0,Variable,16.1,10.0,1017.0,30.04,,,,,,,Clear,clear,0,0,0,0,0,0
2018-04-24 22:00:00,11.1,52.0,3.9,39.0,61.0,0.0,0.0,,,0,North,16.1,10.0,1017.0,30.04,,,,,,,Clear,clear,0,0,0,0,0,0
2018-04-24 23:00:00,11.1,52.0,5.0,41.0,66.0,5.6,3.5,,,50,NE,16.1,10.0,1017.1,30.04,,,,,,,Clear,clear,0,0,0,0,0,0
2018-04-25 00:00:00,10.6,51.1,5.0,41.0,68.0,5.6,3.5,,,40,NE,16.1,10.0,1016.9,30.03,,,,,,,Clear,clear,0,0,0,0,0,0
2018-04-25 01:00:00,10.6,51.1,4.4,39.9,66.0,5.6,3.5,,,40,NE,16.1,10.0,1016.7,30.03,,,,,,,Clear,clear,0,0,0,0,0,0
2018-04-25 02:00:00,11.1,52.0,5.0,41.0,66.0,5.6,3.5,,,70,ENE,16.1,10.0,1016.4,30.02,,,,,,,Clear,clear,0,0,0,0,0,0
2018-04-25 03:00:00,11.7,53.1,5.0,41.0,64.0,5.6,3.5,,,60,ENE,16.1,10.0,1016.6,30.02,,,,,,,Mostly Cloudy,mostlycloudy,0,0,0,0,0,0
2018-04-25 04:00:00,11.1,52.0,5.0,41.0,66.0,0.0,0.0,,,0,North,16.1,10.0,1016.6,30.02,,,,,,,Overcast,cloudy,0,0,0,0,0,0
2018-04-25 05:00:00,11.7,53.1,3.3,37.9,57.0,0.0,0.0,,,0,North,16.1,10.0,1016.6,30.02,,,,,,,Overcast,cloudy,0,0,0,0,0,0
2018-04-25 06:00:00,12.2,54.0,3.9,39.0,57.0,5.6,3.5,,,20,NNE,16.1,10.0,1016.9,30.03,,,,,,,Overcast,cloudy,0,0,0,0,0,0
2018-04-25 07:00:00,12.8,55.0,3.3,37.9,53.0,0.0,0.0,,,0,North,16.1,10.0,1017.3,30.04,,,,,,,Overcast,cloudy,0,0,0,0,0,0
2018-04-25 08:00:00,13.9,57.0,-0.6,30.9,37.0,9.3,5.8,,,60,ENE,16.1,10.0,1017.1,30.04,,,,,,,Mostly Cloudy,mostlycloudy,0,0,0,0,0,0
2018-04-25 09:00:00,15.0,59.0,-1.7,28.9,32.0,9.3,5.8,,,0,Variable,16.1,10.0,1016.9,30.03,,,,,,,Mostly Cloudy,mostlycloudy,0,0,0,0,0,0
2018-04-25 10:00:00,16.1,61.0,-0.6,30.9,32.0,13.0,8.1,,,50,NE,16.1,10.0,1016.3,30.01,,,,,,,Partly Cloudy,partlycloudy,0,0,0,0,0,0
2018-04-25 11:00:00,18.3,64.9,0.0,32.0,29.0,13.0,8.1,,,40,NE,16.1,10.0,1015.4,29.99,,,,,,,Clear,clear,0,0,0,0,0,0
2018-04-25 12:00:00,18.3,64.9,3.3,37.9,37.0,9.3,5.8,,,70,ENE,16.1,10.0,1014.7,29.97,,,,,,,Clear,clear,0,0,0,0,0,0
2018-04-25 13:00:00,17.8,64.0,2.2,36.0,35.0,9.3,5.8,,,0,Variable,16.1,10.0,1014.4,29.96,,,,,,,Clear,clear,0,0,0,0,0,0
2018-04-25 14:00:00,18.9,66.0,5.0,41.0,40.0,5.6,3.5,,,0,Variable,16.1,10.0,1013.9,29.94,,,,,,,Clear,clear,0,0,0,0,0,0
2018-04-25 15:00:00,18.9,66.0,5.0,41.0,40.0,7.4,4.6,,,0,Variable,16.1,10.0,1013.1,29.92,,,,,,,Clear,clear,0,0,0,0,0,0
2018-04-25 16:00:00,19.4,66.9,5.6,42.1,40.0,13.0,8.1,,,80,East,16.1,10.0,1012.3,29.9,,,,,,,Clear,clear,0,0,0,0,0,0
2018-04-25 17:00:00,18.9,66.0,6.7,44.1,45.0,9.3,5.8,,,0,Variable,16.1,10.0,1012.2,29.89,,,,,,,Clear,clear,0,0,0,0,0,0
2018-04-25 18:00:00,17.2,63.0,6.7,44.1,50.0,,,,,0,North,16.1,10.0,1012.1,29.89,,,,,,,Clear,clear,0,0,0,0,0,0
2018-04-25 19:00:00,16.1,61.0,7.2,45.0,56.0,7.4,4.6,,,0,Variable,16.1,10.0,1011.9,29.88,,,,,,,Clear,clear,0,0,0,0,0,0
2018-04-25 20:00:00,15.0,59.0,7.2,45.0,60.0,0.0,0.0,,,0,North,16.1,10.0,1012.3,29.9,,,,,,,Clear,clear,0,0,0,0,0,0
2018-04-25 21:00:00,15.0,59.0,6.7,44.1,58.0,0.0,0.0,,,0,North,16.1,10.0,1012.1,29.89,,,,,,,Clear,clear,0,0,0,0,0,0
2018-04-25 22:00:00,14.4,57.9,7.2,45.0,62.0,9.3,5.8,,,130,SE,16.1,10.0,1011.1,29.86,,,,,,,Clear,clear,0,0,0,0,0,0
2018-04-25 23:00:00,13.9,57.0,7.8,46.0,67.0,0.0,0.0,,,0,North,16.1,10.0,1010.7,29.85,,,,,,,Clear,clear,0,0,0,0,0,0
2018-04-26 00:00:00,13.3,55.9,7.8,46.0,69.0,9.3,5.8,,,70,ENE,16.1,10.0,1010.2,29.83,,,,,,,Clear,clear,0,0,0,0,0,0
2018-04-26 01:00:00,12.8,55.0,7.8,46.0,72.0,9.3,5.8,,,80,East,16.1,10.0,1009.1,29.8,,,,,,,Clear,clear,0,0,0,0,0,0
2018-04-26 02:00:00,12.8,55.0,7.8,46.0,72.0,16.7,10.4,,,60,ENE,16.1,10.0,1007.7,29.76,,,,,,,Overcast,cloudy,0,0,0,0,0,0
2018-04-26 03:00:00,11.1,52.0,8.9,48.0,86.0,14.8,9.2,,,30,NNE,2.4,1.5,1009.3,29.81,,,,,1.8,0.07,Heavy Rain,rain,0,1,0,0,0,0
2018-04-26 04:00:00,10.6,51.1,8.9,48.0,89.0,11.1,6.9,,,0,Variable,11.3,7.0,1007.6,29.76,,,,,2.5,0.1,Mostly Cloudy,mostlycloudy,0,0,0,0,0,0
2018-04-26 05:00:00,11.1,52.0,8.9,48.0,86.0,0.0,0.0,,,0,North,9.7,6.0,1007.9,29.77,,,,,,,Mostly Cloudy,mostlycloudy,0,0,0,0,0,0
2018-04-26 06:00:00,11.1,52.0,9.4,48.9,89.0,9.3,5.8,,,0,Variable,8.0,5.0,1007.4,29.75,,,,,,,Mostly Cloudy,mostlycloudy,0,0,0,0,0,0
2018-04-26 07:00:00,11.7,53.1,9.4,48.9,86.0,7.4,4.6,,,60,ENE,8.0,5.0,1007.2,29.75,,,,,,,Overcast,cloudy,0,0,0,0,0,0
2018-04-26 08:00:00,11.7,53.1,9.4,48.9,86.0,7.4,4.6,,,0,Variable,8.0,5.0,1006.3,29.72,,,,,,,Overcast,cloudy,0,0,0,0,0,0
2018-04-26 09:00:00,13.3,55.9,10.0,50.0,80.0,7.4,4.6,,,60,ENE,6.4,4.0,1005.6,29.7,,,,,,,Haze,hazy,0,0,0,0,0,0
2018-04-26 10:00:00,13.3,55.9,10.0,50.0,80.0,11.1,6.9,,,50,NE,8.0,5.0,1005.5,29.7,,,,,,,Haze,hazy,0,0,0,0,0,0
2018-04-26 11:00:00,13.3,55.9,9.4,48.9,77.0,11.1,6.9,,,70,ENE,6.4,4.0,1004.8,29.68,,,,,,,Haze,hazy,0,0,0,0,0,0
2018-04-26 12:00:00,13.9,57.0,8.9,48.0,72.0,11.1,6.9,,,70,ENE,9.7,6.0,1004.4,29.66,,,,,,,Haze,hazy,0,0,0,0,0,0
2018-04-26 13:00:00,13.9,57.0,8.3,46.9,69.0,9.3,5.8,,,0,Variable,11.3,7.0,1004.3,29.66,,,,,,,Scattered Clouds,partlycloudy,0,0,0,0,0,0
2018-04-26 14:00:00,15.6,60.1,8.3,46.9,62.0,13.0,8.1,,,60,ENE,11.3,7.0,1004.0,29.65,,,,,,,Partly Cloudy,partlycloudy,0,0,0,0,0,0
2018-04-26 15:00:00,13.3,55.9,9.4,48.9,77.0,16.7,10.4,,,60,ENE,9.7,6.0,1004.9,29.68,,,,,0.3,0.01,Haze,hazy,0,0,0,0,0,0
2018-04-26 16:00:00,11.1,52.0,9.4,48.9,89.0,9.3,5.8,,,100,East,4.8,3.0,1005.9,29.71,,,,,1.0,0.04,Light Rain,rain,0,1,0,0,0,0
2018-04-26 17:00:00,10.6,51.1,8.9,48.0,89.0,9.3,5.8,,,90,East,8.0,5.0,1006.5,29.73,,,,,0.5,0.02,Overcast,cloudy,0,0,0,0,0,0
2018-04-26 18:00:00,10.6,51.1,8.3,46.9,86.0,14.8,9.2,,,60,ENE,8.0,5.0,1007.4,29.75,,,,,,,Overcast,cloudy,0,0,0,0,0,0
2018-04-26 19:00:00,9.4,48.9,6.7,44.1,83.0,13.0,8.1,,,80,East,12.9,8.0,1008.2,29.78,,,,,,,Overcast,cloudy,0,0,0,0,0,0
2018-04-26 20:00:00,8.3,46.9,5.6,42.1,83.0,16.7,10.4,,,90,East,11.3,7.0,1009.9,29.83,,,,,,,Overcast,cloudy,0,0,0,0,0,0
2018-04-26 21:00:00,8.3,46.9,5.0,41.0,80.0,16.7,10.4,29.6,18.4,70,ENE,14.5,9.0,1010.6,29.85,,,,,,,Overcast,cloudy,0,0,0,0,0,0
2018-04-26 22:00:00,8.9,48.0,5.0,41.0,77.0,16.7,10.4,29.6,18.4,60,ENE,14.5,9.0,1010.9,29.86,,,,,,,Overcast,cloudy,0,0,0,0,0,0
2018-04-26 23:00:00,8.3,46.9,4.4,39.9,77.0,13.0,8.1,,,90,East,16.1,10.0,1011.5,29.87,,,,,,,Overcast,cloudy,0,0,0,0,0,0
2018-04-27 00:00:00,8.3,46.9,3.9,39.0,74.0,9.3,5.8,,,0,Variable,16.1,10.0,1011.5,29.87,,,,,,,Overcast,cloudy,0,0,0,0,0,0
2018-04-27 01:00:00,8.3,46.9,3.9,39.0,74.0,11.1,6.9,,,80,East,16.1,10.0,1011.5,29.87,,,,,,,Overcast,cloudy,0,0,0,0,0,0
2018-04-27 02:00:00,7.8,46.0,3.9,39.0,76.0,0.0,0.0,,,0,North,16.1,10.0,1011.9,29.88,,,,,,,Overcast,cloudy,0,0,0,0,0,0
2018-04-27 03:00:00,7.8,46.0,3.3,37.9,73.0,9.3,5.8,,,60,ENE,16.1,10.0,1012.7,29.91,6.2,43.1,,,,,Overcast,cloudy,0,0,0,0,0,0
2018-04-27 04:00:00,8.3,46.9,3.3,37.9,71.0,0.0,0.0,,,0,North,16.1,10.0,1013.0,29.92,,,,,,,Overcast,cloudy,0,0,0,0,0,0
2018-04-27 05:00:00,8.3,46.9,2.8,37.0,68.0,11.1,6.9,,,20,NNE,16.1,10.0,1013.0,29.92,,,,,,,Overcast,cloudy,0,0,0,0,0,0
2018-04-27 06:00:00,8.3,46.9,2.2,36.0,66.0,11.1,6.9,,,60,ENE,16.1,10.0,1013.2,29.92,,,,,,,Overcast,cloudy,0,0,0,0,0,0
2018-04-27 07:00:00,9.4,48.9,2.8,37.0,64.0,9.3,5.8,,,60,ENE,16.1,10.0,1013.5,29.93,,,,,,,Overcast,cloudy,0,0,0,0,0,0
2018-04-27 08:00:00,10.0,50.0,3.3,37.9,63.0,9.3,5.8,,,0,Variable,16.1,10.0,1013.6,29.94,,,,,,,Overcast,cloudy,0,0,0,0,0,0
2018-04-27 09:00:00,10.6,51.1,2.8,37.0,59.0,5.6,3.5,,,0,Variable,16.1,10.0,1014.1,29.95,,,,,,,Overcast,cloudy,0,0,0,0,0,0
2018-04-27 10:00:00,11.1,52.0,2.8,37.0,57.0,0.0,0.0,,,0,North,16.1,10.0,1013.8,29.94,,,,,,,Overcast,cloudy,0,0,0,0,0,0
2018-04-27 11:00:00,11.7,53.1,2.8,37.0,55.0,0.0,0.0,,,0,North,16.1,10.0,1013.6,29.94,,,,,,,Overcast,cloudy,0,0,0,0,0,0
2018-04-27 12:00:00,13.3,55.9,3.9,39.0,53.0,0.0,0.0,,,0,North,16.1,10.0,1013.1,29.92,,,,,,,Overcast,cloudy,0,0,0,0,0,0
2018-04-27 13:00:00,14.4,57.9,3.9,39.0,49.0,5.6,3.5,,,0,Variable,16.1,10.0,1012.5,29.9,,,,,,,Partly Cloudy,partlycloudy,0,0,0,0,0,0
2018-04-27 14:00:00,15.0,59.0,3.3,37.9,46.0,0.0,0.0,,,0,North,16.1,10.0,1011.8,29.88,,,,,,,Partly Cloudy,partlycloudy,0,0,0,0,0,0
2018-04-27 15:00:00,16.7,62.1,5.0,41.0,46.0,5.6,3.5,,,0,Variable,16.1,10.0,1011.4,29.87,,,,,,,Clear,clear,0,0,0,0,0,0
2018-04-27 16:00:00,15.0,59.0,5.0,41.0,51.0,11.1,6.9,,,0,Variable,16.1,10.0,1011.6,29.88,,,,,,,Clear,clear,0,0,0,0,0,0
2018-04-27 17:00:00,14.4,57.9,5.6,42.1,56.0,13.0,8.1,,,160,SSE,16.1,10.0,1011.3,29.87,,,,,,,Clear,clear,0,0,0,0,0,0
2018-04-27 18:00:00,12.8,55.0,5.0,41.0,59.0,14.8,9.2,,,170,South,16.1,10.0,1011.4,29.87,,,,,,,Clear,clear,0,0,0,0,0,0
2018-04-27 19:00:00,12.2,54.0,5.6,42.1,64.0,7.4,4.6,,,0,Variable,16.1,10.0,1011.4,29.87,,,,,,,Clear,clear,0,0,0,0,0,0
2018-04-27 20:00:00,12.2,54.0,6.1,43.0,66.0,7.4,4.6,,,240,WSW,16.1,10.0,1011.4,29.87,,,,,,,Clear,clear,0,0,0,0,0,0
2018-04-27 21:00:00,12.2,54.0,6.1,43.0,66.0,9.3,5.8,,,0,Variable,16.1,10.0,1012.2,29.89,,,,,,,Clear,clear,0,0,0,0,0,0
2018-04-27 22:00:00,12.2,54.0,6.1,43.0,66.0,9.3,5.8,,,250,WSW,16.1,10.0,1012.7,29.91,,,,,,,Clear,clear,0,0,0,0,0,0
2018-04-27 23:00:00,11.7,53.1,6.1,43.0,69.0,7.4,4.6,,,270,West,16.1,10.0,1013.0,29.92,,,,,,,Clear,clear,0,0,0,0,0,0
2018-04-28 00:00:00,11.7,53.1,6.7,44.1,71.0,7.4,4.6,,,270,West,14.5,9.0,1013.2,29.92,,,,,,,Clear,clear,0,0,0,0,0,0
2018-04-28 01:00:00,11.1,52.0,6.7,44.1,74.0,0.0,0.0,,,0,North,14.5,9.0,1013.0,29.92,,,,,,,Clear,clear,0,0,0,0,0,0
2018-04-28 02:00:00,10.6,51.1,6.1,43.0,74.0,5.6,3.5,,,0,Variable,14.5,9.0,1013.3,29.93,,,,,,,Clear,clear,0,0,0,0,0,0
2018-04-28 03:00:00,10.6,51.1,0.6,33.1,50.0,18.5,11.5,27.8,17.3,50,NE,16.1,10.0,1013.9,29.94,,,,,,,Clear,clear,0,0,0,0,0,0
2018-04-28 04:00:00,9.4,48.9,-3.3,26.1,41.0,11.1,6.9,,,60,ENE,16.1,10.0,1014.9,29.97,,,,,,,Clear,clear,0,0,0,0,0,0
2018-04-28 05:00:00,8.9,48.0,-5.6,21.9,36.0,9.3,5.8,,,0,Variable,16.1,10.0,1015.6,29.99,,,,,,,Clear,clear,0,0,0,0,0,0
2018-04-28 06:00:00,8.9,48.0,-6.7,19.9,33.0,9.3,5.8,,,0,Variable,16.1,10.0,1017.0,30.04,,,,,,,Clear,clear,0,0,0,0,0,0
2018-04-28 07:00:00,9.4,48.9,-6.1,21.0,33.0,7.4,4.6,,,0,Variable,16.1,10.0,1017.7,30.06,,,,,,,Clear,clear,0,0,0,0,0,0
2018-04-28 08:00:00,10.0,50.0,-5.0,23.0,35.0,9.3,5.8,,,0,Variable,16.1,10.0,1017.8,30.06,,,,,,,Clear,clear,0,0,0,0,0,0
2018-04-28 09:00:00,11.7,53.1,-5.6,21.9,30.0,0.0,0.0,,,0,North,16.1,10.0,1017.9,30.06,,,,,,,Clear,clear,0,0,0,0,0,0
2018-04-28 10:00:00,12.2,54.0,-3.9,25.0,33.0,11.1,6.9,,,0,Variable,16.1,10.0,1017.5,30.05,,,,,,,Clear,clear,0,0,0,0,0,0
2018-04-28 11:00:00,13.3,55.9,-4.4,24.1,29.0,5.6,3.5,,,0,Variable,16.1,10.0,1018.0,30.06,,,,,,,Clear,clear,0,0,0,0,0,0
2018-04-28 12:00:00,14.4,57.9,-5.6,21.9,25.0,9.3,5.8,,,0,Variable,16.1,10.0,1017.2,30.04,,,,,,,Clear,clear,0,0,0,0,0,0
2018-04-28 13:00:00,13.3,55.9,-0.6,30.9,39.0,11.1,6.9,,,0,Variable,16.1,10.0,1017.1,30.04,,,,,,,Clear,clear,0,0,0,0,0,0
2018-04-28 14:00:00,12.8,55.0,1.1,34.0,45.0,13.0,8.1,,,200,SSW,16.1,10.0,1017.1,30.04,,,,,,,Clear,clear,0,0,0,0,0,0
2018-04-28 15:00:00,12.8,55.0,-0.6,30.9,40.0,9.3,5.8,,,0,Variable,16.1,10.0,1016.9,30.03,,,,,,,Clear,clear,0,0,0,0,0,0
2018-04-28 16:00:00,12.8,55.0,-1.1,30.0,38.0,,,,,0,North,16.1,10.0,1016.7,30.03,,,,,,,Clear,clear,0,0,0,0,0,0
2018-04-28 17:00:00,11.7,53.1,-1.1,30.0,41.0,7.4,4.6,,,170,South,16.1,10.0,1016.9,30.03,,,,,,,Overcast,cloudy,0,0,0,0,0,0
2018-04-28 18:00:00,10.6,51.1,-0.6,30.9,46.0,14.8,9.2,,,160,SSE,16.1,10.0,1017.3,30.04,,,,,,,Overcast,cloudy,0,0,0,0,0,0
2018-04-28 19:00:00,10.0,50.0,-1.1,30.0,46.0,,,,,0,North,16.1,10.0,1017.1,30.04,,,,,,,Overcast,cloudy,0,0,0,0,0,0
2018-04-28 20:00:00,10.0,50.0,-0.6,30.9,48.0,5.6,3.5,,,160,SSE,16.1,10.0,1017.4,30.05,,,,,,,Overcast,cloudy,0,0,0,0,0,0
2018-04-28 21:00:00,10.0,50.0,0.6,33.1,52.0,0.0,0.0,,,0,North,16.1,10.0,1017.8,30.06,,,,,,,Overcast,cloudy,0,0,0,0,0,0
2018-04-28 22:00:00,10.0,50.0,2.2,36.0,59.0,5.6,3.5,,,200,SSW,16.1,10.0,1018.0,30.06,,,,,,,Overcast,cloudy,0,0,0,0,0,0
2018-04-28 23:00:00,9.4,48.9,2.2,36.0,61.0,0.0,0.0,,,0,North,16.1,10.0,1017.6,30.05,,,,,,,Overcast,cloudy,0,0,0,0,0,0
2018-04-29 00:00:00,9.4,48.9,3.3,37.9,66.0,0.0,0.0,,,0,North,16.1,10.0,1017.9,30.06,,,,,,,Overcast,cloudy,0,0,0,0,0,0
2018-04-29 01:00:00,9.4,48.9,3.9,39.0,69.0,0.0,0.0,,,0,North,16.1,10.0,1017.5,30.05,,,,,,,Overcast,cloudy,0,0,0,0,0,0
2018-04-29 02:00:00,9.4,48.9,2.8,37.0,64.0,0.0,0.0,,,0,North,16.1,10.0,1017.2,30.04,,,,,,,Overcast,cloudy,0,0,0,0,0,0
2018-04-29 03:00:00,10.0,50.0,0.6,33.1,52.0,7.4,4.6,,,0,Variable,16.1,10.0,1017.6,30.05,,,,,,,Overcast,cloudy,0,0,0,0,0,0
2018-04-29 04:00:00,10.0,50.0,0.6,33.1,52.0,7.4,4.6,,,0,Variable,16.1,10.0,1017.8,30.06,,,,,,,Overcast,cloudy,0,0,0,0,0,0
2018-04-29 05:00:00,9.4,48.9,1.1,34.0,56.0,11.1,6.9,,,70,ENE,16.1,10.0,1018.1,30.07,,,,,,,Overcast,cloudy,0,0,0,0,0,0
2018-04-29 06:00:00,10.0,50.0,0.0,32.0,50.0,9.3,5.8,,,0,Variable,16.1,10.0,1018.8,30.09,,,,,,,Overcast,cloudy,0,0,0,0,0,0
2018-04-29 07:00:00,9.4,48.9,-0.6,30.9,50.0,14.8,9.2,,,60,ENE,16.1,10.0,1019.4,30.11,,,,,,,Overcast,cloudy,0,0,0,0,0,0
2018-04-29 08:00:00,10.0,50.0,0.0,32.0,50.0,7.4,4.6,,,90,East,16.1,10.0,1019.5,30.11,,,,,,,Overcast,cloudy,0,0,0,0,0,0
2018-04-29 09:00:00,11.1,52.0,-0.6,30.9,45.0,7.4,4.6,,,0,Variable,16.1,10.0,1019.7,30.12,,,,,,,Overcast,cloudy,0,0,0,0,0,0
2018-04-29 10:00:00,12.2,54.0,-1.1,30.0,40.0,16.7,10.4,,,100,East,16.1,10.0,1019.8,30.12,,,,,,,Overcast,cloudy,0,0,0,0,0,0
2018-04-29 11:00:00,12.8,55.0,-4.4,24.1,30.0,16.7,10.4,27.8,17.3,90,East,16.1,10.0,1020.0,30.12,,,,,,,Overcast,cloudy,0,0,0,0,0,0
2018-04-29 12:00:00,13.9,57.0,-6.1,21.0,25.0,16.7,10.4,25.9,16.1,90,East,16.1,10.0,1019.2,30.1,,,,,,,Overcast,cloudy,0,0,0,0,0,0
2018-04-29 13:00:00,13.3,55.9,0.6,33.1,42.0,,,,,0,North,16.1,10.0,1018.7,30.09,,,,,,,Overcast,cloudy,0,0,0,0,0,0
2018-04-29 14:00:00,13.9,57.0,1.1,34.0,42.0,13.0,8.1,,,60,ENE,16.1,10.0,1018.5,30.08,,,,,,,Overcast,cloudy,0,0,0,0,0,0
2018-04-29 15:00:00,12.8,55.0,1.1,34.0,45.0,13.0,8.1,,,60,ENE,16.1,10.0,1018.7,30.09,,,,,,,Overcast,cloudy,0,0,0,0,0,0
2018-04-29 16:00:00,12.2,54.0,1.7,35.1,49.0,5.6,3.5,,,90,East,16.1,10.0,1018.6,30.08,,,,,,,Overcast,cloudy,0,0,0,0,0,0
2018-04-29 17:00:00,11.1,52.0,1.7,35.1,53.0,11.1,6.9,,,0,Variable,16.1,10.0,1018.6,30.08,,,,,,,Overcast,cloudy,0,0,0,0,0,0
2018-04-29 18:00:00,11.1,52.0,2.2,36.0,54.0,7.4,4.6,,,60,ENE,16.1,10.0,1018.8,30.09,,,,,,,Overcast,cloudy,0,0,0,0,0,0
2018-04-29 19:00:00,8.3,46.9,4.4,39.9,77.0,7.4,4.6,,,0,Variable,16.1,10.0,1018.9,30.09,,,,,0.3,0.01,Light Rain,rain,0,1,0,0,0,0
2018-04-29 20:00:00,8.9,48.0,2.2,36.0,63.0,11.1,6.9,,,80,East,16.1,10.0,1020.1,30.13,,,,,0.3,0.01,Overcast,cloudy,0,0,0,0,0,0
2018-04-29 21:00:00,9.4,48.9,2.2,36.0,61.0,9.3,5.8,,,70,ENE,16.1,10.0,1020.9,30.15,,,,,,,Overcast,cloudy,0,0,0,0,0,0
2018-04-29 22:00:00,7.8,46.0,4.4,39.9,79.0,9.3,5.8,,,70,ENE,12.9,8.0,1020.4,30.14,6.2,43.1,,,0.5,0.02,Light Rain,rain,0,1,0,0,0,0
2018-04-29 23:00:00,7.2,45.0,2.8,37.0,74.0,9.3,5.8,,,90,East,16.1,10.0,1020.9,30.15,5.5,41.8,,,0.3,0.01,Overcast,cloudy,0,0,0,0,0,0
2018-04-30 00:00:00,8.3,46.9,2.2,36.0,66.0,5.6,3.5,,,50,NE,16.1,10.0,1021.5,30.17,,,,,,,Overcast,cloudy,0,0,0,0,0,0
2018-04-30 01:00:00,8.9,48.0,3.9,39.0,71.0,7.4,4.6,,,0,Variable,16.1,10.0,1021.4,30.17,,,,,,,Overcast,cloudy,0,0,0,0,0,0
2018-04-30 02:00:00,8.9,48.0,3.3,37.9,68.0,11.1,6.9,,,60,ENE,16.1,10.0,1020.7,30.14,,,,,,,Overcast,cloudy,0,0,0,0,0,0
2018-04-30 03:00:00,8.3,46.9,2.2,36.0,66.0,11.1,6.9,,,0,Variable,16.1,10.0,1021.3,30.16,,,,,,,Overcast,cloudy,0,0,0,0,0,0
2018-04-30 04:00:00,8.3,46.9,2.8,37.0,68.0,5.6,3.5,,,60,ENE,16.1,10.0,1021.7,30.17,,,,,,,Overcast,cloudy,0,0,0,0,0,0
2018-04-30 05:00:00,8.3,46.9,2.8,37.0,68.0,7.4,4.6,,,60,ENE,16.1,10.0,1021.6,30.17,,,,,,,Overcast,cloudy,0,0,0,0,0,0
2018-04-30 06:00:00,8.9,48.0,2.8,37.0,66.0,5.6,3.5,,,0,Variable,16.1,10.0,1023.0,30.21,,,,,,,Overcast,cloudy,0,0,0,0,0,0
2018-04-30 07:00:00,9.4,48.9,3.3,37.9,66.0,13.0,8.1,,,60,ENE,16.1,10.0,1023.2,30.22,,,,,,,Overcast,cloudy,0,0,0,0,0,0
2018-04-30 08:00:00,10.6,51.1,2.8,37.0,59.0,5.6,3.5,,,0,Variable,16.1,10.0,1023.4,30.22,,,,,,,Overcast,cloudy,0,0,0,0,0,0
2018-04-30 09:00:00,11.7,53.1,1.7,35.1,50.0,5.6,3.5,,,30,NNE,16.1,10.0,1023.3,30.22,,,,,,,Overcast,cloudy,0,0,0,0,0,0
2018-04-30 10:00:00,13.3,55.9,2.8,37.0,49.0,11.1,6.9,,,0,Variable,16.1,10.0,1022.6,30.2,,,,,,,Overcast,cloudy,0,0,0,0,0,0
2018-04-30 11:00:00,15.6,60.1,2.2,36.0,41.0,9.3,5.8,,,90,East,16.1,10.0,1022.7,30.2,,,,,,,Clear,clear,0,0,0,0,0,0
2018-04-30 12:00:00,16.7,62.1,2.2,36.0,38.0,13.0,8.1,,,120,ESE,16.1,10.0,1022.0,30.18,,,,,,,Scattered Clouds,partlycloudy,0,0,0,0,0,0
2018-04-30 13:00:00,16.7,62.1,3.3,37.9,41.0,,,,,0,North,16.1,10.0,1022.3,30.19,,,,,,,Clear,clear,0,0,0,0,0,0
2018-04-30 14:00:00,16.7,62.1,0.6,33.1,34.0,11.1,6.9,,,260,West,16.1,10.0,1022.6,30.2,,,,,,,Clear,clear,0,0,0,0,0,0
2018-04-30 15:00:00,17.8,64.0,-1.1,30.0,28.0,5.6,3.5,,,0,Variable,16.1,10.0,1022.3,30.19,,,,,,,Clear,clear,0,0,0,0,0,0
2018-04-30 16:00:00,16.1,61.0,0.0,32.0,34.0,9.3,5.8,,,0,Variable,16.1,10.0,1022.9,30.21,,,,,,,Clear,clear,0,0,0,0,0,0
2018-04-30 17:00:00,13.9,57.0,0.0,32.0,39.0,14.8,9.2,,,170,South,16.1,10.0,1023.1,30.22,,,,,,,Clear,clear,0,0,0,0,0,0
2018-04-30 18:00:00,12.8,55.0,-0.6,30.9,40.0,7.4,4.6,,,0,Variable,16.1,10.0,1023.6,30.23,,,,,,,Clear,clear,0,0,0,0,0,0
2018-04-30 19:00:00,11.7,53.1,0.6,33.1,47.0,11.1,6.9,,,170,South,16.1,10.0,1023.9,30.24,,,,,,,Clear,clear,0,0,0,0,0,0
2018-04-30 20:00:00,11.1,52.0,1.7,35.1,53.0,5.6,3.5,,,0,Variable,16.1,10.0,1024.0,30.24,,,,,,,Clear,clear,0,0,0,0,0,0
2018-04-30 21:00:00,10.6,51.1,2.2,36.0,56.0,13.0,8.1,,,150,SSE,16.1,10.0,1023.9,30.24,,,,,,,Clear,clear,0,0,0,0,0,0
2018-04-30 22:00:00,10.0,50.0,2.8,37.0,61.0,13.0,8.1,,,180,South,16.1,10.0,1023.9,30.24,,,,,,,Clear,clear,0,0,0,0,0,0
2018-04-30 23:00:00,10.0,50.0,2.2,36.0,59.0,,,,,0,North,16.1,10.0,1023.8,30.24,,,,,,,Clear,clear,0,0,0,0,0,0
