2018-05-01 00:00:00,-11.1,12.0,-18.9,-2.0,53.0,11.1,6.9,37.0,23.0,0,Variable,16.1,10.0,1031.7,30.47,-16.9,1.5,,,,,Clear,clear,0,0,0,0,0,0
2018-05-01 01:00:00,-11.1,12.0,-18.9,-2.0,53.0,11.1,6.9,37.0,23.0,0,Variable,16.1,10.0,1031.7,30.47,-16.9,1.5,,,,,Clear,clear,0,0,0,0,0,0
2018-05-01 02:00:00,-11.1,12.0,-19.4,-2.9,51.0,7.4,4.6,37.0,23.0,0,Variable,16.1,10.0,1032.1,30.48,-15.5,4.1,,,,,Clear,clear,0,0,0,0,0,0
2018-05-01 03:00:00,-11.1,12.0,-18.9,-2.0,53.0,11.1,6.9,37.0,23.0,0,Variable,16.1,10.0,1031.7,30.47,-16.9,1.5,,,,,Clear,clear,0,0,0,0,0,0
2018-05-01 04:00:00,-11.1,12.0,-19.4,-2.9,51.0,7.4,4.6,37.0,23.0,0,Variable,16.1,10.0,1032.1,30.48,-15.5,4.1,,,,,Clear,clear,0,0,0,0,0,0
2018-05-01 05:00:00,-11.7,10.9,-19.4,-2.9,54.0,16.7,10.4,33.3,20.7,30,NNE,16.1,10.0,1033.3,30.52,-19.2,-2.6,,,,,Clear,clear,0,0,0,0,0,0
2018-05-01 06:00:00,-11.7,10.9,-19.4,-2.9,54.0,,,,,0,North,16.1,10.0,1034.1,30.54,,,,,,,Clear,clear,0,0,0,0,0,0
2018-05-01 07:00:00,-11.1,12.0,-18.9,-2.0,53.0,9.3,5.8,,,0,Variable,16.1,10.0,1034.2,30.54,-16.3,2.7,,,,,Clear,clear,0,0,0,0,0,0
2018-05-01 08:00:00,-10.6,12.9,-20.0,-4.0,47.0,20.4,12.7,31.5,19.6,350,North,16.1,10.0,1035.6,30.58,-18.7,-1.6,,,,,Clear,clear,0,0,0,0,0,0
2018-05-01 09:00:00,-8.3,17.1,-18.9,-2.0,43.0,,,,,0,North,16.1,10.0,1036.3,30.61,,,,,,,Clear,clear,0,0,0,0,0,0
2018-05-01 10:00:00,-7.2,19.0,-20.0,-4.0,36.0,11.1,6.9,25.9,16.1,0,Variable,16.1,10.0,1036.2,30.6,-12.2,10.0,,,,,Clear,clear,0,0,0,0,0,0
2018-05-01 11:00:00,-5.6,21.9,-20.6,-5.1,30.0,16.7,10.4,29.6,18.4,40,NE,16.1,10.0,1036.0,30.6,-11.6,11.0,,,,,Clear,clear,0,0,0,0,0,0
2018-05-01 12:00:00,-3.9,25.0,-21.1,-6.0,26.0,11.1,6.9,,,0,Variable,16.1,10.0,1035.4,30.58,-8.3,17.1,,,,,Clear,clear,0,0,0,0,0,0
2018-05-01 13:00:00,-2.8,27.0,-21.1,-6.0,24.0,9.3,5.8,,,0,Variable,16.1,10.0,1035.1,30.57,-6.4,20.5,,,,,Clear,clear,0,0,0,0,0,0
2018-05-01 14:00:00,-2.2,28.0,-20.0,-4.0,25.0,7.4,4.6,,,300,WNW,16.1,10.0,1035.3,30.58,-5.1,22.8,,,,,Clear,clear,0,0,0,0,0,0
2018-05-01 15:00:00,-2.2,28.0,-19.4,-2.9,26.0,0.0,0.0,,,0,North,16.1,10.0,1035.8,30.59,,,,,,,Clear,clear,0,0,0,0,0,0
2018-05-01 16:00:00,-2.2,28.0,-20.0,-4.0,25.0,0.0,0.0,,,0,North,16.1,10.0,1036.2,30.6,,,,,,,Clear,clear,0,0,0,0,0,0
2018-05-01 17:00:00,-2.8,27.0,-19.4,-2.9,27.0,0.0,0.0,,,0,North,16.1,10.0,1036.6,30.61,,,,,,,Clear,clear,0,0,0,0,0,0
2018-05-01 18:00:00,-2.8,27.0,-19.4,-2.9,27.0,0.0,0.0,,,0,North,16.1,10.0,1036.8,30.62,,,,,,,Clear,clear,0,0,0,0,0,0
2018-05-01 19:00:00,-2.2,28.0,-18.9,-2.0,27.0,0.0,0.0,,,0,North,16.1,10.0,1036.8,30.62,,,,,,,Clear,clear,0,0,0,0,0,0
2018-05-01 20:00:00,-1.7,28.9,-18.9,-2.0,26.0,5.6,3.5,,,290,WNW,16.1,10.0,1036.7,30.62,-3.8,25.2,,,,,Clear,clear,0,0,0,0,0,0
2018-05-01 21:00:00,-2.2,28.0,-17.8,0.0,30.0,5.6,3.5,,,0,Variable,16.1,10.0,1036.6,30.61,-4.3,24.2,,,,,Clear,clear,0,0,0,0,0,0
2018-05-01 22:00:00,-2.2,28.0,-17.8,0.0,30.0,0.0,0.0,,,0,North,16.1,10.0,1036.6,30.61,,,,,,,Clear,clear,0,0,0,0,0,0
2018-05-01 23:00:00,-2.8,27.0,-17.2,1.0,33.0,5.6,3.5,,,280,West,16.1,10.0,1035.8,30.59,-5.0,23.0,,,,,Clear,clear,0,0,0,0,0,0
2018-05-02 00:00:00,5.0,41.0,-2.2,28.0,60.0,9.3,5.8,,,0,Variable,16.1,10.0,1018.2,30.07,2.8,37.1,,,0.3,0.01,Overcast,cloudy,0,0,0,0,0,0
2018-05-02 01:00:00,4.4,39.9,-2.2,28.0,63.0,22.2,13.8,38.9,24.2,30,NNE,16.1,10.0,1017.0,30.04,0.1,32.1,,,0.0,0.0,Light Rain,rain,0,1,0,0,0,0
2018-05-02 02:00:00,2.8,37.0,-1.1,30.0,76.0,14.8,9.2,37.0,23.0,40,NE,6.4,4.0,1017.5,30.05,-0.9,30.4,,,0.5,0.02,Light Snow,snow,0,0,1,0,0,0
2018-05-02 03:00:00,1.1,34.0,-1.1,30.0,85.0,13.0,8.1,27.8,17.3,30,NNE,2.8,1.8,1017.4,30.05,-2.6,27.2,,,1.5,0.06,Light Snow,snow,0,0,1,0,0,0
2018-05-02 04:00:00,0.6,33.1,-0.6,30.9,92.0,0.0,0.0,,,0,North,2.0,1.2,1017.7,30.06,,,,,2.0,0.08,Light Snow,snow,0,0,1,0,0,0
2018-05-02 05:00:00,0.6,33.1,-1.1,30.0,89.0,9.3,5.8,35.2,21.9,0,Variable,0.8,0.5,1018.7,30.09,-2.4,27.7,,,3.0,0.12,Snow,snow,1,0,1,0,0,0
2018-05-02 06:00:00,0.0,32.0,-1.7,28.9,88.0,16.7,10.4,27.8,17.3,10,North,0.8,0.5,1018.7,30.09,-4.7,23.6,,,2.3,0.09,Snow,snow,1,0,1,0,0,0
2018-05-02 07:00:00,0.0,32.0,-1.7,28.9,88.0,22.2,13.8,33.3,20.7,40,NE,1.2,0.8,1019.6,30.11,-5.5,22.1,,,2.3,0.09,Light Snow,snow,0,0,1,0,0,0
2018-05-02 08:00:00,-0.6,30.9,-1.7,28.9,92.0,13.0,8.1,31.5,19.6,40,NE,0.4,0.2,1018.5,30.08,-4.7,23.5,,,1.0,0.04,Snow,snow,1,0,1,0,0,0
2018-05-02 09:00:00,-0.6,30.9,-2.2,28.0,89.0,,,,,0,North,1.2,0.8,1020.1,30.13,,,,,0.3,0.01,Light Snow,snow,0,0,1,0,0,0
2018-05-02 10:00:00,-0.6,30.9,-2.2,28.0,89.0,9.3,5.8,33.3,20.7,0,Variable,0.8,0.5,1019.1,30.1,-3.8,25.2,,,0.3,0.01,Snow,snow,1,0,1,0,0,0
2018-05-02 11:00:00,0.0,32.0,-2.8,27.0,82.0,20.4,12.7,33.3,20.7,10,North,4.0,2.5,1018.6,30.08,-5.3,22.5,,,0.0,0.0,Haze,hazy,0,0,0,0,0,0
2018-05-02 12:00:00,0.6,33.1,-1.7,28.9,85.0,7.4,4.6,,,0,Variable,8.0,5.0,1018.2,30.07,-1.8,28.7,,,,,Scattered Clouds,partlycloudy,0,0,0,0,0,0
2018-05-02 13:00:00,2.8,37.0,-3.3,26.1,65.0,9.3,5.8,,,300,WNW,16.1,10.0,1018.8,30.09,0.2,32.4,,,,,Clear,clear,0,0,0,0,0,0
2018-05-02 14:00:00,3.9,39.0,-5.6,21.9,50.0,16.7,10.4,29.6,18.4,300,WNW,16.1,10.0,1019.4,30.11,0.2,32.3,,,,,Mostly Cloudy,mostlycloudy,0,0,0,0,0,0
2018-05-02 15:00:00,3.9,39.0,-8.3,17.1,41.0,16.7,10.4,35.2,21.9,300,WNW,16.1,10.0,1020.5,30.14,0.2,32.3,,,,,Overcast,cloudy,0,0,0,0,0,0
2018-05-02 16:00:00,3.3,37.9,-8.9,16.0,41.0,7.4,4.6,,,0,Variable,16.1,10.0,1021.7,30.17,1.3,34.4,,,,,Clear,clear,0,0,0,0,0,0
2018-05-02 17:00:00,2.8,37.0,-9.4,15.1,41.0,20.4,12.7,33.3,20.7,290,WNW,16.1,10.0,1023.3,30.22,-1.7,28.9,,,,,Clear,clear,0,0,0,0,0,0
2018-05-02 18:00:00,2.2,36.0,-8.9,16.0,44.0,7.4,4.6,,,290,WNW,16.1,10.0,1024.5,30.26,0.0,32.1,,,,,Clear,clear,0,0,0,0,0,0
2018-05-02 19:00:00,1.7,35.1,-10.0,14.0,42.0,13.0,8.1,33.3,20.7,310,NW,16.1,10.0,1025.3,30.28,-1.9,28.6,,,,,Clear,clear,0,0,0,0,0,0
2018-05-02 20:00:00,1.1,34.0,-10.6,12.9,42.0,18.5,11.5,35.2,21.9,310,NW,16.1,10.0,1025.8,30.3,-3.6,25.5,,,,,Clear,clear,0,0,0,0,0,0
2018-05-02 21:00:00,0.6,33.1,-10.0,14.0,46.0,11.1,6.9,,,310,NW,16.1,10.0,1026.6,30.32,-2.8,26.9,,,,,Clear,clear,0,0,0,0,0,0
2018-05-02 22:00:00,0.6,33.1,-10.0,14.0,46.0,7.4,4.6,,,0,Variable,16.1,10.0,1026.8,30.32,-1.8,28.7,,,,,Clear,clear,0,0,0,0,0,0
2018-05-02 23:00:00,0.0,32.0,-9.4,15.1,50.0,14.8,9.2,31.5,19.6,300,WNW,16.1,10.0,1026.5,30.32,-4.4,24.2,,,,,Clear,clear,0,0,0,0,0,0
2018-05-03 00:00:00,0.0,32.0,-9.4,15.1,50.0,13.0,8.1,,,360,North,16.1,10.0,1019.4,30.11,-4.0,24.8,,,,,Clear,clear,0,0,0,0,0,0
2018-05-03 01:00:00,-0.6,30.9,-10.0,14.0,50.0,13.0,8.1,25.9,16.1,360,North,16.1,10.0,1019.7,30.12,-4.7,23.5,,,,,Clear,clear,0,0,0,0,0,0
2018-05-03 02:00:00,-0.6,30.9,-10.0,14.0,50.0,11.1,6.9,,,20,NNE,16.1,10.0,1019.7,30.12,-4.3,24.3,,,,,Clear,clear,0,0,0,0,0,0
2018-05-03 03:00:00,-1.1,30.0,-10.6,12.9,49.0,11.1,6.9,,,360,North,16.1,10.0,1020.1,30.13,-4.9,23.2,,,,,Clear,clear,0,0,0,0,0,0
2018-05-03 04:00:00,-1.1,30.0,-10.6,12.9,49.0,7.4,4.6,,,0,Variable,16.1,10.0,1020.9,30.15,-3.8,25.2,,,,,Clear,clear,0,0,0,0,0,0
2018-05-03 05:00:00,-1.7,28.9,-10.6,12.9,51.0,7.4,4.6,,,0,Variable,16.1,10.0,1021.5,30.17,-4.5,23.9,,,,,Clear,clear,0,0,0,0,0,0
2018-05-03 06:00:00,-2.2,28.0,-10.6,12.9,53.0,7.4,4.6,,,0,Variable,16.1,10.0,1022.3,30.19,-5.1,22.8,,,,,Clear,clear,0,0,0,0,0,0
2018-05-03 07:00:00,-1.7,28.9,-11.1,12.0,49.0,7.4,4.6,,,0,Variable,16.1,10.0,1022.6,30.2,-4.5,23.9,,,,,Clear,clear,0,0,0,0,0,0
2018-05-03 08:00:00,-1.1,30.0,-12.8,9.0,41.0,14.8,9.2,,,10,North,16.1,10.0,1022.5,30.2,-5.7,21.7,,,,,Clear,clear,0,0,0,0,0,0
2018-05-03 09:00:00,0.0,32.0,-12.2,10.0,40.0,13.0,8.1,,,60,ENE,16.1,10.0,1023.4,30.22,-4.0,24.8,,,,,Clear,clear,0,0,0,0,0,0
2018-05-03 10:00:00,1.7,35.1,-12.2,10.0,35.0,7.4,4.6,,,0,Variable,16.1,10.0,1023.0,30.21,-0.5,31.0,,,,,Clear,clear,0,0,0,0,0,0
2018-05-03 11:00:00,2.8,37.0,-11.7,10.9,34.0,11.1,6.9,,,0,Variable,16.1,10.0,1022.6,30.2,-0.2,31.6,,,,,Clear,clear,0,0,0,0,0,0
2018-05-03 12:00:00,2.2,36.0,-12.2,10.0,34.0,0.0,0.0,,,0,North,16.1,10.0,1021.5,30.17,,,,,,,Partly Cloudy,partlycloudy,0,0,0,0,0,0
2018-05-03 13:00:00,3.3,37.9,-12.2,10.0,32.0,9.3,5.8,,,260,West,16.1,10.0,1021.1,30.16,0.8,33.5,,,,,Partly Cloudy,partlycloudy,0,0,0,0,0,0
2018-05-03 14:00:00,3.3,37.9,-13.3,8.1,29.0,0.0,0.0,,,0,North,16.1,10.0,1020.9,30.15,,,,,,,Overcast,cloudy,0,0,0,0,0,0
2018-05-03 15:00:00,4.4,39.9,-14.4,6.1,25.0,11.1,6.9,,,50,NE,16.1,10.0,1020.7,30.14,1.7,35.1,,,,,Overcast,cloudy,0,0,0,0,0,0
2018-05-03 16:00:00,3.9,39.0,-13.9,7.0,27.0,5.6,3.5,,,0,Variable,16.1,10.0,1020.7,30.14,2.6,36.8,,,,,Overcast,cloudy,0,0,0,0,0,0
2018-05-03 17:00:00,3.3,37.9,-8.9,16.0,41.0,5.6,3.5,,,0,Variable,16.1,10.0,1021.3,30.16,2.0,35.5,,,,,Overcast,cloudy,0,0,0,0,0,0
2018-05-03 18:00:00,2.8,37.0,-8.3,17.1,44.0,0.0,0.0,,,0,North,16.1,10.0,1021.8,30.18,,,,,,,Mostly Cloudy,mostlycloudy,0,0,0,0,0,0
2018-05-03 19:00:00,2.2,36.0,-8.3,17.1,46.0,0.0,0.0,,,0,North,16.1,10.0,1021.9,30.18,,,,,,,Scattered Clouds,partlycloudy,0,0,0,0,0,0
2018-05-03 20:00:00,1.7,35.1,-6.1,21.0,57.0,9.3,5.8,,,0,Variable,16.1,10.0,1022.2,30.19,-1.1,30.1,,,,,Overcast,cloudy,0,0,0,0,0,0
2018-05-03 21:00:00,2.2,36.0,-6.7,19.9,52.0,0.0,0.0,,,0,North,16.1,10.0,1022.3,30.19,,,,,,,Partly Cloudy,partlycloudy,0,0,0,0,0,0
2018-05-03 22:00:00,1.7,35.1,-6.1,21.0,57.0,0.0,0.0,,,0,North,16.1,10.0,1022.6,30.2,,,,,,,Partly Cloudy,partlycloudy,0,0,0,0,0,0
2018-05-03 23:00:00,1.1,34.0,-6.1,21.0,59.0,0.0,0.0,,,0,North,16.1,10.0,1022.9,30.21,,,,,,,Clear,clear,0,0,0,0,0,0
2018-05-04 00:00:00,-1.1,30.0,-6.1,21.0,69.0,22.2,13.8,33.3,20.7,20,NNE,16.1,10.0,1018.5,30.08,-6.9,19.5,,,,,Overcast,cloudy,0,0,0,0,0,0
2018-05-04 01:00:00,-1.7,28.9,-7.8,18.0,64.0,13.0,8.1,27.8,17.3,20,NNE,16.1,10.0,1019.1,30.1,-6.1,21.1,,,,,Overcast,cloudy,0,0,0,0,0,0
2018-05-04 02:00:00,-2.2,28.0,-7.8,18.0,66.0,13.0,8.1,31.5,19.6,360,North,16.1,10.0,1019.0,30.09,-6.7,20.0,,,,,Overcast,cloudy,0,0,0,0,0,0
2018-05-04 03:00:00,-2.2,28.0,-10.0,14.0,56.0,22.2,13.8,44.4,27.6,40,NE,16.1,10.0,1019.3,30.1,-8.3,17.0,,,,,Overcast,cloudy,0,0,0,0,0,0
2018-05-04 04:00:00,-2.8,27.0,-11.7,10.9,51.0,16.7,10.4,35.2,21.9,30,NNE,16.1,10.0,1020.2,30.13,-8.2,17.3,,,,,Overcast,cloudy,0,0,0,0,0,0
2018-05-04 05:00:00,-2.8,27.0,-11.7,10.9,51.0,11.1,6.9,25.9,16.1,0,Variable,16.1,10.0,1022.3,30.19,-6.9,19.5,,,,,Overcast,cloudy,0,0,0,0,0,0
2018-05-04 06:00:00,-3.3,26.1,-12.2,10.0,51.0,24.1,15.0,35.2,21.9,20,NNE,16.1,10.0,1023.5,30.23,-10.0,14.0,,,,,Overcast,cloudy,0,0,0,0,0,0
2018-05-04 07:00:00,-2.8,27.0,-13.3,8.1,45.0,13.0,8.1,42.6,26.5,30,NNE,16.1,10.0,1024.1,30.25,-7.4,18.7,,,,,Clear,clear,0,0,0,0,0,0
2018-05-04 08:00:00,-2.2,28.0,-13.3,8.1,43.0,16.7,10.4,29.6,18.4,40,NE,16.1,10.0,1025.2,30.28,-7.4,18.6,,,,,Clear,clear,0,0,0,0,0,0
2018-05-04 09:00:00,-1.1,30.0,-13.3,8.1,40.0,22.2,13.8,40.7,25.3,40,NE,16.1,10.0,1025.8,30.3,-6.9,19.5,,,,,Clear,clear,0,0,0,0,0,0
2018-05-04 10:00:00,0.0,32.0,-13.9,7.0,35.0,13.0,8.1,33.3,20.7,30,NNE,16.1,10.0,1026.3,30.31,-4.0,24.8,,,,,Clear,clear,0,0,0,0,0,0
2018-05-04 11:00:00,1.1,34.0,-13.9,7.0,32.0,18.5,11.5,33.3,20.7,40,NE,16.1,10.0,1026.9,30.33,-3.6,25.5,,,,,Clear,clear,0,0,0,0,0,0
2018-05-04 12:00:00,2.2,36.0,-15.0,5.0,27.0,16.7,10.4,29.6,18.4,50,NE,16.1,10.0,1026.8,30.32,-2.0,28.5,,,,,Clear,clear,0,0,0,0,0,0
2018-05-04 13:00:00,3.9,39.0,-13.9,7.0,27.0,13.0,8.1,35.2,21.9,340,NNW,16.1,10.0,1026.3,30.31,0.8,33.4,,,,,Clear,clear,0,0,0,0,0,0
2018-05-04 14:00:00,3.9,39.0,-15.0,5.0,24.0,7.4,4.6,35.2,21.9,0,Variable,16.1,10.0,1025.9,30.3,2.0,35.7,,,,,Clear,clear,0,0,0,0,0,0
2018-05-04 15:00:00,5.6,42.1,-13.9,7.0,24.0,14.8,9.2,,,20,NNE,16.1,10.0,1025.5,30.29,2.5,36.6,,,,,Clear,clear,0,0,0,0,0,0
2018-05-04 16:00:00,5.0,41.0,-15.6,3.9,21.0,18.5,11.5,29.6,18.4,300,WNW,16.1,10.0,1025.1,30.27,1.3,34.3,,,,,Clear,clear,0,0,0,0,0,0
2018-05-04 17:00:00,5.0,41.0,-17.2,1.0,19.0,7.4,4.6,,,0,Variable,16.1,10.0,1025.4,30.28,3.3,38.0,,,,,Clear,clear,0,0,0,0,0,0
2018-05-04 18:00:00,4.4,39.9,-17.8,0.0,19.0,,,,,0,North,16.1,10.0,1026.0,30.3,,,,,,,Clear,clear,0,0,0,0,0,0
2018-05-04 19:00:00,3.9,39.0,-17.2,1.0,20.0,11.1,6.9,27.8,17.3,0,Variable,16.1,10.0,1026.5,30.32,1.1,34.0,,,,,Clear,clear,0,0,0,0,0,0
2018-05-04 20:00:00,3.3,37.9,-17.8,0.0,20.0,9.3,5.8,,,0,Variable,16.1,10.0,1027.7,30.35,0.8,33.5,,,,,Clear,clear,0,0,0,0,0,0
2018-05-04 21:00:00,2.8,37.0,-17.2,1.0,22.0,0.0,0.0,,,0,North,16.1,10.0,1028.4,30.37,,,,,,,Clear,clear,0,0,0,0,0,0
2018-05-04 22:00:00,2.2,36.0,-15.6,3.9,26.0,14.8,9.2,25.9,16.1,310,NW,16.1,10.0,1028.5,30.38,-1.6,29.0,,,,,Clear,clear,0,0,0,0,0,0
2018-05-04 23:00:00,0.6,33.1,-13.9,7.0,34.0,0.0,0.0,,,0,North,16.1,10.0,1028.7,30.38,,,,,,,Clear,clear,0,0,0,0,0,0
2018-05-05 00:00:00,9.4,48.9,5.0,41.0,74.0,13.0,8.1,,,60,ENE,16.1,10.0,1007.0,29.74,,,,,,,Overcast,cloudy,0,0,0,0,0,0
2018-05-05 01:00:00,8.9,48.0,5.0,41.0,77.0,13.0,8.1,27.8,17.3,70,ENE,16.1,10.0,1006.5,29.73,,,,,,,Overcast,cloudy,0,0,0,0,0,0
2018-05-05 02:00:00,8.9,48.0,5.6,42.1,80.0,9.3,5.8,,,0,Variable,16.1,10.0,1006.7,29.73,,,,,,,Overcast,cloudy,0,0,0,0,0,0
2018-05-05 03:00:00,8.3,46.9,5.6,42.1,83.0,7.4,4.6,,,0,Variable,16.1,10.0,1005.9,29.71,,,,,,,Overcast,cloudy,0,0,0,0,0,0
2018-05-05 04:00:00,8.3,46.9,6.1,43.0,86.0,9.3,5.8,,,30,NNE,16.1,10.0,1006.1,29.71,,,,,,,Overcast,cloudy,0,0,0,0,0,0
2018-05-05 05:00:00,8.3,46.9,5.0,41.0,80.0,13.0,8.1,,,50,NE,16.1,10.0,1005.5,29.7,,,,,,,Overcast,cloudy,0,0,0,0,0,0
2018-05-05 06:00:00,8.3,46.9,6.1,43.0,86.0,11.1,6.9,,,0,Variable,8.0,5.0,1005.5,29.7,,,,,,,Overcast,cloudy,0,0,0,0,0,0
2018-05-05 07:00:00,8.9,48.0,5.0,41.0,77.0,18.5,11.5,,,60,ENE,16.1,10.0,1005.9,29.71,,,,,,,Overcast,cloudy,0,0,0,0,0,0
2018-05-05 08:00:00,8.9,48.0,5.6,42.1,80.0,9.3,5.8,,,0,Variable,9.7,6.0,1005.8,29.7,,,,,,,Haze,hazy,0,0,0,0,0,0
2018-05-05 09:00:00,10.0,50.0,5.6,42.1,74.0,9.3,5.8,,,0,Variable,16.1,10.0,1006.1,29.71,,,,,,,Overcast,cloudy,0,0,0,0,0,0
2018-05-05 10:00:00,10.6,51.1,5.0,41.0,68.0,11.1,6.9,,,0,Variable,16.1,10.0,1005.9,29.71,,,,,,,Overcast,cloudy,0,0,0,0,0,0
2018-05-05 11:00:00,11.1,52.0,5.0,41.0,66.0,16.7,10.4,,,60,ENE,16.1,10.0,1005.7,29.7,,,,,,,Overcast,cloudy,0,0,0,0,0,0
2018-05-05 12:00:00,12.2,54.0,5.6,42.1,64.0,13.0,8.1,,,80,East,16.1,10.0,1005.0,29.68,,,,,,,Overcast,cloudy,0,0,0,0,0,0
2018-05-05 13:00:00,12.2,54.0,5.6,42.1,64.0,13.0,8.1,,,90,East,16.1,10.0,1004.6,29.67,,,,,,,Overcast,cloudy,0,0,0,0,0,0
2018-05-05 14:00:00,13.9,57.0,5.6,42.1,57.0,16.7,10.4,31.5,19.6,50,NE,16.1,10.0,1003.8,29.65,,,,,,,Overcast,cloudy,0,0,0,0,0,0
2018-05-05 15:00:00,13.3,55.9,5.6,42.1,60.0,14.8,9.2,27.8,17.3,40,NE,16.1,10.0,1003.4,29.63,,,,,,,Overcast,cloudy,0,0,0,0,0,0
2018-05-05 16:00:00,13.3,55.9,5.6,42.1,60.0,18.5,11.5,27.8,17.3,60,ENE,16.1,10.0,1003.5,29.64,,,,,,,Overcast,cloudy,0,0,0,0,0,0
2018-05-05 17:00:00,13.3,55.9,5.6,42.1,60.0,13.0,8.1,,,40,NE,16.1,10.0,1003.5,29.64,,,,,,,Overcast,cloudy,0,0,0,0,0,0
2018-05-05 18:00:00,13.3,55.9,5.6,42.1,60.0,18.5,11.5,29.6,18.4,60,ENE,16.1,10.0,1003.4,29.63,,,,,,,Overcast,cloudy,0,0,0,0,0,0
2018-05-05 19:00:00,12.8,55.0,6.1,43.0,64.0,16.7,10.4,33.3,20.7,40,NE,16.1,10.0,1004.0,29.65,,,,,,,Overcast,cloudy,0,0,0,0,0,0
2018-05-05 20:00:00,12.2,54.0,6.1,43.0,66.0,13.0,8.1,,,80,East,16.1,10.0,1004.5,29.67,,,,,,,Overcast,cloudy,0,0,0,0,0,0
2018-05-05 21:00:00,12.2,54.0,6.1,43.0,66.0,14.8,9.2,,,50,NE,16.1,10.0,1004.9,29.68,,,,,,,Overcast,cloudy,0,0,0,0,0,0
2018-05-05 22:00:00,12.2,54.0,6.1,43.0,66.0,13.0,8.1,,,80,East,16.1,10.0,1005.0,29.68,,,,,,,Overcast,cloudy,0,0,0,0,0,0
2018-05-05 23:00:00,11.7,53.1,6.1,43.0,69.0,14.8,9.2,,,50,NE,16.1,10.0,1005.1,29.68,,,,,,,Overcast,cloudy,0,0,0,0,0,0
2018-05-06 00:00:00,19.4,66.9,17.2,63.0,87.0,0.0,0.0,,,0,North,11.3,7.0,1012.9,29.91,,,,,,,Overcast,cloudy,0,0,0,0,0,0
2018-05-06 01:00:00,18.9,66.0,17.2,63.0,90.0,5.6,3.5,,,0,Variable,12.9,8.0,1012.5,29.9,,,,,,,Overcast,cloudy,0,0,0,0,0,0
2018-05-06 02:00:00,19.4,66.9,16.1,61.0,81.0,0.0,0.0,,,0,North,16.1,10.0,1012.0,29.89,,,,,,,Overcast,cloudy,0,0,0,0,0,0
2018-05-06 03:00:00,19.4,66.9,15.6,60.1,79.0,0.0,0.0,,,0,North,16.1,10.0,1011.9,29.88,,,,,,,Overcast,cloudy,0,0,0,0,0,0
2018-05-06 04:00:00,18.9,66.0,16.1,61.0,84.0,5.6,3.5,,,150,SSE,14.5,9.0,1011.7,29.88,,,,,,,Mostly Cloudy,mostlycloudy,0,0,0,0,0,0
2018-05-06 05:00:00,18.9,66.0,15.6,60.1,81.0,0.0,0.0,,,0,North,14.5,9.0,1010.8,29.85,,,,,,,Mostly Cloudy,mostlycloudy,0,0,0,0,0,0
2018-05-06 06:00:00,18.9,66.0,16.7,62.1,87.0,7.4,4.6,,,0,Variable,12.9,8.0,1011.0,29.86,,,,,,,Mostly Cloudy,mostlycloudy,0,0,0,0,0,0
2018-05-06 07:00:00,19.4,66.9,16.7,62.1,84.0,5.6,3.5,,,0,Variable,12.9,8.0,1011.0,29.86,,,,,,,Overcast,cloudy,0,0,0,0,0,0
2018-05-06 08:00:00,18.9,66.0,17.2,63.0,90.0,5.6,3.5,,,0,Variable,6.4,4.0,1010.6,29.85,,,,,0.0,0.0,Light Rain,rain,0,1,0,0,0,0
2018-05-06 09:00:00,19.4,66.9,17.2,63.0,87.0,7.4,4.6,,,160,SSE,12.9,8.0,1009.9,29.83,,,,,0.0,0.0,Overcast,cloudy,0,0,0,0,0,0
2018-05-06 10:00:00,19.4,66.9,17.2,63.0,87.0,7.4,4.6,,,0,Variable,12.9,8.0,1010.7,29.85,,,,,,,Overcast,cloudy,0,0,0,0,0,0
2018-05-06 11:00:00,18.3,64.9,17.2,63.0,93.0,5.6,3.5,,,90,East,1.2,0.8,1008.5,29.78,,,,,8.1,0.32,Heavy Rain,rain,0,1,0,0,0,0
2018-05-06 12:00:00,19.4,66.9,18.3,64.9,93.0,11.1,6.9,,,140,SE,2.8,1.8,1007.7,29.76,,,,,1.3,0.05,Overcast,cloudy,0,0,0,0,0,0
2018-05-06 13:00:00,20.0,68.0,18.9,66.0,93.0,0.0,0.0,,,0,North,1.6,1.0,1006.9,29.74,,,,,,,Overcast,cloudy,0,0,0,0,0,0
2018-05-06 14:00:00,21.1,70.0,19.4,66.9,90.0,7.4,4.6,,,0,Variable,4.0,2.5,1005.6,29.7,,,,,,,Overcast,cloudy,0,0,0,0,0,0
2018-05-06 15:00:00,21.1,70.0,19.4,66.9,90.0,,,,,0,North,6.4,4.0,1004.6,29.67,,,,,,,Mostly Cloudy,mostlycloudy,0,0,0,0,0,0
2018-05-06 16:00:00,21.1,70.0,19.4,66.9,90.0,0.0,0.0,,,0,North,6.4,4.0,1003.4,29.63,,,,,,,Overcast,cloudy,0,0,0,0,0,0
2018-05-06 17:00:00,21.1,70.0,19.4,66.9,90.0,5.6,3.5,,,0,Variable,8.0,5.0,1002.8,29.62,,,,,,,Partly Cloudy,partlycloudy,0,0,0,0,0,0
2018-05-06 18:00:00,18.9,66.0,17.8,64.0,93.0,7.4,4.6,,,0,Variable,0.8,0.5,1003.8,29.65,,,,,10.4,0.41,Heavy Rain,rain,1,1,0,0,0,0
2018-05-06 19:00:00,18.9,66.0,17.8,64.0,93.0,11.1,6.9,,,210,SSW,4.8,3.0,1003.5,29.64,,,,,2.8,0.11,Light Rain,rain,0,1,0,0,0,0
2018-05-06 20:00:00,18.9,66.0,17.8,64.0,93.0,5.6,3.5,,,0,Variable,14.5,9.0,1003.9,29.65,,,,,0.5,0.02,Clear,clear,0,0,0,0,0,0
2018-05-06 21:00:00,19.4,66.9,17.8,64.0,90.0,5.6,3.5,,,240,WSW,12.9,8.0,1004.0,29.65,,,,,,,Clear,clear,0,0,0,0,0,0
2018-05-06 22:00:00,18.9,66.0,17.8,64.0,93.0,5.6,3.5,,,0,Variable,12.9,8.0,1004.0,29.65,,,,,,,Clear,clear,0,0,0,0,0,0
2018-05-06 23:00:00,18.9,66.0,17.2,63.0,90.0,5.6,3.5,,,0,Variable,12.9,8.0,1004.3,29.66,,,,,,,Clear,clear,0,0,0,0,0,0
2018-05-07 00:00:00,20.6,69.1,19.4,66.9,93.0,5.6,3.5,,,150,SSE,2.0,1.2,1011.6,29.88,,,,,6.1,0.24,Heavy Rain,rain,0,1,0,0,0,0
2018-05-07 01:00:00,21.1,70.0,20.0,68.0,93.0,0.0,0.0,,,0,North,3.2,2.0,1010.5,29.84,,,,,2.3,0.09,Rain,rain,0,1,0,0,0,0
2018-05-07 02:00:00,21.7,71.1,20.6,69.1,93.0,0.0,0.0,,,0,North,1.6,1.0,1009.5,29.81,,,,,1.8,0.07,Heavy Rain,rain,0,1,0,0,0,0
2018-05-07 03:00:00,21.7,71.1,20.6,69.1,93.0,0.0,0.0,,,0,North,4.8,3.0,1009.2,29.81,,,,,12.7,0.5,Light Rain,rain,0,1,0,0,0,0
2018-05-07 04:00:00,21.7,71.1,20.6,69.1,93.0,0.0,0.0,,,0,North,6.4,4.0,1010.0,29.83,,,,,0.3,0.01,Light Rain,rain,0,1,0,0,0,0
2018-05-07 05:00:00,21.7,71.1,20.6,69.1,93.0,0.0,0.0,,,0,North,9.7,6.0,1008.6,29.79,,,,,0.5,0.02,Overcast,cloudy,0,0,0,0,0,0
2018-05-07 06:00:00,21.7,71.1,20.6,69.1,93.0,0.0,0.0,,,0,North,8.0,5.0,1008.2,29.78,,,,,,,Overcast,cloudy,0,0,0,0,0,0
2018-05-07 07:00:00,21.7,71.1,20.6,69.1,93.0,0.0,0.0,,,0,North,9.7,6.0,1008.1,29.77,,,,,,,Overcast,cloudy,0,0,0,0,0,0
2018-05-07 08:00:00,22.2,72.0,20.6,69.1,91.0,9.3,5.8,,,0,Variable,9.7,6.0,1008.1,29.77,,,,,,,Overcast,cloudy,0,0,0,0,0,0
2018-05-07 09:00:00,23.9,75.0,20.6,69.1,82.0,5.6,3.5,,,0,Variable,14.5,9.0,1008.0,29.77,,,,,,,Overcast,cloudy,0,0,0,0,0,0
2018-05-07 10:00:00,23.9,75.0,20.6,69.1,82.0,,,,,0,North,16.1,10.0,1008.4,29.78,,,,,,,Overcast,cloudy,0,0,0,0,0,0
2018-05-07 11:00:00,25.0,77.0,20.6,69.1,76.0,5.6,3.5,,,0,Variable,16.1,10.0,1008.3,29.78,,,,,,,Overcast,cloudy,0,0,0,0,0,0
2018-05-07 12:00:00,25.6,78.1,20.0,68.0,71.0,9.3,5.8,,,300,WNW,16.1,10.0,1008.5,29.78,,,,,,,Overcast,cloudy,0,0,0,0,0,0
2018-05-07 13:00:00,28.3,82.9,20.0,68.0,60.0,11.1,6.9,,,0,Variable,16.1,10.0,1008.5,29.78,,,29.9,85.8,,,Scattered Clouds,partlycloudy,0,0,0,0,0,0
2018-05-07 14:00:00,27.2,81.0,20.0,68.0,65.0,5.6,3.5,,,290,WNW,16.1,10.0,1008.3,29.78,,,28.8,83.8,,,Mostly Cloudy,mostlycloudy,0,0,0,0,0,0
2018-05-07 15:00:00,28.9,84.0,20.0,68.0,58.0,9.3,5.8,,,0,Variable,16.1,10.0,1008.2,29.78,,,30.6,87.0,,,Mostly Cloudy,mostlycloudy,0,0,0,0,0,0
2018-05-07 16:00:00,30.0,86.0,18.9,66.0,51.0,5.6,3.5,25.9,16.1,0,Variable,16.1,10.0,1007.8,29.76,,,31.2,88.2,,,Partly Cloudy,partlycloudy,0,0,0,0,0,0
2018-05-07 17:00:00,29.4,84.9,18.3,64.9,51.0,11.1,6.9,,,290,WNW,16.1,10.0,1007.9,29.77,,,30.3,86.6,,,Clear,clear,0,0,0,0,0,0
2018-05-07 18:00:00,29.4,84.9,18.9,66.0,53.0,7.4,4.6,,,0,Variable,16.1,10.0,1007.9,29.77,,,30.6,87.1,,,Clear,clear,0,0,0,0,0,0
2018-05-07 19:00:00,28.3,82.9,18.9,66.0,56.0,7.4,4.6,,,0,Variable,16.1,10.0,1008.3,29.78,,,29.4,85.0,,,Clear,clear,0,0,0,0,0,0
2018-05-07 20:00:00,28.3,82.9,19.4,66.9,58.0,0.0,0.0,,,0,North,16.1,10.0,1008.8,29.79,,,29.7,85.4,,,Clear,clear,0,0,0,0,0,0
2018-05-07 21:00:00,28.3,82.9,19.4,66.9,58.0,7.4,4.6,,,0,Variable,16.1,10.0,1009.4,29.81,,,29.7,85.4,,,Clear,clear,0,0,0,0,0,0
2018-05-07 22:00:00,27.8,82.0,19.4,66.9,60.0,7.4,4.6,,,0,Variable,16.1,10.0,1009.9,29.83,,,29.2,84.5,,,Clear,clear,0,0,0,0,0,0
2018-05-07 23:00:00,27.2,81.0,18.9,66.0,60.0,,,,,0,North,16.1,10.0,1010.4,29.84,,,28.3,83.0,,,Clear,clear,0,0,0,0,0,0
2018-05-08 00:00:00,21.1,70.0,15.0,59.0,68.0,7.4,4.6,,,0,Variable,16.1,10.0,1018.7,30.09,,,,,,,Clear,clear,0,0,0,0,0,0
2018-05-08 01:00:00,21.1,70.0,15.0,59.0,68.0,5.6,3.5,,,0,Variable,16.1,10.0,1018.4,30.08,,,,,,,Clear,clear,0,0,0,0,0,0
2018-05-08 02:00:00,21.1,70.0,15.0,59.0,68.0,7.4,4.6,,,0,Variable,16.1,10.0,1018.0,30.06,,,,,,,Clear,clear,0,0,0,0,0,0
2018-05-08 03:00:00,20.6,69.1,15.0,59.0,70.0,0.0,0.0,,,0,North,16.1,10.0,1017.9,30.06,,,,,,,Clear,clear,0,0,0,0,0,0
2018-05-08 04:00:00,20.6,69.1,15.0,59.0,70.0,5.6,3.5,,,0,Variable,16.1,10.0,1017.6,30.05,,,,,,,Scattered Clouds,partlycloudy,0,0,0,0,0,0
2018-05-08 05:00:00,20.6,69.1,15.0,59.0,70.0,5.6,3.5,,,270,West,16.1,10.0,1018.0,30.06,,,,,,,Clear,clear,0,0,0,0,0,0
2018-05-08 06:00:00,20.6,69.1,15.0,59.0,70.0,5.6,3.5,,,240,WSW,14.5,9.0,1018.2,30.07,,,,,,,Mostly Cloudy,mostlycloudy,0,0,0,0,0,0
2018-05-08 07:00:00,21.7,71.1,15.6,60.1,68.0,7.4,4.6,,,0,Variable,14.5,9.0,1018.0,30.06,,,,,,,Clear,clear,0,0,0,0,0,0
2018-05-08 08:00:00,22.8,73.0,16.1,61.0,66.0,7.4,4.6,,,0,Variable,14.5,9.0,1017.8,30.06,,,,,,,Clear,clear,0,0,0,0,0,0
2018-05-08 09:00:00,23.9,75.0,16.1,61.0,62.0,7.4,4.6,,,0,Variable,14.5,9.0,1017.2,30.04,,,,,,,Clear,clear,0,0,0,0,0,0
2018-05-08 10:00:00,25.6,78.1,16.7,62.1,58.0,0.0,0.0,,,0,North,14.5,9.0,1016.6,30.02,,,,,,,Clear,clear,0,0,0,0,0,0
2018-05-08 11:00:00,26.7,80.1,17.2,63.0,56.0,5.6,3.5,,,0,Variable,12.9,8.0,1016.3,30.01,,,27.5,81.5,,,Partly Cloudy,partlycloudy,0,0,0,0,0,0
2018-05-08 12:00:00,27.8,82.0,18.3,64.9,56.0,7.4,4.6,,,0,Variable,12.9,8.0,1015.5,29.99,,,28.8,83.8,,,Clear,clear,0,0,0,0,0,0
2018-05-08 13:00:00,27.8,82.0,17.8,64.0,54.0,7.4,4.6,,,0,Variable,12.9,8.0,1015.1,29.98,,,28.6,83.4,,,Clear,clear,0,0,0,0,0,0
2018-05-08 14:00:00,27.8,82.0,18.9,66.0,58.0,7.4,4.6,,,0,Variable,12.9,8.0,1014.6,29.96,,,29.0,84.1,,,Mostly Cloudy,mostlycloudy,0,0,0,0,0,0
2018-05-08 15:00:00,26.1,79.0,17.8,64.0,60.0,13.0,8.1,,,180,South,12.9,8.0,1014.1,29.95,,,,,,,Overcast,cloudy,0,0,0,0,0,0
2018-05-08 16:00:00,25.0,77.0,17.2,63.0,62.0,9.3,5.8,,,0,Variable,14.5,9.0,1013.5,29.93,,,,,,,Mostly Cloudy,mostlycloudy,0,0,0,0,0,0
2018-05-08 17:00:00,26.1,79.0,17.8,64.0,60.0,9.3,5.8,,,170,South,14.5,9.0,1012.5,29.9,,,,,,,Clear,clear,0,0,0,0,0,0
2018-05-08 18:00:00,25.6,78.1,17.2,63.0,60.0,7.4,4.6,,,0,Variable,14.5,9.0,1012.2,29.89,,,,,,,Mostly Cloudy,mostlycloudy,0,0,0,0,0,0
2018-05-08 19:00:00,25.6,78.1,17.2,63.0,60.0,5.6,3.5,,,0,Variable,14.5,9.0,1012.1,29.89,,,,,,,Overcast,cloudy,0,0,0,0,0,0
2018-05-08 20:00:00,25.0,77.0,17.8,64.0,64.0,0.0,0.0,,,0,North,16.1,10.0,1011.9,29.88,,,,,,,Mostly Cloudy,mostlycloudy,0,0,0,0,0,0
2018-05-08 21:00:00,25.0,77.0,17.2,63.0,62.0,,,,,0,North,16.1,10.0,1011.9,29.88,,,,,,,Clear,clear,0,0,0,0,0,0
2018-05-08 22:00:00,24.4,75.9,17.2,63.0,64.0,0.0,0.0,,,0,North,16.1,10.0,1011.5,29.87,,,,,,,Clear,clear,0,0,0,0,0,0
2018-05-08 23:00:00,24.4,75.9,16.1,61.0,60.0,7.4,4.6,,,0,Variable,16.1,10.0,1011.4,29.87,,,,,,,Clear,clear,0,0,0,0,0,0
2018-05-09 00:00:00,20.6,69.1,10.0,50.0,51.0,9.3,5.8,,,60,ENE,16.1,10.0,1023.7,30.23,,,,,,,Clear,clear,0,0,0,0,0,0
2018-05-09 01:00:00,20.0,68.0,7.8,46.0,45.0,11.1,6.9,,,60,ENE,16.1,10.0,1023.3,30.22,,,,,,,Clear,clear,0,0,0,0,0,0
2018-05-09 02:00:00,19.4,66.9,8.3,46.9,49.0,9.3,5.8,,,40,NE,16.1,10.0,1023.1,30.22,,,,,,,Clear,clear,0,0,0,0,0,0
2018-05-09 03:00:00,18.9,66.0,8.3,46.9,50.0,13.0,8.1,,,70,ENE,16.1,10.0,1023.1,30.22,,,,,,,Clear,clear,0,0,0,0,0,0
2018-05-09 04:00:00,18.9,66.0,8.3,46.9,50.0,13.0,8.1,,,30,NNE,16.1,10.0,1023.2,30.22,,,,,,,Clear,clear,0,0,0,0,0,0
2018-05-09 05:00:00,18.9,66.0,8.3,46.9,50.0,13.0,8.1,,,20,NNE,16.1,10.0,1022.9,30.21,,,,,,,Clear,clear,0,0,0,0,0,0
2018-05-09 06:00:00,18.9,66.0,9.4,48.9,54.0,11.1,6.9,,,0,Variable,16.1,10.0,1023.2,30.22,,,,,,,Clear,clear,0,0,0,0,0,0
2018-05-09 07:00:00,19.4,66.9,10.0,50.0,54.0,7.4,4.6,,,70,ENE,16.1,10.0,1023.5,30.23,,,,,,,Clear,clear,0,0,0,0,0,0
2018-05-09 08:00:00,19.4,66.9,9.4,48.9,52.0,9.3,5.8,,,0,Variable,16.1,10.0,1023.6,30.23,,,,,,,Clear,clear,0,0,0,0,0,0
2018-05-09 09:00:00,20.6,69.1,10.0,50.0,51.0,11.1,6.9,,,10,North,16.1,10.0,1023.3,30.22,,,,,,,Clear,clear,0,0,0,0,0,0
2018-05-09 10:00:00,21.7,71.1,11.1,52.0,51.0,11.1,6.9,,,0,Variable,16.1,10.0,1022.9,30.21,,,,,,,Clear,clear,0,0,0,0,0,0
2018-05-09 11:00:00,22.8,73.0,11.1,52.0,48.0,13.0,8.1,27.8,17.3,50,NE,16.1,10.0,1022.1,30.19,,,,,,,Clear,clear,0,0,0,0,0,0
2018-05-09 12:00:00,23.9,75.0,12.2,54.0,48.0,11.1,6.9,,,0,Variable,16.1,10.0,1020.8,30.15,,,,,,,Clear,clear,0,0,0,0,0,0
2018-05-09 13:00:00,27.2,81.0,12.8,55.0,41.0,13.0,8.1,,,50,NE,16.1,10.0,1019.2,30.1,,,27.1,80.7,,,Clear,clear,0,0,0,0,0,0
2018-05-09 14:00:00,27.2,81.0,13.9,57.0,44.0,9.3,5.8,27.8,17.3,0,Variable,16.1,10.0,1018.2,30.07,,,27.2,81.0,,,Clear,clear,0,0,0,0,0,0
2018-05-09 15:00:00,27.8,82.0,12.8,55.0,39.0,18.5,11.5,29.6,18.4,10,North,16.1,10.0,1017.2,30.04,,,27.4,81.4,,,Clear,clear,0,0,0,0,0,0
2018-05-09 16:00:00,28.3,82.9,12.8,55.0,38.0,13.0,8.1,37.0,23.0,30,NNE,16.1,10.0,1016.5,30.02,,,27.8,82.0,,,Clear,clear,0,0,0,0,0,0
2018-05-09 17:00:00,27.8,82.0,13.3,55.9,41.0,7.4,4.6,,,0,Variable,16.1,10.0,1016.5,30.02,,,27.6,81.6,,,Clear,clear,0,0,0,0,0,0
2018-05-09 18:00:00,27.2,81.0,13.9,57.0,44.0,11.1,6.9,,,0,Variable,16.1,10.0,1016.1,30.01,,,27.2,81.0,,,Clear,clear,0,0,0,0,0,0
2018-05-09 19:00:00,26.7,80.1,13.3,55.9,43.0,7.4,4.6,,,0,Variable,16.1,10.0,1015.7,30.0,,,26.8,80.2,,,Clear,clear,0,0,0,0,0,0
2018-05-09 20:00:00,26.0,78.8,14.0,57.2,47.0,11.1,6.9,,,20,NNE,16.1,10.0,1016.8,30.03,,,,,,,Clear,clear,0,0,0,0,0,0
2018-05-09 21:00:00,26.1,79.0,14.4,57.9,48.0,18.5,11.5,,,360,North,16.1,10.0,1015.7,30.0,,,,,,,Overcast,cloudy,0,0,0,0,0,0
2018-05-09 22:00:00,26.1,79.0,12.2,54.0,42.0,,,,,0,North,16.1,10.0,1015.4,29.99,,,,,,,Overcast,cloudy,0,0,0,0,0,0
2018-05-09 23:00:00,25.6,78.1,12.8,55.0,45.0,20.4,12.7,40.7,25.3,30,NNE,16.1,10.0,1014.7,29.97,,,,,,,Overcast,cloudy,0,0,0,0,0,0
2018-05-10 00:00:00,15.6,60.1,11.1,52.0,75.0,11.1,6.9,,,70,ENE,16.1,10.0,1026.7,30.32,,,,,,,Overcast,cloudy,0,0,0,0,0,0
2018-05-10 01:00:00,14.4,57.9,10.6,51.1,78.0,7.4,4.6,,,0,Variable,16.1,10.0,1026.9,30.33,,,,,,,Clear,clear,0,0,0,0,0,0
2018-05-10 02:00:00,13.9,57.0,8.3,46.9,69.0,9.3,5.8,,,60,ENE,16.1,10.0,1026.9,30.33,,,,,,,Clear,clear,0,0,0,0,0,0
2018-05-10 03:00:00,12.8,55.0,7.8,46.0,72.0,9.3,5.8,,,50,NE,16.1,10.0,1026.9,30.33,,,,,,,Clear,clear,0,0,0,0,0,0
2018-05-10 04:00:00,12.8,55.0,6.7,44.1,67.0,9.3,5.8,,,0,Variable,16.1,10.0,1027.0,30.33,,,,,,,Clear,clear,0,0,0,0,0,0
2018-05-10 05:00:00,12.2,54.0,6.1,43.0,66.0,13.0,8.1,,,70,ENE,16.1,10.0,1027.4,30.34,,,,,,,Clear,clear,0,0,0,0,0,0
2018-05-10 06:00:00,12.2,54.0,6.1,43.0,66.0,13.0,8.1,,,70,ENE,16.1,10.0,1027.4,30.34,,,,,,,Clear,clear,0,0,0,0,0,0
2018-05-10 07:00:00,12.2,54.0,6.7,44.1,69.0,11.1,6.9,,,0,Variable,16.1,10.0,1027.9,30.36,,,,,,,Clear,clear,0,0,0,0,0,0
2018-05-10 08:00:00,12.8,55.0,7.2,45.0,69.0,13.0,8.1,,,70,ENE,16.1,10.0,1028.4,30.37,,,,,,,Partly Cloudy,partlycloudy,0,0,0,0,0,0
2018-05-10 09:00:00,13.3,55.9,8.3,46.9,72.0,13.0,8.1,,,70,ENE,16.1,10.0,1028.3,30.37,,,,,,,Partly Cloudy,partlycloudy,0,0,0,0,0,0
2018-05-10 10:00:00,15.0,59.0,8.9,48.0,67.0,9.3,5.8,,,0,Variable,16.1,10.0,1028.1,30.36,,,,,,,Partly Cloudy,partlycloudy,0,0,0,0,0,0
2018-05-10 11:00:00,16.7,62.1,10.0,50.0,65.0,7.4,4.6,,,0,Variable,16.1,10.0,1027.5,30.35,,,,,,,Partly Cloudy,partlycloudy,0,0,0,0,0,0
2018-05-10 12:00:00,17.8,64.0,10.0,50.0,60.0,13.0,8.1,,,110,ESE,16.1,10.0,1026.8,30.32,,,,,,,Clear,clear,0,0,0,0,0,0
2018-05-10 13:00:00,18.3,64.9,9.4,48.9,56.0,9.3,5.8,,,0,Variable,16.1,10.0,1026.0,30.3,,,,,,,Clear,clear,0,0,0,0,0,0
2018-05-10 14:00:00,18.9,66.0,8.9,48.0,52.0,7.4,4.6,,,0,Variable,16.1,10.0,1025.7,30.29,,,,,,,Clear,clear,0,0,0,0,0,0
2018-05-10 15:00:00,18.9,66.0,6.7,44.1,45.0,11.1,6.9,,,50,NE,16.1,10.0,1025.2,30.28,,,,,,,Clear,clear,0,0,0,0,0,0
2018-05-10 16:00:00,18.3,64.9,7.2,45.0,48.0,9.3,5.8,,,0,Variable,16.1,10.0,1024.9,30.27,,,,,,,Clear,clear,0,0,0,0,0,0
2018-05-10 17:00:00,17.2,63.0,7.8,46.0,54.0,5.6,3.5,,,70,ENE,16.1,10.0,1025.4,30.28,,,,,,,Clear,clear,0,0,0,0,0,0
2018-05-10 18:00:00,16.1,61.0,7.2,45.0,56.0,0.0,0.0,,,0,North,16.1,10.0,1025.6,30.29,,,,,,,Clear,clear,0,0,0,0,0,0
2018-05-10 19:00:00,15.6,60.1,11.1,52.0,75.0,0.0,0.0,,,0,North,16.1,10.0,1025.8,30.3,,,,,,,Clear,clear,0,0,0,0,0,0
2018-05-10 20:00:00,15.0,59.0,11.7,53.1,81.0,0.0,0.0,,,0,North,14.5,9.0,1025.8,30.3,,,,,,,Clear,clear,0,0,0,0,0,0
2018-05-10 21:00:00,14.4,57.9,11.1,52.0,81.0,0.0,0.0,,,0,North,14.5,9.0,1025.8,30.3,,,,,,,Clear,clear,0,0,0,0,0,0
2018-05-10 22:00:00,14.4,57.9,11.1,52.0,81.0,5.6,3.5,,,140,SE,16.1,10.0,1026.0,30.3,,,,,,,Clear,clear,0,0,0,0,0,0
2018-05-10 23:00:00,14.4,57.9,11.1,52.0,81.0,0.0,0.0,,,0,North,16.1,10.0,1025.9,30.3,,,,,,,Clear,clear,0,0,0,0,0,0
2018-05-11 00:00:00,8.9,48.0,-3.3,26.1,42.0,5.6,3.5,,,0,Variable,16.1,10.0,1023.8,30.24,,,,,,,Clear,clear,0,0,0,0,0,0
2018-05-11 01:00:00,8.3,46.9,-2.8,27.0,46.0,0.0,0.0,,,0,North,16.1,10.0,1023.9,30.24,,,,,,,Clear,clear,0,0,0,0,0,0
2018-05-11 02:00:00,7.8,46.0,-2.2,28.0,50.0,5.6,3.5,,,0,Variable,16.1,10.0,1023.8,30.24,7.1,44.8,,,,,Clear,clear,0,0,0,0,0,0
2018-05-11 03:00:00,6.7,44.1,-1.1,30.0,58.0,0.0,0.0,,,0,North,16.1,10.0,1023.2,30.22,,,,,,,Clear,clear,0,0,0,0,0,0
2018-05-11 04:00:00,7.8,46.0,-1.1,30.0,54.0,0.0,0.0,,,0,North,16.1,10.0,1023.3,30.22,,,,,,,Mostly Cloudy,mostlycloudy,0,0,0,0,0,0
2018-05-11 05:00:00,7.2,45.0,-0.6,30.9,58.0,,,,,0,North,16.1,10.0,1023.5,30.23,,,,,,,Clear,clear,0,0,0,0,0,0
2018-05-11 06:00:00,6.7,44.1,0.0,32.0,63.0,0.0,0.0,,,0,North,16.1,10.0,1023.3,30.22,,,,,,,Clear,clear,0,0,0,0,0,0
2018-05-11 07:00:00,7.2,45.0,0.0,32.0,60.0,0.0,0.0,,,0,North,16.1,10.0,1023.9,30.24,,,,,,,Clear,clear,0,0,0,0,0,0
2018-05-11 08:00:00,8.3,46.9,1.1,34.0,61.0,9.3,5.8,,,0,Variable,16.1,10.0,1023.6,30.23,,,,,,,Clear,clear,0,0,0,0,0,0
2018-05-11 09:00:00,9.4,48.9,1.1,34.0,56.0,0.0,0.0,,,0,North,16.1,10.0,1023.6,30.23,,,,,,,Clear,clear,0,0,0,0,0,0
2018-05-11 10:00:00,10.6,51.1,2.2,36.0,56.0,5.6,3.5,,,0,Variable,16.1,10.0,1023.2,30.22,,,,,,,Clear,clear,0,0,0,0,0,0
2018-05-11 11:00:00,12.8,55.0,3.3,37.9,53.0,,,,,0,North,16.1,10.0,1023.1,30.22,,,,,,,Clear,clear,0,0,0,0,0,0
2018-05-11 12:00:00,14.4,57.9,4.4,39.9,51.0,13.0,8.1,,,300,WNW,16.1,10.0,1022.3,30.19,,,,,,,Mostly Cloudy,mostlycloudy,0,0,0,0,0,0
2018-05-11 13:00:00,15.6,60.1,4.4,39.9,47.0,5.6,3.5,,,0,Variable,16.1,10.0,1021.2,30.16,,,,,,,Partly Cloudy,partlycloudy,0,0,0,0,0,0
2018-05-11 14:00:00,15.6,60.1,5.0,41.0,49.0,11.1,6.9,,,290,WNW,16.1,10.0,1020.6,30.14,,,,,,,Clear,clear,0,0,0,0,0,0
2018-05-11 15:00:00,16.1,61.0,4.4,39.9,46.0,13.0,8.1,,,310,NW,16.1,10.0,1020.8,30.15,,,,,,,Clear,clear,0,0,0,0,0,0
2018-05-11 16:00:00,16.1,61.0,5.0,41.0,48.0,5.6,3.5,,,0,Variable,16.1,10.0,1020.9,30.15,,,,,,,Clear,clear,0,0,0,0,0,0
2018-05-11 17:00:00,15.6,60.1,4.4,39.9,47.0,9.3,5.8,,,0,Variable,16.1,10.0,1020.8,30.15,,,,,,,Clear,clear,0,0,0,0,0,0
2018-05-11 18:00:00,15.0,59.0,4.4,39.9,49.0,9.3,5.8,,,300,WNW,16.1,10.0,1021.1,30.16,,,,,,,Clear,clear,0,0,0,0,0,0
2018-05-11 19:00:00,14.4,57.9,5.0,41.0,53.0,7.4,4.6,,,0,Variable,16.1,10.0,1021.1,30.16,,,,,,,Clear,clear,0,0,0,0,0,0
2018-05-11 20:00:00,13.3,55.9,5.0,41.0,57.0,0.0,0.0,,,0,North,16.1,10.0,1021.0,30.15,,,,,,,Clear,clear,0,0,0,0,0,0
2018-05-11 21:00:00,12.8,55.0,5.0,41.0,59.0,5.6,3.5,,,260,West,16.1,10.0,1021.1,30.16,,,,,,,Clear,clear,0,0,0,0,0,0
2018-05-11 22:00:00,13.3,55.9,5.0,41.0,57.0,5.6,3.5,,,270,West,16.1,10.0,1020.7,30.14,,,,,,,Clear,clear,0,0,0,0,0,0
2018-05-11 23:00:00,13.3,55.9,5.6,42.1,60.0,0.0,0.0,,,0,North,16.1,10.0,1020.1,30.13,,,,,,,Clear,clear,0,0,0,0,0,0
2018-05-12 00:00:00,5.0,41.0,-5.6,21.9,47.0,11.1,6.9,,,150,SSE,16.1,10.0,1019.3,30.1,2.5,36.4,,,,,Mostly Cloudy,mostlycloudy,0,0,0,0,0,0
2018-05-12 01:00:00,5.0,41.0,-3.9,25.0,53.0,,,,,0,North,16.1,10.0,1017.9,30.06,,,,,,,Overcast,cloudy,0,0,0,0,0,0
2018-05-12 02:00:00,5.0,41.0,-1.7,28.9,62.0,7.4,4.6,,,60,ENE,16.1,10.0,1018.7,30.09,3.3,38.0,,,0.0,0.0,Light Rain,rain,0,1,0,0,0,0
2018-05-12 03:00:00,4.4,39.9,2.2,36.0,86.0,9.3,5.8,,,0,Variable,8.0,5.0,1017.1,30.04,2.1,35.8,,,1.0,0.04,Light Rain,rain,0,1,0,0,0,0
2018-05-12 04:00:00,3.9,39.0,2.2,36.0,89.0,5.6,3.5,,,0,Variable,4.8,3.0,1016.3,30.01,2.6,36.8,,,1.5,0.06,Rain,rain,0,1,0,0,0,0
2018-05-12 05:00:00,3.9,39.0,2.2,36.0,89.0,0.0,0.0,,,0,North,4.8,3.0,1016.4,30.02,,,,,1.0,0.04,Light Rain,rain,0,1,0,0,0,0
2018-05-12 06:00:00,3.9,39.0,2.2,36.0,89.0,11.1,6.9,,,0,Variable,6.4,4.0,1016.3,30.01,1.1,34.0,,,0.8,0.03,Light Rain,rain,0,1,0,0,0,0
2018-05-12 07:00:00,4.4,39.9,2.8,37.0,89.0,13.0,8.1,,,220,SW,9.7,6.0,1015.9,30.0,1.4,34.5,,,0.5,0.02,Overcast,cloudy,0,0,0,0,0,0
2018-05-12 08:00:00,5.6,42.1,2.8,37.0,82.0,9.3,5.8,25.9,16.1,0,Variable,14.5,9.0,1015.5,29.99,3.6,38.4,,,,,Overcast,cloudy,0,0,0,0,0,0
2018-05-12 09:00:00,6.1,43.0,3.3,37.9,82.0,,,,,0,North,12.9,8.0,1015.9,30.0,,,,,,,Overcast,cloudy,0,0,0,0,0,0
2018-05-12 10:00:00,6.1,43.0,3.3,37.9,82.0,14.8,9.2,29.6,18.4,250,WSW,14.5,9.0,1014.9,29.97,3.2,37.7,,,,,Overcast,cloudy,0,0,0,0,0,0
2018-05-12 11:00:00,7.2,45.0,2.8,37.0,74.0,16.7,10.4,29.6,18.4,300,WNW,16.1,10.0,1014.3,29.96,4.3,39.7,,,,,Clear,clear,0,0,0,0,0,0
2018-05-12 12:00:00,8.9,48.0,1.7,35.1,61.0,13.0,8.1,29.6,18.4,280,West,16.1,10.0,1013.9,29.94,,,,,,,Clear,clear,0,0,0,0,0,0
2018-05-12 13:00:00,8.9,48.0,1.1,34.0,58.0,,,,,0,North,16.1,10.0,1014.4,29.96,,,,,,,Clear,clear,0,0,0,0,0,0
2018-05-12 14:00:00,8.9,48.0,0.6,33.1,56.0,16.7,10.4,,,300,WNW,16.1,10.0,1014.9,29.97,,,,,,,Partly Cloudy,partlycloudy,0,0,0,0,0,0
2018-05-12 15:00:00,8.9,48.0,0.0,32.0,54.0,13.0,8.1,,,280,West,16.1,10.0,1015.4,29.99,,,,,,,Scattered Clouds,partlycloudy,0,0,0,0,0,0
2018-05-12 16:00:00,8.3,46.9,0.0,32.0,56.0,11.1,6.9,,,300,WNW,16.1,10.0,1016.5,30.02,,,,,,,Partly Cloudy,partlycloudy,0,0,0,0,0,0
2018-05-12 17:00:00,7.8,46.0,0.6,33.1,61.0,11.1,6.9,,,310,NW,16.1,10.0,1016.5,30.02,5.8,42.5,,,,,Scattered Clouds,partlycloudy,0,0,0,0,0,0
2018-05-12 18:00:00,7.2,45.0,-0.6,30.9,58.0,5.6,3.5,,,0,Variable,16.1,10.0,1016.9,30.03,6.4,43.5,,,,,Clear,clear,0,0,0,0,0,0
2018-05-12 19:00:00,7.2,45.0,0.0,32.0,60.0,0.0,0.0,,,0,North,16.1,10.0,1017.6,30.05,,,,,,,Clear,clear,0,0,0,0,0,0
2018-05-12 20:00:00,7.2,45.0,0.0,32.0,60.0,9.3,5.8,,,290,WNW,16.1,10.0,1018.4,30.08,5.5,41.8,,,,,Clear,clear,0,0,0,0,0,0
2018-05-12 21:00:00,7.2,45.0,-0.6,30.9,58.0,5.6,3.5,,,0,Variable,16.1,10.0,1018.7,30.09,6.4,43.5,,,,,Clear,clear,0,0,0,0,0,0
2018-05-12 22:00:00,6.1,43.0,0.6,33.1,68.0,0.0,0.0,,,0,North,16.1,10.0,1019.0,30.09,,,,,,,Clear,clear,0,0,0,0,0,0
2018-05-12 23:00:00,6.1,43.0,-1.1,30.0,60.0,7.4,4.6,,,300,WNW,16.1,10.0,1019.2,30.1,4.6,40.3,,,,,Clear,clear,0,0,0,0,0,0
2018-05-13 00:00:00,5.0,41.0,-5.6,21.9,47.0,11.1,6.9,,,150,SSE,16.1,10.0,1019.3,30.1,2.5,36.4,,,,,Mostly Cloudy,mostlycloudy,0,0,0,0,0,0
2018-05-13 01:00:00,5.0,41.0,-3.9,25.0,53.0,,,,,0,North,16.1,10.0,1017.9,30.06,,,,,,,Overcast,cloudy,0,0,0,0,0,0
2018-05-13 02:00:00,5.0,41.0,-1.7,28.9,62.0,7.4,4.6,,,60,ENE,16.1,10.0,1018.7,30.09,3.3,38.0,,,0.0,0.0,Light Rain,rain,0,1,0,0,0,0
2018-05-13 03:00:00,4.4,39.9,2.2,36.0,86.0,9.3,5.8,,,0,Variable,8.0,5.0,1017.1,30.04,2.1,35.8,,,1.0,0.04,Light Rain,rain,0,1,0,0,0,0
2018-05-13 04:00:00,3.9,39.0,2.2,36.0,89.0,5.6,3.5,,,0,Variable,4.8,3.0,1016.3,30.01,2.6,36.8,,,1.5,0.06,Rain,rain,0,1,0,0,0,0
2018-05-13 05:00:00,3.9,39.0,2.2,36.0,89.0,0.0,0.0,,,0,North,4.8,3.0,1016.4,30.02,,,,,1.0,0.04,Light Rain,rain,0,1,0,0,0,0
2018-05-13 06:00:00,3.9,39.0,2.2,36.0,89.0,11.1,6.9,,,0,Variable,6.4,4.0,1016.3,30.01,1.1,34.0,,,0.8,0.03,Light Rain,rain,0,1,0,0,0,0
2018-05-13 07:00:00,4.4,39.9,2.8,37.0,89.0,13.0,8.1,,,220,SW,9.7,6.0,1015.9,30.0,1.4,34.5,,,0.5,0.02,Overcast,cloudy,0,0,0,0,0,0
2018-05-13 08:00:00,5.6,42.1,2.8,37.0,82.0,9.3,5.8,25.9,16.1,0,Variable,14.5,9.0,1015.5,29.99,3.6,38.4,,,,,Overcast,cloudy,0,0,0,0,0,0
2018-05-13 09:00:00,6.1,43.0,3.3,37.9,82.0,,,,,0,North,12.9,8.0,1015.9,30.0,,,,,,,Overcast,cloudy,0,0,0,0,0,0
2018-05-13 10:00:00,6.1,43.0,3.3,37.9,82.0,14.8,9.2,29.6,18.4,250,WSW,14.5,9.0,1014.9,29.97,3.2,37.7,,,,,Overcast,cloudy,0,0,0,0,0,0
2018-05-13 11:00:00,7.2,45.0,2.8,37.0,74.0,16.7,10.4,29.6,18.4,300,WNW,16.1,10.0,1014.3,29.96,4.3,39.7,,,,,Clear,clear,0,0,0,0,0,0
2018-05-13 12:00:00,8.9,48.0,1.7,35.1,61.0,13.0,8.1,29.6,18.4,280,West,16.1,10.0,1013.9,29.94,,,,,,,Clear,clear,0,0,0,0,0,0
2018-05-13 13:00:00,8.9,48.0,1.1,34.0,58.0,,,,,0,North,16.1,10.0,1014.4,29.96,,,,,,,Clear,clear,0,0,0,0,0,0
2018-05-13 14:00:00,8.9,48.0,0.6,33.1,56.0,16.7,10.4,,,300,WNW,16.1,10.0,1014.9,29.97,,,,,,,Partly Cloudy,partlycloudy,0,0,0,0,0,0
2018-05-13 15:00:00,8.9,48.0,0.0,32.0,54.0,13.0,8.1,,,280,West,16.1,10.0,1015.4,29.99,,,,,,,Scattered Clouds,partlycloudy,0,0,0,0,0,0
2018-05-13 16:00:00,8.3,46.9,0.0,32.0,56.0,11.1,6.9,,,300,WNW,16.1,10.0,1016.5,30.02,,,,,,,Partly Cloudy,partlycloudy,0,0,0,0,0,0
2018-05-13 17:00:00,7.8,46.0,0.6,33.1,61.0,11.1,6.9,,,310,NW,16.1,10.0,1016.5,30.02,5.8,42.5,,,,,Scattered Clouds,partlycloudy,0,0,0,0,0,0
2018-05-13 18:00:00,7.2,45.0,-0.6,30.9,58.0,5.6,3.5,,,0,Variable,16.1,10.0,1016.9,30.03,6.4,43.5,,,,,Clear,clear,0,0,0,0,0,0
2018-05-13 19:00:00,7.2,45.0,0.0,32.0,60.0,0.0,0.0,,,0,North,16.1,10.0,1017.6,30.05,,,,,,,Clear,clear,0,0,0,0,0,0
2018-05-13 20:00:00,7.2,45.0,0.0,32.0,60.0,9.3,5.8,,,290,WNW,16.1,10.0,1018.4,30.08,5.5,41.8,,,,,Clear,clear,0,0,0,0,0,0
2018-05-13 21:00:00,7.2,45.0,-0.6,30.9,58.0,5.6,3.5,,,0,Variable,16.1,10.0,1018.7,30.09,6.4,43.5,,,,,Clear,clear,0,0,0,0,0,0
2018-05-13 22:00:00,6.1,43.0,0.6,33.1,68.0,0.0,0.0,,,0,North,16.1,10.0,1019.0,30.09,,,,,,,Clear,clear,0,0,0,0,0,0
2018-05-13 23:00:00,6.1,43.0,-1.1,30.0,60.0,7.4,4.6,,,300,WNW,16.1,10.0,1019.2,30.1,4.6,40.3,,,,,Clear,clear,0,0,0,0,0,0
2018-05-14 00:00:00,5.0,41.0,-5.6,21.9,47.0,11.1,6.9,,,150,SSE,16.1,10.0,1019.3,30.1,2.5,36.4,,,,,Mostly Cloudy,mostlycloudy,0,0,0,0,0,0
2018-05-14 01:00:00,5.0,41.0,-3.9,25.0,53.0,,,,,0,North,16.1,10.0,1017.9,30.06,,,,,,,Overcast,cloudy,0,0,0,0,0,0
2018-05-14 02:00:00,5.0,41.0,-1.7,28.9,62.0,7.4,4.6,,,60,ENE,16.1,10.0,1018.7,30.09,3.3,38.0,,,0.0,0.0,Light Rain,rain,0,1,0,0,0,0
2018-05-14 03:00:00,4.4,39.9,2.2,36.0,86.0,9.3,5.8,,,0,Variable,8.0,5.0,1017.1,30.04,2.1,35.8,,,1.0,0.04,Light Rain,rain,0,1,0,0,0,0
2018-05-14 04:00:00,3.9,39.0,2.2,36.0,89.0,5.6,3.5,,,0,Variable,4.8,3.0,1016.3,30.01,2.6,36.8,,,1.5,0.06,Rain,rain,0,1,0,0,0,0
2018-05-14 05:00:00,3.9,39.0,2.2,36.0,89.0,0.0,0.0,,,0,North,4.8,3.0,1016.4,30.02,,,,,1.0,0.04,Light Rain,rain,0,1,0,0,0,0
2018-05-14 06:00:00,3.9,39.0,2.2,36.0,89.0,11.1,6.9,,,0,Variable,6.4,4.0,1016.3,30.01,1.1,34.0,,,0.8,0.03,Light Rain,rain,0,1,0,0,0,0
2018-05-14 07:00:00,4.4,39.9,2.8,37.0,89.0,13.0,8.1,,,220,SW,9.7,6.0,1015.9,30.0,1.4,34.5,,,0.5,0.02,Overcast,cloudy,0,0,0,0,0,0
2018-05-14 08:00:00,5.6,42.1,2.8,37.0,82.0,9.3,5.8,25.9,16.1,0,Variable,14.5,9.0,1015.5,29.99,3.6,38.4,,,,,Overcast,cloudy,0,0,0,0,0,0
2018-05-14 09:00:00,6.1,43.0,3.3,37.9,82.0,,,,,0,North,12.9,8.0,1015.9,30.0,,,,,,,Overcast,cloudy,0,0,0,0,0,0
2018-05-14 10:00:00,6.1,43.0,3.3,37.9,82.0,14.8,9.2,29.6,18.4,250,WSW,14.5,9.0,1014.9,29.97,3.2,37.7,,,,,Overcast,cloudy,0,0,0,0,0,0
2018-05-14 11:00:00,7.2,45.0,2.8,37.0,74.0,16.7,10.4,29.6,18.4,300,WNW,16.1,10.0,1014.3,29.96,4.3,39.7,,,,,Clear,clear,0,0,0,0,0,0
2018-05-14 12:00:00,8.9,48.0,1.7,35.1,61.0,13.0,8.1,29.6,18.4,280,West,16.1,10.0,1013.9,29.94,,,,,,,Clear,clear,0,0,0,0,0,0
2018-05-14 13:00:00,8.9,48.0,1.1,34.0,58.0,,,,,0,North,16.1,10.0,1014.4,29.96,,,,,,,Clear,clear,0,0,0,0,0,0
2018-05-14 14:00:00,8.9,48.0,0.6,33.1,56.0,16.7,10.4,,,300,WNW,16.1,10.0,1014.9,29.97,,,,,,,Partly Cloudy,partlycloudy,0,0,0,0,0,0
2018-05-14 15:00:00,8.9,48.0,0.0,32.0,54.0,13.0,8.1,,,280,West,16.1,10.0,1015.4,29.99,,,,,,,Scattered Clouds,partlycloudy,0,0,0,0,0,0
2018-05-14 16:00:00,8.3,46.9,0.0,32.0,56.0,11.1,6.9,,,300,WNW,16.1,10.0,1016.5,30.02,,,,,,,Partly Cloudy,partlycloudy,0,0,0,0,0,0
2018-05-14 17:00:00,7.8,46.0,0.6,33.1,61.0,11.1,6.9,,,310,NW,16.1,10.0,1016.5,30.02,5.8,42.5,,,,,Scattered Clouds,partlycloudy,0,0,0,0,0,0
2018-05-14 18:00:00,7.2,45.0,-0.6,30.9,58.0,5.6,3.5,,,0,Variable,16.1,10.0,1016.9,30.03,6.4,43.5,,,,,Clear,clear,0,0,0,0,0,0
2018-05-14 19:00:00,7.2,45.0,0.0,32.0,60.0,0.0,0.0,,,0,North,16.1,10.0,1017.6,30.05,,,,,,,Clear,clear,0,0,0,0,0,0
2018-05-14 20:00:00,7.2,45.0,0.0,32.0,60.0,9.3,5.8,,,290,WNW,16.1,10.0,1018.4,30.08,5.5,41.8,,,,,Clear,clear,0,0,0,0,0,0
2018-05-14 21:00:00,7.2,45.0,-0.6,30.9,58.0,5.6,3.5,,,0,Variable,16.1,10.0,1018.7,30.09,6.4,43.5,,,,,Clear,clear,0,0,0,0,0,0
2018-05-14 22:00:00,6.1,43.0,0.6,33.1,68.0,0.0,0.0,,,0,North,16.1,10.0,1019.0,30.09,,,,,,,Clear,clear,0,0,0,0,0,0
2018-05-14 23:00:00,6.1,43.0,-1.1,30.0,60.0,7.4,4.6,,,300,WNW,16.1,10.0,1019.2,30.1,4.6,40.3,,,,,Clear,clear,0,0,0,0,0,0
2018-05-15 00:00:00,20.6,69.1,19.4,66.9,93.0,5.6,3.5,,,150,SSE,2.0,1.2,1011.6,29.88,,,,,6.1,0.24,Heavy Rain,rain,0,1,0,0,0,0
2018-05-15 01:00:00,21.1,70.0,20.0,68.0,93.0,0.0,0.0,,,0,North,3.2,2.0,1010.5,29.84,,,,,2.3,0.09,Rain,rain,0,1,0,0,0,0
2018-05-15 02:00:00,21.7,71.1,20.6,69.1,93.0,0.0,0.0,,,0,North,1.6,1.0,1009.5,29.81,,,,,1.8,0.07,Heavy Rain,rain,0,1,0,0,0,0
2018-05-15 03:00:00,21.7,71.1,20.6,69.1,93.0,0.0,0.0,,,0,North,4.8,3.0,1009.2,29.81,,,,,12.7,0.5,Light Rain,rain,0,1,0,0,0,0
2018-05-15 04:00:00,21.7,71.1,20.6,69.1,93.0,0.0,0.0,,,0,North,6.4,4.0,1010.0,29.83,,,,,0.3,0.01,Light Rain,rain,0,1,0,0,0,0
2018-05-15 05:00:00,21.7,71.1,20.6,69.1,93.0,0.0,0.0,,,0,North,9.7,6.0,1008.6,29.79,,,,,0.5,0.02,Overcast,cloudy,0,0,0,0,0,0
2018-05-15 06:00:00,21.7,71.1,20.6,69.1,93.0,0.0,0.0,,,0,North,8.0,5.0,1008.2,29.78,,,,,,,Overcast,cloudy,0,0,0,0,0,0
2018-05-15 07:00:00,21.7,71.1,20.6,69.1,93.0,0.0,0.0,,,0,North,9.7,6.0,1008.1,29.77,,,,,,,Overcast,cloudy,0,0,0,0,0,0
2018-05-15 08:00:00,22.2,72.0,20.6,69.1,91.0,9.3,5.8,,,0,Variable,9.7,6.0,1008.1,29.77,,,,,,,Overcast,cloudy,0,0,0,0,0,0
2018-05-15 09:00:00,23.9,75.0,20.6,69.1,82.0,5.6,3.5,,,0,Variable,14.5,9.0,1008.0,29.77,,,,,,,Overcast,cloudy,0,0,0,0,0,0
2018-05-15 10:00:00,23.9,75.0,20.6,69.1,82.0,,,,,0,North,16.1,10.0,1008.4,29.78,,,,,,,Overcast,cloudy,0,0,0,0,0,0
2018-05-15 11:00:00,25.0,77.0,20.6,69.1,76.0,5.6,3.5,,,0,Variable,16.1,10.0,1008.3,29.78,,,,,,,Overcast,cloudy,0,0,0,0,0,0
2018-05-15 12:00:00,25.6,78.1,20.0,68.0,71.0,9.3,5.8,,,300,WNW,16.1,10.0,1008.5,29.78,,,,,,,Overcast,cloudy,0,0,0,0,0,0
2018-05-15 13:00:00,28.3,82.9,20.0,68.0,60.0,11.1,6.9,,,0,Variable,16.1,10.0,1008.5,29.78,,,29.9,85.8,,,Scattered Clouds,partlycloudy,0,0,0,0,0,0
2018-05-15 14:00:00,27.2,81.0,20.0,68.0,65.0,5.6,3.5,,,290,WNW,16.1,10.0,1008.3,29.78,,,28.8,83.8,,,Mostly Cloudy,mostlycloudy,0,0,0,0,0,0
2018-05-15 15:00:00,28.9,84.0,20.0,68.0,58.0,9.3,5.8,,,0,Variable,16.1,10.0,1008.2,29.78,,,30.6,87.0,,,Mostly Cloudy,mostlycloudy,0,0,0,0,0,0
2018-05-15 16:00:00,30.0,86.0,18.9,66.0,51.0,5.6,3.5,25.9,16.1,0,Variable,16.1,10.0,1007.8,29.76,,,31.2,88.2,,,Partly Cloudy,partlycloudy,0,0,0,0,0,0
2018-05-15 17:00:00,29.4,84.9,18.3,64.9,51.0,11.1,6.9,,,290,WNW,16.1,10.0,1007.9,29.77,,,30.3,86.6,,,Clear,clear,0,0,0,0,0,0
2018-05-15 18:00:00,29.4,84.9,18.9,66.0,53.0,7.4,4.6,,,0,Variable,16.1,10.0,1007.9,29.77,,,30.6,87.1,,,Clear,clear,0,0,0,0,0,0
2018-05-15 19:00:00,28.3,82.9,18.9,66.0,56.0,7.4,4.6,,,0,Variable,16.1,10.0,1008.3,29.78,,,29.4,85.0,,,Clear,clear,0,0,0,0,0,0
2018-05-15 20:00:00,28.3,82.9,19.4,66.9,58.0,0.0,0.0,,,0,North,16.1,10.0,1008.8,29.79,,,29.7,85.4,,,Clear,clear,0,0,0,0,0,0
2018-05-15 21:00:00,28.3,82.9,19.4,66.9,58.0,7.4,4.6,,,0,Variable,16.1,10.0,1009.4,29.81,,,29.7,85.4,,,Clear,clear,0,0,0,0,0,0
2018-05-15 22:00:00,27.8,82.0,19.4,66.9,60.0,7.4,4.6,,,0,Variable,16.1,10.0,1009.9,29.83,,,29.2,84.5,,,Clear,clear,0,0,0,0,0,0
2018-05-15 23:00:00,27.2,81.0,18.9,66.0,60.0,,,,,0,North,16.1,10.0,1010.4,29.84,,,28.3,83.0,,,Clear,clear,0,0,0,0,0,0
2018-05-16 00:00:00,20.6,69.1,19.4,66.9,93.0,5.6,3.5,,,150,SSE,2.0,1.2,1011.6,29.88,,,,,6.1,0.24,Heavy Rain,rain,0,1,0,0,0,0
2018-05-16 01:00:00,21.1,70.0,20.0,68.0,93.0,0.0,0.0,,,0,North,3.2,2.0,1010.5,29.84,,,,,2.3,0.09,Rain,rain,0,1,0,0,0,0
2018-05-16 02:00:00,21.7,71.1,20.6,69.1,93.0,0.0,0.0,,,0,North,1.6,1.0,1009.5,29.81,,,,,1.8,0.07,Heavy Rain,rain,0,1,0,0,0,0
2018-05-16 03:00:00,21.7,71.1,20.6,69.1,93.0,0.0,0.0,,,0,North,4.8,3.0,1009.2,29.81,,,,,12.7,0.5,Light Rain,rain,0,1,0,0,0,0
2018-05-16 04:00:00,21.7,71.1,20.6,69.1,93.0,0.0,0.0,,,0,North,6.4,4.0,1010.0,29.83,,,,,0.3,0.01,Light Rain,rain,0,1,0,0,0,0
2018-05-16 05:00:00,21.7,71.1,20.6,69.1,93.0,0.0,0.0,,,0,North,9.7,6.0,1008.6,29.79,,,,,0.5,0.02,Overcast,cloudy,0,0,0,0,0,0
2018-05-16 06:00:00,21.7,71.1,20.6,69.1,93.0,0.0,0.0,,,0,North,8.0,5.0,1008.2,29.78,,,,,,,Overcast,cloudy,0,0,0,0,0,0
2018-05-16 07:00:00,21.7,71.1,20.6,69.1,93.0,0.0,0.0,,,0,North,9.7,6.0,1008.1,29.77,,,,,,,Overcast,cloudy,0,0,0,0,0,0
2018-05-16 08:00:00,22.2,72.0,20.6,69.1,91.0,9.3,5.8,,,0,Variable,9.7,6.0,1008.1,29.77,,,,,,,Overcast,cloudy,0,0,0,0,0,0
2018-05-16 09:00:00,23.9,75.0,20.6,69.1,82.0,5.6,3.5,,,0,Variable,14.5,9.0,1008.0,29.77,,,,,,,Overcast,cloudy,0,0,0,0,0,0
2018-05-16 10:00:00,23.9,75.0,20.6,69.1,82.0,,,,,0,North,16.1,10.0,1008.4,29.78,,,,,,,Overcast,cloudy,0,0,0,0,0,0
2018-05-16 11:00:00,25.0,77.0,20.6,69.1,76.0,5.6,3.5,,,0,Variable,16.1,10.0,1008.3,29.78,,,,,,,Overcast,cloudy,0,0,0,0,0,0
2018-05-16 12:00:00,25.6,78.1,20.0,68.0,71.0,9.3,5.8,,,300,WNW,16.1,10.0,1008.5,29.78,,,,,,,Overcast,cloudy,0,0,0,0,0,0
2018-05-16 13:00:00,28.3,82.9,20.0,68.0,60.0,11.1,6.9,,,0,Variable,16.1,10.0,1008.5,29.78,,,29.9,85.8,,,Scattered Clouds,partlycloudy,0,0,0,0,0,0
2018-05-16 14:00:00,27.2,81.0,20.0,68.0,65.0,5.6,3.5,,,290,WNW,16.1,10.0,1008.3,29.78,,,28.8,83.8,,,Mostly Cloudy,mostlycloudy,0,0,0,0,0,0
2018-05-16 15:00:00,28.9,84.0,20.0,68.0,58.0,9.3,5.8,,,0,Variable,16.1,10.0,1008.2,29.78,,,30.6,87.0,,,Mostly Cloudy,mostlycloudy,0,0,0,0,0,0
2018-05-16 16:00:00,30.0,86.0,18.9,66.0,51.0,5.6,3.5,25.9,16.1,0,Variable,16.1,10.0,1007.8,29.76,,,31.2,88.2,,,Partly Cloudy,partlycloudy,0,0,0,0,0,0
2018-05-16 17:00:00,29.4,84.9,18.3,64.9,51.0,11.1,6.9,,,290,WNW,16.1,10.0,1007.9,29.77,,,30.3,86.6,,,Clear,clear,0,0,0,0,0,0
2018-05-16 18:00:00,29.4,84.9,18.9,66.0,53.0,7.4,4.6,,,0,Variable,16.1,10.0,1007.9,29.77,,,30.6,87.1,,,Clear,clear,0,0,0,0,0,0
2018-05-16 19:00:00,28.3,82.9,18.9,66.0,56.0,7.4,4.6,,,0,Variable,16.1,10.0,1008.3,29.78,,,29.4,85.0,,,Clear,clear,0,0,0,0,0,0
2018-05-16 20:00:00,28.3,82.9,19.4,66.9,58.0,0.0,0.0,,,0,North,16.1,10.0,1008.8,29.79,,,29.7,85.4,,,Clear,clear,0,0,0,0,0,0
2018-05-16 21:00:00,28.3,82.9,19.4,66.9,58.0,7.4,4.6,,,0,Variable,16.1,10.0,1009.4,29.81,,,29.7,85.4,,,Clear,clear,0,0,0,0,0,0
2018-05-16 22:00:00,27.8,82.0,19.4,66.9,60.0,7.4,4.6,,,0,Variable,16.1,10.0,1009.9,29.83,,,29.2,84.5,,,Clear,clear,0,0,0,0,0,0
2018-05-16 23:00:00,27.2,81.0,18.9,66.0,60.0,,,,,0,North,16.1,10.0,1010.4,29.84,,,28.3,83.0,,,Clear,clear,0,0,0,0,0,0
2018-05-17 00:00:00,14.4,57.9,0.6,33.1,39.0,7.4,4.6,,,0,Variable,16.1,10.0,1021.6,30.17,,,,,,,Clear,clear,0,0,0,0,0,0
2018-05-17 01:00:00,13.9,57.0,0.6,33.1,40.0,5.6,3.5,,,0,Variable,16.1,10.0,1021.6,30.17,,,,,,,Clear,clear,0,0,0,0,0,0
2018-05-17 02:00:00,13.0,55.4,2.0,35.6,47.0,,,,,0,North,,,,,,,,,,,Unknown,unknown,0,0,0,0,0,0
2018-05-17 03:00:00,13.0,55.4,1.0,33.8,44.0,,,,,0,North,,,,,,,,,,,Unknown,unknown,0,0,0,0,0,0
2018-05-17 04:00:00,13.0,55.4,1.0,33.8,44.0,,,,,0,North,,,,,,,,,,,Unknown,unknown,0,0,0,0,0,0
2018-05-17 05:00:00,13.0,55.4,2.0,35.6,47.0,,,,,0,North,,,,,,,,,,,Unknown,unknown,0,0,0,0,0,0
2018-05-17 06:00:00,13.0,55.4,2.0,35.6,47.0,,,,,0,North,,,,,,,,,,,Unknown,unknown,0,0,0,0,0,0
2018-05-17 07:00:00,-11.1,12.0,-18.9,-2.0,53.0,9.3,5.8,,,0,Variable,16.1,10.0,1034.2,30.54,-16.3,2.7,,,,,Clear,clear,0,0,0,0,0,0
2018-05-17 08:00:00,-10.6,12.9,-20.0,-4.0,47.0,20.4,12.7,31.5,19.6,350,North,16.1,10.0,1035.6,30.58,-18.7,-1.6,,,,,Clear,clear,0,0,0,0,0,0
2018-05-17 09:00:00,-8.3,17.1,-18.9,-2.0,43.0,,,,,0,North,16.1,10.0,1036.3,30.61,,,,,,,Clear,clear,0,0,0,0,0,0
2018-05-17 10:00:00,-7.2,19.0,-20.0,-4.0,36.0,11.1,6.9,25.9,16.1,0,Variable,16.1,10.0,1036.2,30.6,-12.2,10.0,,,,,Clear,clear,0,0,0,0,0,0
2018-05-17 11:00:00,-5.6,21.9,-20.6,-5.1,30.0,16.7,10.4,29.6,18.4,40,NE,16.1,10.0,1036.0,30.6,-11.6,11.0,,,,,Clear,clear,0,0,0,0,0,0
2018-05-17 12:00:00,-3.9,25.0,-21.1,-6.0,26.0,11.1,6.9,,,0,Variable,16.1,10.0,1035.4,30.58,-8.3,17.1,,,,,Clear,clear,0,0,0,0,0,0
2018-05-17 13:00:00,-2.8,27.0,-21.1,-6.0,24.0,9.3,5.8,,,0,Variable,16.1,10.0,1035.1,30.57,-6.4,20.5,,,,,Clear,clear,0,0,0,0,0,0
2018-05-17 14:00:00,-2.2,28.0,-20.0,-4.0,25.0,7.4,4.6,,,300,WNW,16.1,10.0,1035.3,30.58,-5.1,22.8,,,,,Clear,clear,0,0,0,0,0,0
2018-05-17 15:00:00,15.6,60.1,7.2,45.0,57.0,5.6,3.5,,,0,Variable,16.1,10.0,1021.9,30.18,,,,,,,Overcast,cloudy,0,0,0,0,0,0
2018-05-17 16:00:00,15.6,60.1,7.8,46.0,60.0,,,,,0,North,16.1,10.0,1021.2,30.16,,,,,,,Overcast,cloudy,0,0,0,0,0,0
2018-05-17 17:00:00,14.4,57.9,7.8,46.0,65.0,7.4,4.6,,,0,Variable,16.1,10.0,1021.2,30.16,,,,,,,Overcast,cloudy,0,0,0,0,0,0
2018-05-17 18:00:00,14.4,57.9,8.9,48.0,70.0,0.0,0.0,,,0,North,14.5,9.0,1019.9,30.12,,,,,,,Mostly Cloudy,mostlycloudy,0,0,0,0,0,0
2018-05-17 19:00:00,13.3,55.9,7.8,46.0,69.0,9.3,5.8,,,0,Variable,16.1,10.0,1019.9,30.12,,,,,,,Overcast,cloudy,0,0,0,0,0,0
2018-05-17 20:00:00,13.3,55.9,7.8,46.0,69.0,9.3,5.8,,,0,Variable,16.1,10.0,1020.0,30.12,,,,,,,Partly Cloudy,partlycloudy,0,0,0,0,0,0
2018-05-17 21:00:00,14.4,57.9,8.9,48.0,70.0,0.0,0.0,,,0,North,14.5,9.0,1019.9,30.12,,,,,,,Mostly Cloudy,mostlycloudy,0,0,0,0,0,0
2018-05-17 22:00:00,13.3,55.9,7.8,46.0,69.0,9.3,5.8,,,0,Variable,16.1,10.0,1019.9,30.12,,,,,,,Overcast,cloudy,0,0,0,0,0,0
2018-05-17 23:00:00,13.3,55.9,7.8,46.0,69.0,9.3,5.8,,,0,Variable,16.1,10.0,1020.0,30.12,,,,,,,Partly Cloudy,partlycloudy,0,0,0,0,0,0
2018-05-18 00:00:00,14.4,57.9,0.6,33.1,39.0,7.4,4.6,,,0,Variable,16.1,10.0,1021.6,30.17,,,,,,,Clear,clear,0,0,0,0,0,0
2018-05-18 01:00:00,13.9,57.0,0.6,33.1,40.0,5.6,3.5,,,0,Variable,16.1,10.0,1021.6,30.17,,,,,,,Clear,clear,0,0,0,0,0,0
2018-05-18 02:00:00,13.0,55.4,2.0,35.6,47.0,,,,,0,North,,,,,,,,,,,Unknown,unknown,0,0,0,0,0,0
2018-05-18 03:00:00,13.0,55.4,1.0,33.8,44.0,,,,,0,North,,,,,,,,,,,Unknown,unknown,0,0,0,0,0,0
2018-05-18 04:00:00,13.0,55.4,1.0,33.8,44.0,,,,,0,North,,,,,,,,,,,Unknown,unknown,0,0,0,0,0,0
2018-05-18 05:00:00,13.0,55.4,2.0,35.6,47.0,,,,,0,North,,,,,,,,,,,Unknown,unknown,0,0,0,0,0,0
2018-05-18 06:00:00,13.0,55.4,2.0,35.6,47.0,,,,,0,North,,,,,,,,,,,Unknown,unknown,0,0,0,0,0,0
2018-05-18 07:00:00,-11.1,12.0,-18.9,-2.0,53.0,9.3,5.8,,,0,Variable,16.1,10.0,1034.2,30.54,-16.3,2.7,,,,,Clear,clear,0,0,0,0,0,0
2018-05-18 08:00:00,-10.6,12.9,-20.0,-4.0,47.0,20.4,12.7,31.5,19.6,350,North,16.1,10.0,1035.6,30.58,-18.7,-1.6,,,,,Clear,clear,0,0,0,0,0,0
2018-05-18 09:00:00,-8.3,17.1,-18.9,-2.0,43.0,,,,,0,North,16.1,10.0,1036.3,30.61,,,,,,,Clear,clear,0,0,0,0,0,0
2018-05-18 10:00:00,-7.2,19.0,-20.0,-4.0,36.0,11.1,6.9,25.9,16.1,0,Variable,16.1,10.0,1036.2,30.6,-12.2,10.0,,,,,Clear,clear,0,0,0,0,0,0
2018-05-18 11:00:00,-5.6,21.9,-20.6,-5.1,30.0,16.7,10.4,29.6,18.4,40,NE,16.1,10.0,1036.0,30.6,-11.6,11.0,,,,,Clear,clear,0,0,0,0,0,0
2018-05-18 12:00:00,-3.9,25.0,-21.1,-6.0,26.0,11.1,6.9,,,0,Variable,16.1,10.0,1035.4,30.58,-8.3,17.1,,,,,Clear,clear,0,0,0,0,0,0
2018-05-18 13:00:00,-2.8,27.0,-21.1,-6.0,24.0,9.3,5.8,,,0,Variable,16.1,10.0,1035.1,30.57,-6.4,20.5,,,,,Clear,clear,0,0,0,0,0,0
2018-05-18 14:00:00,-2.2,28.0,-20.0,-4.0,25.0,7.4,4.6,,,300,WNW,16.1,10.0,1035.3,30.58,-5.1,22.8,,,,,Clear,clear,0,0,0,0,0,0
2018-05-18 15:00:00,15.6,60.1,7.2,45.0,57.0,5.6,3.5,,,0,Variable,16.1,10.0,1021.9,30.18,,,,,,,Overcast,cloudy,0,0,0,0,0,0
2018-05-18 16:00:00,15.6,60.1,7.8,46.0,60.0,,,,,0,North,16.1,10.0,1021.2,30.16,,,,,,,Overcast,cloudy,0,0,0,0,0,0
2018-05-18 17:00:00,14.4,57.9,7.8,46.0,65.0,7.4,4.6,,,0,Variable,16.1,10.0,1021.2,30.16,,,,,,,Overcast,cloudy,0,0,0,0,0,0
2018-05-18 18:00:00,14.4,57.9,8.9,48.0,70.0,0.0,0.0,,,0,North,14.5,9.0,1019.9,30.12,,,,,,,Mostly Cloudy,mostlycloudy,0,0,0,0,0,0
2018-05-18 19:00:00,13.3,55.9,7.8,46.0,69.0,9.3,5.8,,,0,Variable,16.1,10.0,1019.9,30.12,,,,,,,Overcast,cloudy,0,0,0,0,0,0
2018-05-18 20:00:00,13.3,55.9,7.8,46.0,69.0,9.3,5.8,,,0,Variable,16.1,10.0,1020.0,30.12,,,,,,,Partly Cloudy,partlycloudy,0,0,0,0,0,0
2018-05-18 21:00:00,14.4,57.9,8.9,48.0,70.0,0.0,0.0,,,0,North,14.5,9.0,1019.9,30.12,,,,,,,Mostly Cloudy,mostlycloudy,0,0,0,0,0,0
2018-05-18 22:00:00,13.3,55.9,7.8,46.0,69.0,9.3,5.8,,,0,Variable,16.1,10.0,1019.9,30.12,,,,,,,Overcast,cloudy,0,0,0,0,0,0
2018-05-18 23:00:00,13.3,55.9,7.8,46.0,69.0,9.3,5.8,,,0,Variable,16.1,10.0,1020.0,30.12,,,,,,,Partly Cloudy,partlycloudy,0,0,0,0,0,0
2018-05-19 00:00:00,12.8,55.0,5.6,42.1,62.0,0.0,0.0,,,0,North,16.1,10.0,1020.2,30.13,,,,,,,Overcast,cloudy,0,0,0,0,0,0
2018-05-19 01:00:00,12.8,55.0,4.4,39.9,57.0,0.0,0.0,,,0,North,16.1,10.0,1019.9,30.12,,,,,,,Overcast,cloudy,0,0,0,0,0,0
2018-05-19 02:00:00,12.8,55.0,5.0,41.0,59.0,0.0,0.0,,,0,North,16.1,10.0,1019.9,30.12,,,,,,,Overcast,cloudy,0,0,0,0,0,0
2018-05-19 03:00:00,12.8,55.0,5.0,41.0,59.0,0.0,0.0,,,0,North,16.1,10.0,1019.5,30.11,,,,,,,Overcast,cloudy,0,0,0,0,0,0
2018-05-19 04:00:00,12.8,55.0,3.9,39.0,55.0,0.0,0.0,,,0,North,16.1,10.0,1019.9,30.12,,,,,,,Overcast,cloudy,0,0,0,0,0,0
2018-05-19 05:00:00,12.8,55.0,5.0,41.0,59.0,0.0,0.0,,,0,North,16.1,10.0,1019.9,30.12,,,,,,,Overcast,cloudy,0,0,0,0,0,0
2018-05-19 06:00:00,13.9,57.0,5.6,42.1,57.0,0.0,0.0,,,0,North,16.1,10.0,1019.0,30.09,,,,,,,Overcast,cloudy,0,0,0,0,0,0
2018-05-19 07:00:00,14.4,57.9,6.1,43.0,58.0,0.0,0.0,,,0,North,16.1,10.0,1019.3,30.1,,,,,,,Overcast,cloudy,0,0,0,0,0,0
2018-05-19 08:00:00,15.6,60.1,6.1,43.0,53.0,0.0,0.0,,,0,North,16.1,10.0,1019.5,30.11,,,,,,,Overcast,cloudy,0,0,0,0,0,0
2018-05-19 09:00:00,16.7,62.1,5.6,42.1,48.0,0.0,0.0,,,0,North,16.1,10.0,1019.3,30.1,,,,,,,Mostly Cloudy,mostlycloudy,0,0,0,0,0,0
2018-05-19 10:00:00,18.9,66.0,5.0,41.0,40.0,5.6,3.5,,,0,Variable,16.1,10.0,1019.2,30.1,,,,,,,Clear,clear,0,0,0,0,0,0
2018-05-19 11:00:00,19.4,66.9,3.3,37.9,34.0,0.0,0.0,,,0,North,16.1,10.0,1019.0,30.09,,,,,,,Overcast,cloudy,0,0,0,0,0,0
2018-05-19 12:00:00,21.7,71.1,3.9,39.0,31.0,0.0,0.0,,,0,North,16.1,10.0,1018.6,30.08,,,,,,,Partly Cloudy,partlycloudy,0,0,0,0,0,0
2018-05-19 13:00:00,20.6,69.1,3.9,39.0,33.0,5.6,3.5,,,0,Variable,16.1,10.0,1018.4,30.08,,,,,,,Mostly Cloudy,mostlycloudy,0,0,0,0,0,0
2018-05-19 14:00:00,20.0,68.0,6.1,43.0,40.0,9.3,5.8,,,0,Variable,16.1,10.0,1018.3,30.07,,,,,,,Overcast,cloudy,0,0,0,0,0,0
2018-05-19 15:00:00,18.3,64.9,7.2,45.0,48.0,9.3,5.8,,,0,Variable,16.1,10.0,1018.1,30.07,,,,,,,Mostly Cloudy,mostlycloudy,0,0,0,0,0,0
2018-05-19 16:00:00,17.8,64.0,5.6,42.1,45.0,13.0,8.1,,,180,South,16.1,10.0,1017.8,30.06,,,,,,,Scattered Clouds,partlycloudy,0,0,0,0,0,0
2018-05-19 17:00:00,17.2,63.0,5.0,41.0,45.0,0.0,0.0,,,0,North,16.1,10.0,1017.9,30.06,,,,,,,Clear,clear,0,0,0,0,0,0
2018-05-19 18:00:00,17.2,63.0,4.4,39.9,43.0,5.6,3.5,,,0,Variable,16.1,10.0,1018.5,30.08,,,,,,,Mostly Cloudy,mostlycloudy,0,0,0,0,0,0
2018-05-19 19:00:00,15.6,60.1,4.4,39.9,47.0,0.0,0.0,,,0,North,16.1,10.0,1019.2,30.1,,,,,,,Mostly Cloudy,mostlycloudy,0,0,0,0,0,0
2018-05-19 20:00:00,14.4,57.9,5.6,42.1,56.0,0.0,0.0,,,0,North,16.1,10.0,1019.6,30.11,,,,,,,Partly Cloudy,partlycloudy,0,0,0,0,0,0
2018-05-19 21:00:00,13.9,57.0,6.1,43.0,59.0,0.0,0.0,,,0,North,16.1,10.0,1020.2,30.13,,,,,,,Clear,clear,0,0,0,0,0,0
2018-05-19 22:00:00,13.9,57.0,7.2,45.0,64.0,0.0,0.0,,,0,North,16.1,10.0,1020.5,30.14,,,,,,,Clear,clear,0,0,0,0,0,0
2018-05-19 23:00:00,15.0,59.0,5.6,42.1,53.0,0.0,0.0,,,0,North,16.1,10.0,1020.6,30.14,,,,,,,Clear,clear,0,0,0,0,0,0
2018-05-20 00:00:00,15.0,59.0,3.9,39.0,48.0,7.4,4.6,,,290,WNW,16.1,10.0,1021.1,30.16,,,,,,,Clear,clear,0,0,0,0,0,0
2018-05-20 01:00:00,14.4,57.9,2.8,37.0,46.0,9.3,5.8,,,0,Variable,16.1,10.0,1021.0,30.15,,,,,,,Clear,clear,0,0,0,0,0,0
2018-05-20 02:00:00,14.4,57.9,2.8,37.0,46.0,5.6,3.5,,,290,WNW,16.1,10.0,1020.8,30.15,,,,,,,Clear,clear,0,0,0,0,0,0
2018-05-20 03:00:00,14.4,57.9,2.2,36.0,44.0,7.4,4.6,,,310,NW,16.1,10.0,1021.3,30.16,,,,,,,Clear,clear,0,0,0,0,0,0
2018-05-20 04:00:00,12.2,54.0,3.9,39.0,57.0,5.6,3.5,,,0,Variable,16.1,10.0,1022.2,30.19,,,,,,,Clear,clear,0,0,0,0,0,0
2018-05-20 05:00:00,12.2,54.0,2.8,37.0,53.0,5.6,3.5,,,310,NW,16.1,10.0,1022.8,30.21,,,,,,,Clear,clear,0,0,0,0,0,0
2018-05-20 06:00:00,12.8,55.0,3.3,37.9,53.0,0.0,0.0,,,0,North,16.1,10.0,1023.2,30.22,,,,,,,Clear,clear,0,0,0,0,0,0
2018-05-20 07:00:00,13.9,57.0,4.4,39.9,53.0,5.6,3.5,,,290,WNW,16.1,10.0,1023.9,30.24,,,,,,,Clear,clear,0,0,0,0,0,0
2018-05-20 08:00:00,15.0,59.0,4.4,39.9,49.0,0.0,0.0,,,0,North,16.1,10.0,1024.7,30.26,,,,,,,Clear,clear,0,0,0,0,0,0
2018-05-20 09:00:00,17.8,64.0,3.9,39.0,40.0,9.3,5.8,,,320,NW,16.1,10.0,1024.5,30.26,,,,,,,Clear,clear,0,0,0,0,0,0
2018-05-20 10:00:00,19.4,66.9,5.0,41.0,39.0,13.0,8.1,,,70,ENE,16.1,10.0,1024.5,30.26,,,,,,,Clear,clear,0,0,0,0,0,0
2018-05-20 11:00:00,21.1,70.0,4.4,39.9,33.0,5.6,3.5,,,0,Variable,16.1,10.0,1024.3,30.25,,,,,,,Clear,clear,0,0,0,0,0,0
2018-05-20 12:00:00,23.3,73.9,3.9,39.0,28.0,14.8,9.2,,,60,ENE,16.1,10.0,1023.6,30.23,,,,,,,Clear,clear,0,0,0,0,0,0
2018-05-20 13:00:00,23.9,75.0,2.8,37.0,25.0,5.6,3.5,,,0,Variable,16.1,10.0,1023.3,30.22,,,,,,,Clear,clear,0,0,0,0,0,0
2018-05-20 14:00:00,23.9,75.0,3.3,37.9,26.0,9.3,5.8,,,0,Variable,16.1,10.0,1023.2,30.22,,,,,,,Clear,clear,0,0,0,0,0,0
2018-05-20 15:00:00,23.9,75.0,3.3,37.9,26.0,5.6,3.5,,,70,ENE,16.1,10.0,1022.4,30.19,,,,,,,Clear,clear,0,0,0,0,0,0
2018-05-20 16:00:00,23.9,75.0,3.3,37.9,26.0,5.6,3.5,,,0,Variable,16.1,10.0,1022.2,30.19,,,,,,,Clear,clear,0,0,0,0,0,0
2018-05-20 17:00:00,21.7,71.1,4.4,39.9,32.0,9.3,5.8,,,190,South,16.1,10.0,1022.2,30.19,,,,,,,Clear,clear,0,0,0,0,0,0
2018-05-20 18:00:00,20.0,68.0,4.4,39.9,36.0,7.4,4.6,,,0,Variable,16.1,10.0,1022.1,30.19,,,,,,,Clear,clear,0,0,0,0,0,0
2018-05-20 19:00:00,18.9,66.0,4.4,39.9,38.0,5.6,3.5,,,0,Variable,16.1,10.0,1022.3,30.19,,,,,,,Clear,clear,0,0,0,0,0,0
2018-05-20 20:00:00,18.3,64.9,4.4,39.9,40.0,7.4,4.6,,,0,Variable,16.1,10.0,1022.3,30.19,,,,,,,Clear,clear,0,0,0,0,0,0
2018-05-20 21:00:00,17.8,64.0,3.9,39.0,40.0,9.3,5.8,,,0,Variable,16.1,10.0,1022.7,30.2,,,,,,,Clear,clear,0,0,0,0,0,0
2018-05-20 22:00:00,17.8,64.0,3.3,37.9,38.0,5.6,3.5,,,260,West,16.1,10.0,1022.6,30.2,,,,,,,Clear,clear,0,0,0,0,0,0
2018-05-20 23:00:00,17.2,63.0,3.9,39.0,41.0,11.1,6.9,,,0,Variable,16.1,10.0,1022.7,30.2,,,,,,,Clear,clear,0,0,0,0,0,0
2018-05-21 00:00:00,16.7,62.1,3.3,37.9,41.0,9.3,5.8,,,240,WSW,16.1,10.0,1022.5,30.2,,,,,,,Clear,clear,0,0,0,0,0,0
2018-05-21 01:00:00,16.1,61.0,3.3,37.9,42.0,5.6,3.5,,,290,WNW,16.1,10.0,1022.0,30.18,,,,,,,Clear,clear,0,0,0,0,0,0
2018-05-21 02:00:00,15.0,59.0,4.4,39.9,49.0,0.0,0.0,,,0,North,16.1,10.0,1021.6,30.17,,,,,,,Clear,clear,0,0,0,0,0,0
2018-05-21 03:00:00,15.0,59.0,3.9,39.0,48.0,0.0,0.0,,,0,North,16.1,10.0,1021.4,30.17,,,,,,,Clear,clear,0,0,0,0,0,0
2018-05-21 04:00:00,14.4,57.9,3.3,37.9,47.0,0.0,0.0,,,0,North,16.1,10.0,1021.4,30.17,,,,,,,Clear,clear,0,0,0,0,0,0
2018-05-21 05:00:00,13.9,57.0,5.0,41.0,55.0,0.0,0.0,,,0,North,16.1,10.0,1021.3,30.16,,,,,,,Clear,clear,0,0,0,0,0,0
2018-05-21 06:00:00,15.0,59.0,7.2,45.0,60.0,0.0,0.0,,,0,North,16.1,10.0,1020.9,30.15,,,,,,,Clear,clear,0,0,0,0,0,0
2018-05-21 07:00:00,16.7,62.1,6.7,44.1,52.0,0.0,0.0,,,0,North,16.1,10.0,1020.8,30.15,,,,,,,Clear,clear,0,0,0,0,0,0
2018-05-21 08:00:00,16.7,62.1,6.1,43.0,50.0,5.6,3.5,,,100,East,16.1,10.0,1020.4,30.14,,,,,,,Clear,clear,0,0,0,0,0,0
2018-05-21 09:00:00,16.7,62.1,6.7,44.1,52.0,0.0,0.0,,,0,North,16.1,10.0,1020.4,30.14,,,,,,,Mostly Cloudy,mostlycloudy,0,0,0,0,0,0
2018-05-21 10:00:00,17.2,63.0,8.3,46.9,56.0,7.4,4.6,,,160,SSE,14.5,9.0,1019.9,30.12,,,,,,,Mostly Cloudy,mostlycloudy,0,0,0,0,0,0
2018-05-21 11:00:00,17.8,64.0,6.1,43.0,46.0,7.4,4.6,,,0,Variable,16.1,10.0,1019.3,30.1,,,,,,,Clear,clear,0,0,0,0,0,0
2018-05-21 12:00:00,18.9,66.0,5.0,41.0,40.0,0.0,0.0,,,0,North,16.1,10.0,1018.7,30.09,,,,,,,Clear,clear,0,0,0,0,0,0
2018-05-21 13:00:00,17.8,64.0,3.3,37.9,38.0,14.8,9.2,,,140,SE,16.1,10.0,1018.1,30.07,,,,,,,Mostly Cloudy,mostlycloudy,0,0,0,0,0,0
2018-05-21 14:00:00,17.2,63.0,3.9,39.0,41.0,14.8,9.2,,,140,SE,16.1,10.0,1016.9,30.03,,,,,,,Overcast,cloudy,0,0,0,0,0,0
2018-05-21 15:00:00,17.2,63.0,3.9,39.0,41.0,7.4,4.6,,,0,Variable,16.1,10.0,1016.3,30.01,,,,,,,Overcast,cloudy,0,0,0,0,0,0
2018-05-21 16:00:00,17.2,63.0,3.9,39.0,41.0,5.6,3.5,,,0,Variable,16.1,10.0,1015.6,29.99,,,,,,,Overcast,cloudy,0,0,0,0,0,0
2018-05-21 17:00:00,17.2,63.0,5.0,41.0,45.0,14.8,9.2,,,70,ENE,16.1,10.0,1015.0,29.98,,,,,,,Overcast,cloudy,0,0,0,0,0,0
2018-05-21 18:00:00,15.0,59.0,7.2,45.0,60.0,5.6,3.5,,,0,Variable,12.9,8.0,1015.0,29.98,,,,,0.0,0.0,Light Rain,rain,0,1,0,0,0,0
2018-05-21 19:00:00,13.3,55.9,11.1,52.0,87.0,7.4,4.6,,,50,NE,11.3,7.0,1014.2,29.95,,,,,1.0,0.04,Overcast,cloudy,0,0,0,0,0,0
2018-05-21 20:00:00,12.8,55.0,10.6,51.1,86.0,7.4,4.6,,,30,NNE,16.1,10.0,1013.5,29.93,,,,,,,Overcast,cloudy,0,0,0,0,0,0
2018-05-21 21:00:00,13.3,55.9,9.4,48.9,77.0,9.3,5.8,,,70,ENE,16.1,10.0,1013.2,29.92,,,,,,,Overcast,cloudy,0,0,0,0,0,0
2018-05-21 22:00:00,13.3,55.9,8.9,48.0,75.0,13.0,8.1,,,70,ENE,16.1,10.0,1013.1,29.92,,,,,0.0,0.0,Overcast,cloudy,0,0,0,0,0,0
2018-05-21 23:00:00,13.3,55.9,9.4,48.9,77.0,9.3,5.8,,,70,ENE,14.5,9.0,1012.3,29.9,,,,,0.0,0.0,Light Rain,rain,0,1,0,0,0,0
2018-05-22 00:00:00,12.2,54.0,9.4,48.9,83.0,7.4,4.6,,,50,NE,16.1,10.0,1011.1,29.86,,,,,0.0,0.0,Overcast,cloudy,0,0,0,0,0,0
2018-05-22 01:00:00,12.2,54.0,8.3,46.9,77.0,7.4,4.6,,,10,North,16.1,10.0,1009.9,29.83,,,,,,,Overcast,cloudy,0,0,0,0,0,0
2018-05-22 02:00:00,12.2,54.0,9.4,48.9,83.0,9.3,5.8,,,0,Variable,16.1,10.0,1009.7,29.82,,,,,,,Overcast,cloudy,0,0,0,0,0,0
2018-05-22 03:00:00,12.2,54.0,8.3,46.9,77.0,7.4,4.6,,,0,Variable,16.1,10.0,1009.5,29.81,,,,,,,Overcast,cloudy,0,0,0,0,0,0
2018-05-22 04:00:00,11.7,53.1,9.4,48.9,86.0,7.4,4.6,,,30,NNE,11.3,7.0,1009.5,29.81,,,,,1.0,0.04,Light Rain,rain,0,1,0,0,0,0
2018-05-22 05:00:00,11.1,52.0,8.9,48.0,86.0,9.3,5.8,,,40,NE,14.5,9.0,1009.8,29.82,,,,,1.3,0.05,Light Rain,rain,0,1,0,0,0,0
2018-05-22 06:00:00,11.7,53.1,9.4,48.9,86.0,7.4,4.6,,,10,North,14.5,9.0,1010.0,29.83,,,,,0.0,0.0,Overcast,cloudy,0,0,0,0,0,0
2018-05-22 07:00:00,12.2,54.0,8.9,48.0,80.0,5.6,3.5,,,30,NNE,16.1,10.0,1010.1,29.83,,,,,,,Overcast,cloudy,0,0,0,0,0,0
2018-05-22 08:00:00,14.4,57.9,11.1,52.0,81.0,0.0,0.0,,,0,North,16.1,10.0,1009.8,29.82,,,,,,,Overcast,cloudy,0,0,0,0,0,0
2018-05-22 09:00:00,15.0,59.0,8.9,48.0,67.0,0.0,0.0,,,0,North,16.1,10.0,1010.2,29.83,,,,,,,Overcast,cloudy,0,0,0,0,0,0
2018-05-22 10:00:00,16.7,62.1,8.3,46.9,58.0,7.4,4.6,,,0,Variable,16.1,10.0,1010.3,29.84,,,,,,,Overcast,cloudy,0,0,0,0,0,0
2018-05-22 11:00:00,18.9,66.0,7.2,45.0,47.0,5.6,3.5,,,0,Variable,16.1,10.0,1009.9,29.83,,,,,,,Overcast,cloudy,0,0,0,0,0,0
2018-05-22 12:00:00,20.0,68.0,7.8,46.0,45.0,9.3,5.8,,,70,ENE,16.1,10.0,1009.7,29.82,,,,,,,Overcast,cloudy,0,0,0,0,0,0
2018-05-22 13:00:00,20.0,68.0,5.0,41.0,37.0,16.7,10.4,,,60,ENE,16.1,10.0,1009.7,29.82,,,,,,,Overcast,cloudy,0,0,0,0,0,0
2018-05-22 14:00:00,20.6,69.1,7.8,46.0,44.0,9.3,5.8,,,0,Variable,16.1,10.0,1009.6,29.82,,,,,,,Overcast,cloudy,0,0,0,0,0,0
2018-05-22 15:00:00,20.6,69.1,7.8,46.0,44.0,5.6,3.5,,,120,ESE,16.1,10.0,1009.7,29.82,,,,,,,Overcast,cloudy,0,0,0,0,0,0
2018-05-22 16:00:00,19.4,66.9,10.0,50.0,54.0,5.6,3.5,,,0,Variable,16.1,10.0,1009.6,29.82,,,,,,,Overcast,cloudy,0,0,0,0,0,0
2018-05-22 17:00:00,18.9,66.0,10.0,50.0,56.0,5.6,3.5,,,0,Variable,16.1,10.0,1009.6,29.82,,,,,,,Clear,clear,0,0,0,0,0,0
2018-05-22 18:00:00,18.9,66.0,10.0,50.0,56.0,0.0,0.0,,,0,North,16.1,10.0,1010.0,29.83,,,,,,,Mostly Cloudy,mostlycloudy,0,0,0,0,0,0
2018-05-22 19:00:00,18.3,64.9,8.9,48.0,54.0,5.6,3.5,,,0,Variable,16.1,10.0,1010.5,29.84,,,,,,,Overcast,cloudy,0,0,0,0,0,0
2018-05-22 20:00:00,17.2,63.0,8.9,48.0,58.0,7.4,4.6,,,260,West,16.1,10.0,1011.2,29.86,,,,,,,Overcast,cloudy,0,0,0,0,0,0
2018-05-22 21:00:00,17.2,63.0,9.4,48.9,60.0,0.0,0.0,,,0,North,16.1,10.0,1011.9,29.88,,,,,,,Clear,clear,0,0,0,0,0,0
2018-05-22 22:00:00,16.1,61.0,10.6,51.1,70.0,7.4,4.6,,,0,Variable,16.1,10.0,1012.2,29.89,,,,,,,Clear,clear,0,0,0,0,0,0
2018-05-22 23:00:00,15.0,59.0,10.6,51.1,75.0,0.0,0.0,,,0,North,16.1,10.0,1012.3,29.9,,,,,,,Clear,clear,0,0,0,0,0,0
2018-05-23 00:00:00,14.4,57.9,10.6,51.1,78.0,0.0,0.0,,,0,North,16.1,10.0,1012.4,29.9,,,,,,,Clear,clear,0,0,0,0,0,0
2018-05-23 01:00:00,14.4,57.9,10.6,51.1,78.0,0.0,0.0,,,0,North,16.1,10.0,1012.2,29.89,,,,,,,Partly Cloudy,partlycloudy,0,0,0,0,0,0
2018-05-23 02:00:00,13.9,57.0,10.0,50.0,77.0,0.0,0.0,,,0,North,16.1,10.0,1012.1,29.89,,,,,,,Clear,clear,0,0,0,0,0,0
2018-05-23 03:00:00,13.9,57.0,10.0,50.0,77.0,0.0,0.0,,,0,North,16.1,10.0,1012.0,29.89,,,,,,,Clear,clear,0,0,0,0,0,0
2018-05-23 04:00:00,13.9,57.0,10.6,51.1,81.0,0.0,0.0,,,0,North,16.1,10.0,1011.9,29.88,,,,,,,Clear,clear,0,0,0,0,0,0
2018-05-23 05:00:00,13.3,55.9,10.6,51.1,84.0,0.0,0.0,,,0,North,12.9,8.0,1012.7,29.91,,,,,,,Clear,clear,0,0,0,0,0,0
2018-05-23 06:00:00,14.4,57.9,11.1,52.0,81.0,0.0,0.0,,,0,North,11.3,7.0,1013.2,29.92,,,,,,,Clear,clear,0,0,0,0,0,0
2018-05-23 07:00:00,16.1,61.0,11.1,52.0,72.0,0.0,0.0,,,0,North,11.3,7.0,1013.5,29.93,,,,,,,Clear,clear,0,0,0,0,0,0
2018-05-23 08:00:00,17.8,64.0,10.6,51.1,63.0,5.6,3.5,,,0,Variable,11.3,7.0,1013.7,29.94,,,,,,,Clear,clear,0,0,0,0,0,0
2018-05-23 09:00:00,18.9,66.0,10.0,50.0,56.0,5.6,3.5,,,0,Variable,14.5,9.0,1013.3,29.93,,,,,,,Clear,clear,0,0,0,0,0,0
2018-05-23 10:00:00,21.1,70.0,10.6,51.1,51.0,7.4,4.6,,,330,NNW,12.9,8.0,1012.8,29.91,,,,,,,Clear,clear,0,0,0,0,0,0
2018-05-23 11:00:00,23.3,73.9,10.6,51.1,45.0,11.1,6.9,,,50,NE,14.5,9.0,1013.0,29.92,,,,,,,Clear,clear,0,0,0,0,0,0
2018-05-23 12:00:00,24.4,75.9,10.6,51.1,42.0,0.0,0.0,,,0,North,16.1,10.0,1012.5,29.9,,,,,,,Clear,clear,0,0,0,0,0,0
2018-05-23 13:00:00,25.0,77.0,10.0,50.0,39.0,9.3,5.8,,,0,Variable,16.1,10.0,1012.0,29.89,,,,,,,Clear,clear,0,0,0,0,0,0
2018-05-23 14:00:00,23.9,75.0,10.6,51.1,43.0,0.0,0.0,,,0,North,16.1,10.0,1011.5,29.87,,,,,,,Clear,clear,0,0,0,0,0,0
2018-05-23 15:00:00,23.3,73.9,10.6,51.1,45.0,7.4,4.6,,,0,Variable,16.1,10.0,1011.1,29.86,,,,,,,Clear,clear,0,0,0,0,0,0
2018-05-23 16:00:00,22.2,72.0,10.0,50.0,46.0,7.4,4.6,,,0,Variable,16.1,10.0,1011.1,29.86,,,,,,,Partly Cloudy,partlycloudy,0,0,0,0,0,0
2018-05-23 17:00:00,17.8,64.0,11.7,53.1,67.0,9.3,5.8,,,190,South,8.0,5.0,1011.1,29.86,,,,,0.3,0.01,Light Rain,rain,0,1,0,0,0,0
2018-05-23 18:00:00,16.7,62.1,10.6,51.1,67.0,5.6,3.5,,,250,WSW,16.1,10.0,1011.3,29.87,,,,,0.3,0.01,Clear,clear,0,0,0,0,0,0
2018-05-23 19:00:00,17.2,63.0,8.3,46.9,56.0,0.0,0.0,,,0,North,16.1,10.0,1011.9,29.88,,,,,,,Mostly Cloudy,mostlycloudy,0,0,0,0,0,0
2018-05-23 20:00:00,17.8,64.0,6.1,43.0,46.0,7.4,4.6,,,0,Variable,16.1,10.0,1012.0,29.89,,,,,,,Scattered Clouds,partlycloudy,0,0,0,0,0,0
2018-05-23 21:00:00,17.8,64.0,6.7,44.1,48.0,7.4,4.6,,,210,SSW,16.1,10.0,1012.5,29.9,,,,,,,Overcast,cloudy,0,0,0,0,0,0
2018-05-23 22:00:00,17.2,63.0,7.2,45.0,52.0,0.0,0.0,,,0,North,16.1,10.0,1013.2,29.92,,,,,0.0,0.0,Overcast,cloudy,0,0,0,0,0,0
2018-05-23 23:00:00,17.2,63.0,7.8,46.0,54.0,9.3,5.8,,,0,Variable,16.1,10.0,1013.4,29.93,,,,,,,Overcast,cloudy,0,0,0,0,0,0
2018-05-24 00:00:00,16.7,62.1,8.9,48.0,60.0,5.6,3.5,,,0,Variable,16.1,10.0,1012.7,29.91,,,,,,,Overcast,cloudy,0,0,0,0,0,0
2018-05-24 01:00:00,17.2,63.0,8.9,48.0,58.0,0.0,0.0,,,0,North,16.1,10.0,1012.5,29.9,,,,,,,Overcast,cloudy,0,0,0,0,0,0
2018-05-24 02:00:00,14.4,57.9,11.7,53.1,84.0,0.0,0.0,,,0,North,12.9,8.0,1011.9,29.88,,,,,0.8,0.03,Light Rain,rain,0,1,0,0,0,0
2018-05-24 03:00:00,15.0,59.0,12.2,54.0,83.0,11.1,6.9,,,280,West,11.3,7.0,1011.5,29.87,,,,,0.0,0.0,Light Rain,rain,0,1,0,0,0,0
2018-05-24 04:00:00,14.4,57.9,13.3,55.9,93.0,7.4,4.6,,,280,West,8.0,5.0,1011.2,29.86,,,,,0.5,0.02,Light Rain,rain,0,1,0,0,0,0
2018-05-24 05:00:00,14.4,57.9,13.3,55.9,93.0,0.0,0.0,,,0,North,6.4,4.0,1011.9,29.88,,,,,0.8,0.03,Light Rain,rain,0,1,0,0,0,0
2018-05-24 06:00:00,15.0,59.0,13.3,55.9,90.0,7.4,4.6,,,290,WNW,4.8,3.0,1012.3,29.9,,,,,1.0,0.04,Light Rain,rain,0,1,0,0,0,0
2018-05-24 07:00:00,15.0,59.0,13.3,55.9,90.0,5.6,3.5,,,0,Variable,4.8,3.0,1012.6,29.91,,,,,0.8,0.03,Light Rain,rain,0,1,0,0,0,0
2018-05-24 08:00:00,15.6,60.1,13.9,57.0,90.0,5.6,3.5,,,0,Variable,8.0,5.0,1013.1,29.92,,,,,0.3,0.01,Light Rain,rain,0,1,0,0,0,0
2018-05-24 09:00:00,16.1,61.0,14.4,57.9,90.0,0.0,0.0,,,0,North,8.0,5.0,1013.2,29.92,,,,,0.5,0.02,Overcast,cloudy,0,0,0,0,0,0
2018-05-24 10:00:00,17.2,63.0,14.4,57.9,84.0,0.0,0.0,,,0,North,8.0,5.0,1013.2,29.92,,,,,0.0,0.0,Light Rain,rain,0,1,0,0,0,0
2018-05-24 11:00:00,17.8,64.0,13.3,55.9,75.0,0.0,0.0,,,0,North,14.5,9.0,1013.4,29.93,,,,,0.0,0.0,Overcast,cloudy,0,0,0,0,0,0
2018-05-24 12:00:00,18.9,66.0,14.4,57.9,75.0,5.6,3.5,,,0,Variable,12.9,8.0,1013.3,29.93,,,,,,,Mostly Cloudy,mostlycloudy,0,0,0,0,0,0
2018-05-24 13:00:00,21.1,70.0,14.4,57.9,65.0,0.0,0.0,,,0,North,12.9,8.0,1013.0,29.92,,,,,,,Mostly Cloudy,mostlycloudy,0,0,0,0,0,0
2018-05-24 14:00:00,22.8,73.0,11.7,53.1,49.0,7.4,4.6,,,0,Variable,16.1,10.0,1012.4,29.9,,,,,,,Mostly Cloudy,mostlycloudy,0,0,0,0,0,0
2018-05-24 15:00:00,21.7,71.1,10.6,51.1,49.0,11.1,6.9,,,60,ENE,16.1,10.0,1012.5,29.9,,,,,,,Scattered Clouds,partlycloudy,0,0,0,0,0,0
2018-05-24 16:00:00,21.1,70.0,9.4,48.9,47.0,9.3,5.8,,,360,North,16.1,10.0,1013.3,29.93,,,,,,,Overcast,cloudy,0,0,0,0,0,0
2018-05-24 17:00:00,20.0,68.0,10.6,51.1,55.0,0.0,0.0,,,0,North,16.1,10.0,1013.1,29.92,,,,,,,Overcast,cloudy,0,0,0,0,0,0
2018-05-24 18:00:00,20.6,69.1,9.4,48.9,49.0,0.0,0.0,,,0,North,16.1,10.0,1013.4,29.93,,,,,,,Overcast,cloudy,0,0,0,0,0,0
2018-05-24 19:00:00,20.0,68.0,10.0,50.0,52.0,0.0,0.0,,,0,North,16.1,10.0,1013.7,29.94,,,,,,,Mostly Cloudy,mostlycloudy,0,0,0,0,0,0
2018-05-24 20:00:00,20.6,69.1,9.4,48.9,49.0,0.0,0.0,,,0,North,16.1,10.0,1014.5,29.96,,,,,,,Overcast,cloudy,0,0,0,0,0,0
2018-05-24 21:00:00,19.4,66.9,10.0,50.0,54.0,0.0,0.0,,,0,North,16.1,10.0,1015.2,29.98,,,,,,,Scattered Clouds,partlycloudy,0,0,0,0,0,0
2018-05-24 22:00:00,18.9,66.0,10.0,50.0,56.0,0.0,0.0,,,0,North,16.1,10.0,1015.3,29.99,,,,,,,Mostly Cloudy,mostlycloudy,0,0,0,0,0,0
2018-05-24 23:00:00,17.8,64.0,10.6,51.1,63.0,0.0,0.0,,,0,North,16.1,10.0,1015.4,29.99,,,,,,,Partly Cloudy,partlycloudy,0,0,0,0,0,0
2018-05-25 00:00:00,17.8,64.0,10.0,50.0,60.0,5.6,3.5,,,290,WNW,16.1,10.0,1015.7,30.0,,,,,,,Clear,clear,0,0,0,0,0,0
2018-05-25 01:00:00,17.8,64.0,10.0,50.0,60.0,5.6,3.5,,,290,WNW,16.1,10.0,1015.9,30.0,,,,,,,Clear,clear,0,0,0,0,0,0
2018-05-25 02:00:00,17.2,63.0,10.0,50.0,63.0,5.6,3.5,,,280,West,16.1,10.0,1015.9,30.0,,,,,,,Clear,clear,0,0,0,0,0,0
2018-05-25 03:00:00,17.2,63.0,10.0,50.0,63.0,0.0,0.0,,,0,North,16.1,10.0,1016.2,30.01,,,,,,,Clear,clear,0,0,0,0,0,0
2018-05-25 04:00:00,16.1,61.0,10.6,51.1,70.0,5.6,3.5,,,290,WNW,16.1,10.0,1016.6,30.02,,,,,,,Clear,clear,0,0,0,0,0,0
2018-05-25 05:00:00,16.7,62.1,10.0,50.0,65.0,0.0,0.0,,,0,North,16.1,10.0,1016.8,30.03,,,,,,,Clear,clear,0,0,0,0,0,0
2018-05-25 06:00:00,17.8,64.0,10.0,50.0,60.0,5.6,3.5,,,280,West,14.5,9.0,1017.6,30.05,,,,,,,Clear,clear,0,0,0,0,0,0
2018-05-25 07:00:00,18.9,66.0,9.4,48.9,54.0,7.4,4.6,,,280,West,14.5,9.0,1018.0,30.06,,,,,,,Clear,clear,0,0,0,0,0,0
2018-05-25 08:00:00,21.1,70.0,8.9,48.0,46.0,7.4,4.6,,,290,WNW,14.5,9.0,1018.4,30.08,,,,,,,Clear,clear,0,0,0,0,0,0
2018-05-25 09:00:00,22.8,73.0,8.9,48.0,41.0,9.3,5.8,,,300,WNW,14.5,9.0,1018.3,30.07,,,,,,,Clear,clear,0,0,0,0,0,0
2018-05-25 10:00:00,25.6,78.1,7.8,46.0,32.0,11.1,6.9,,,280,West,14.5,9.0,1018.2,30.07,,,,,,,Clear,clear,0,0,0,0,0,0
2018-05-25 11:00:00,28.3,82.9,10.0,50.0,32.0,7.4,4.6,,,0,Variable,14.5,9.0,1017.9,30.06,,,,,,,Clear,clear,0,0,0,0,0,0
2018-05-25 12:00:00,29.4,84.9,7.2,45.0,25.0,5.6,3.5,,,0,Variable,12.9,8.0,1017.7,30.06,,,,,,,Clear,clear,0,0,0,0,0,0
2018-05-25 13:00:00,30.0,86.0,8.3,46.9,26.0,11.1,6.9,,,0,Variable,12.9,8.0,1017.1,30.04,,,,,,,Clear,clear,0,0,0,0,0,0
2018-05-25 14:00:00,30.6,87.1,5.0,41.0,20.0,5.6,3.5,,,0,Variable,11.3,7.0,1017.0,30.04,,,,,,,Clear,clear,0,0,0,0,0,0
2018-05-25 15:00:00,30.0,86.0,6.1,43.0,22.0,9.3,5.8,,,0,Variable,12.9,8.0,1016.6,30.02,,,,,,,Clear,clear,0,0,0,0,0,0
2018-05-25 16:00:00,30.0,86.0,6.7,44.1,23.0,11.1,6.9,,,0,Variable,12.9,8.0,1016.6,30.02,,,,,,,Clear,clear,0,0,0,0,0,0
2018-05-25 17:00:00,29.4,84.9,6.7,44.1,24.0,7.4,4.6,,,0,Variable,11.3,7.0,1016.7,30.03,,,,,,,Clear,clear,0,0,0,0,0,0
2018-05-25 18:00:00,28.3,82.9,6.1,43.0,24.0,7.4,4.6,,,0,Variable,12.9,8.0,1016.7,30.03,,,,,,,Clear,clear,0,0,0,0,0,0
2018-05-25 19:00:00,28.3,82.9,5.6,42.1,24.0,5.6,3.5,,,250,WSW,12.9,8.0,1016.8,30.03,,,,,,,Clear,clear,0,0,0,0,0,0
2018-05-25 20:00:00,26.7,80.1,5.6,42.1,26.0,7.4,4.6,,,0,Variable,14.5,9.0,1017.1,30.04,,,,,,,Clear,clear,0,0,0,0,0,0
2018-05-25 21:00:00,26.7,80.1,6.7,44.1,28.0,5.6,3.5,,,250,WSW,14.5,9.0,1017.6,30.05,,,,,,,Clear,clear,0,0,0,0,0,0
2018-05-25 22:00:00,25.6,78.1,7.8,46.0,32.0,11.1,6.9,,,0,Variable,14.5,9.0,1017.7,30.06,,,,,,,Clear,clear,0,0,0,0,0,0
2018-05-25 23:00:00,25.0,77.0,7.8,46.0,33.0,7.4,4.6,,,250,WSW,14.5,9.0,1017.8,30.06,,,,,,,Clear,clear,0,0,0,0,0,0
2018-05-26 00:00:00,23.9,75.0,8.3,46.9,37.0,7.4,4.6,,,0,Variable,14.5,9.0,1017.9,30.06,,,,,,,Clear,clear,0,0,0,0,0,0
2018-05-26 01:00:00,23.3,73.9,8.3,46.9,38.0,0.0,0.0,,,0,North,14.5,9.0,1017.9,30.06,,,,,,,Clear,clear,0,0,0,0,0,0
2018-05-26 02:00:00,22.8,73.0,8.3,46.9,39.0,7.4,4.6,,,270,West,14.5,9.0,1018.0,30.06,,,,,,,Clear,clear,0,0,0,0,0,0
2018-05-26 03:00:00,22.8,73.0,8.9,48.0,41.0,5.6,3.5,,,260,West,16.1,10.0,1018.1,30.07,,,,,,,Clear,clear,0,0,0,0,0,0
2018-05-26 04:00:00,22.2,72.0,8.9,48.0,43.0,5.6,3.5,,,280,West,14.5,9.0,1018.2,30.07,,,,,,,Clear,clear,0,0,0,0,0,0
2018-05-26 05:00:00,21.1,70.0,9.4,48.9,47.0,5.6,3.5,,,280,West,12.9,8.0,1018.9,30.09,,,,,,,Clear,clear,0,0,0,0,0,0
2018-05-26 06:00:00,21.7,71.1,10.6,51.1,49.0,5.6,3.5,,,290,WNW,12.9,8.0,1019.2,30.1,,,,,,,Clear,clear,0,0,0,0,0,0
2018-05-26 07:00:00,23.3,73.9,10.6,51.1,45.0,5.6,3.5,,,0,Variable,12.9,8.0,1019.6,30.11,,,,,,,Clear,clear,0,0,0,0,0,0
2018-05-26 08:00:00,24.4,75.9,10.0,50.0,40.0,7.4,4.6,,,280,West,12.9,8.0,1019.5,30.11,,,,,,,Clear,clear,0,0,0,0,0,0
2018-05-26 09:00:00,25.6,78.1,10.6,51.1,39.0,5.6,3.5,,,280,West,11.3,7.0,1019.2,30.1,,,,,,,Clear,clear,0,0,0,0,0,0
2018-05-26 10:00:00,28.3,82.9,11.1,52.0,34.0,0.0,0.0,,,0,North,11.3,7.0,1018.7,30.09,,,,,,,Clear,clear,0,0,0,0,0,0
2018-05-26 11:00:00,30.0,86.0,12.8,55.0,35.0,5.6,3.5,,,0,Variable,11.3,7.0,1018.5,30.08,,,29.2,84.5,,,Clear,clear,0,0,0,0,0,0
2018-05-26 12:00:00,31.1,88.0,11.1,52.0,29.0,7.4,4.6,,,0,Variable,12.9,8.0,1017.8,30.06,,,,,,,Clear,clear,0,0,0,0,0,0
2018-05-26 13:00:00,31.7,89.1,8.9,48.0,24.0,7.4,4.6,,,0,Variable,12.9,8.0,1017.2,30.04,,,,,,,Clear,clear,0,0,0,0,0,0
2018-05-26 14:00:00,31.1,88.0,10.6,51.1,28.0,0.0,0.0,,,0,North,12.9,8.0,1017.2,30.04,,,,,,,Clear,clear,0,0,0,0,0,0
2018-05-26 15:00:00,30.6,87.1,11.1,52.0,30.0,5.6,3.5,,,0,Variable,12.9,8.0,1017.1,30.04,,,,,,,Clear,clear,0,0,0,0,0,0
2018-05-26 16:00:00,29.4,84.9,10.0,50.0,30.0,7.4,4.6,,,0,Variable,12.9,8.0,1017.1,30.04,,,,,,,Clear,clear,0,0,0,0,0,0
2018-05-26 17:00:00,28.3,82.9,8.3,46.9,28.0,5.6,3.5,,,0,Variable,12.9,8.0,1016.9,30.03,,,,,,,Clear,clear,0,0,0,0,0,0
2018-05-26 18:00:00,28.3,82.9,6.7,44.1,25.0,11.1,6.9,,,0,Variable,12.9,8.0,1016.9,30.03,,,,,,,Clear,clear,0,0,0,0,0,0
2018-05-26 19:00:00,27.2,81.0,5.0,41.0,24.0,9.3,5.8,,,0,Variable,12.9,8.0,1017.0,30.04,,,,,,,Clear,clear,0,0,0,0,0,0
2018-05-26 20:00:00,25.6,78.1,9.4,48.9,36.0,9.3,5.8,,,0,Variable,16.1,10.0,1017.1,30.04,,,,,,,Clear,clear,0,0,0,0,0,0
2018-05-26 21:00:00,24.4,75.9,10.0,50.0,40.0,5.6,3.5,,,0,Variable,16.1,10.0,1017.4,30.05,,,,,,,Clear,clear,0,0,0,0,0,0
2018-05-26 22:00:00,24.4,75.9,11.1,52.0,43.0,5.6,3.5,,,0,Variable,14.5,9.0,1017.7,30.06,,,,,,,Clear,clear,0,0,0,0,0,0
2018-05-26 23:00:00,24.4,75.9,10.6,51.1,42.0,7.4,4.6,,,0,Variable,14.5,9.0,1017.6,30.05,,,,,,,Clear,clear,0,0,0,0,0,0
2018-05-27 00:00:00,24.4,75.9,11.1,52.0,43.0,5.6,3.5,,,0,Variable,14.5,9.0,1017.3,30.04,,,,,,,Clear,clear,0,0,0,0,0,0
2018-05-27 01:00:00,23.9,75.0,12.2,54.0,48.0,7.4,4.6,,,250,WSW,14.5,9.0,1017.7,30.06,,,,,,,Clear,clear,0,0,0,0,0,0
2018-05-27 02:00:00,23.3,73.9,12.2,54.0,50.0,5.6,3.5,,,0,Variable,14.5,9.0,1017.6,30.05,,,,,,,Clear,clear,0,0,0,0,0,0
2018-05-27 03:00:00,23.3,73.9,13.3,55.9,53.0,5.6,3.5,,,0,Variable,14.5,9.0,1017.8,30.06,,,,,,,Clear,clear,0,0,0,0,0,0
2018-05-27 04:00:00,23.3,73.9,13.9,57.0,55.0,5.6,3.5,,,0,Variable,14.5,9.0,1017.7,30.06,,,,,,,Partly Cloudy,partlycloudy,0,0,0,0,0,0
2018-05-27 05:00:00,23.3,73.9,14.4,57.9,57.0,0.0,0.0,,,0,North,11.3,7.0,1018.0,30.06,,,,,,,Clear,clear,0,0,0,0,0,0
2018-05-27 06:00:00,23.9,75.0,16.1,61.0,62.0,0.0,0.0,,,0,North,11.3,7.0,1017.7,30.06,,,,,,,Clear,clear,0,0,0,0,0,0
2018-05-27 07:00:00,23.9,75.0,16.1,61.0,62.0,0.0,0.0,,,0,North,9.7,6.0,1018.0,30.06,,,,,,,Haze,hazy,0,0,0,0,0,0
2018-05-27 08:00:00,24.4,75.9,16.1,61.0,60.0,0.0,0.0,,,0,North,9.7,6.0,1018.0,30.06,,,,,,,Haze,hazy,0,0,0,0,0,0
2018-05-27 09:00:00,26.1,79.0,16.7,62.1,56.0,5.6,3.5,,,0,Variable,9.7,6.0,1018.0,30.06,,,,,,,Haze,hazy,0,0,0,0,0,0
2018-05-27 10:00:00,27.8,82.0,16.7,62.1,51.0,9.3,5.8,,,0,Variable,9.7,6.0,1017.7,30.06,,,28.3,83.0,,,Haze,hazy,0,0,0,0,0,0
2018-05-27 11:00:00,28.9,84.0,17.2,63.0,49.0,5.6,3.5,,,0,Variable,9.7,6.0,1017.8,30.06,,,29.4,84.9,,,Haze,hazy,0,0,0,0,0,0
2018-05-27 12:00:00,30.0,86.0,17.8,64.0,48.0,7.4,4.6,,,180,South,9.7,6.0,1017.4,30.05,,,30.7,87.3,,,Haze,hazy,0,0,0,0,0,0
2018-05-27 13:00:00,29.4,84.9,17.8,64.0,49.0,5.6,3.5,,,0,Variable,9.7,6.0,1017.1,30.04,,,30.1,86.1,,,Haze,hazy,0,0,0,0,0,0
2018-05-27 14:00:00,27.8,82.0,17.2,63.0,52.0,9.3,5.8,25.9,16.1,0,Variable,9.7,6.0,1016.9,30.03,,,28.4,83.1,,,Haze,hazy,0,0,0,0,0,0
2018-05-27 15:00:00,26.1,79.0,16.7,62.1,56.0,14.8,9.2,29.6,18.4,170,South,11.3,7.0,1016.7,30.03,,,,,,,Partly Cloudy,partlycloudy,0,0,0,0,0,0
2018-05-27 16:00:00,26.1,79.0,16.7,62.1,56.0,13.0,8.1,29.6,18.4,170,South,11.3,7.0,1016.4,30.02,,,,,,,Partly Cloudy,partlycloudy,0,0,0,0,0,0
2018-05-27 17:00:00,27.2,81.0,16.7,62.1,52.0,5.6,3.5,,,0,Variable,11.3,7.0,1015.9,30.0,,,27.7,81.9,,,Clear,clear,0,0,0,0,0,0
2018-05-27 18:00:00,26.7,80.1,17.2,63.0,56.0,5.6,3.5,,,170,South,11.3,7.0,1016.0,30.01,,,27.5,81.5,,,Partly Cloudy,partlycloudy,0,0,0,0,0,0
2018-05-27 19:00:00,25.6,78.1,17.2,63.0,60.0,0.0,0.0,,,0,North,11.3,7.0,1016.1,30.01,,,,,,,Clear,clear,0,0,0,0,0,0
2018-05-27 20:00:00,25.6,78.1,17.2,63.0,60.0,7.4,4.6,,,0,Variable,12.9,8.0,1016.6,30.02,,,,,,,Partly Cloudy,partlycloudy,0,0,0,0,0,0
2018-05-27 21:00:00,25.6,78.1,17.2,63.0,60.0,9.3,5.8,,,0,Variable,12.9,8.0,1017.3,30.04,,,,,,,Clear,clear,0,0,0,0,0,0
2018-05-27 22:00:00,25.0,77.0,17.2,63.0,62.0,5.6,3.5,,,0,Variable,12.9,8.0,1017.4,30.05,,,,,,,Clear,clear,0,0,0,0,0,0
2018-05-27 23:00:00,24.4,75.9,17.2,63.0,64.0,11.1,6.9,,,0,Variable,12.9,8.0,1017.9,30.06,,,,,,,Clear,clear,0,0,0,0,0,0
2018-05-28 00:00:00,23.9,75.0,17.2,63.0,66.0,9.3,5.8,,,0,Variable,12.9,8.0,1018.2,30.07,,,,,,,Clear,clear,0,0,0,0,0,0
2018-05-28 01:00:00,23.9,75.0,16.1,61.0,62.0,7.4,4.6,,,0,Variable,14.5,9.0,1018.5,30.08,,,,,,,Clear,clear,0,0,0,0,0,0
2018-05-28 02:00:00,22.8,73.0,15.6,60.1,64.0,9.3,5.8,,,0,Variable,14.5,9.0,1018.5,30.08,,,,,,,Clear,clear,0,0,0,0,0,0
2018-05-28 03:00:00,22.2,72.0,15.0,59.0,64.0,11.1,6.9,,,0,Variable,14.5,9.0,1018.5,30.08,,,,,,,Clear,clear,0,0,0,0,0,0
2018-05-28 04:00:00,21.7,71.1,14.4,57.9,63.0,7.4,4.6,,,0,Variable,14.5,9.0,1018.6,30.08,,,,,,,Clear,clear,0,0,0,0,0,0
2018-05-28 05:00:00,21.7,71.1,14.4,57.9,63.0,11.1,6.9,,,260,West,12.9,8.0,1019.3,30.1,,,,,,,Clear,clear,0,0,0,0,0,0
2018-05-28 06:00:00,22.2,72.0,14.4,57.9,61.0,13.0,8.1,27.8,17.3,250,WSW,12.9,8.0,1019.7,30.12,,,,,,,Clear,clear,0,0,0,0,0,0
2018-05-28 07:00:00,22.8,73.0,15.0,59.0,61.0,,,,,0,North,12.9,8.0,1019.7,30.12,,,,,,,Clear,clear,0,0,0,0,0,0
2018-05-28 08:00:00,24.4,75.9,15.6,60.1,58.0,9.3,5.8,,,0,Variable,12.9,8.0,1019.9,30.12,,,,,,,Clear,clear,0,0,0,0,0,0
2018-05-28 09:00:00,25.6,78.1,17.2,63.0,60.0,,,,,0,North,11.3,7.0,1020.0,30.12,,,,,,,Clear,clear,0,0,0,0,0,0
2018-05-28 10:00:00,28.3,82.9,17.8,64.0,53.0,9.3,5.8,,,0,Variable,11.3,7.0,1019.9,30.12,,,29.1,84.4,,,Clear,clear,0,0,0,0,0,0
2018-05-28 11:00:00,30.6,87.1,18.9,66.0,49.0,5.6,3.5,,,0,Variable,11.3,7.0,1019.9,30.12,,,31.8,89.2,,,Clear,clear,0,0,0,0,0,0
2018-05-28 12:00:00,31.7,89.1,18.3,64.9,45.0,7.4,4.6,,,0,Variable,11.3,7.0,1019.2,30.1,,,32.8,91.0,,,Clear,clear,0,0,0,0,0,0
2018-05-28 13:00:00,32.2,90.0,18.9,66.0,45.0,,,,,0,North,11.3,7.0,1018.9,30.09,,,33.6,92.4,,,Clear,clear,0,0,0,0,0,0
2018-05-28 14:00:00,32.2,90.0,18.9,66.0,45.0,11.1,6.9,,,0,Variable,9.7,6.0,1018.4,30.08,,,33.6,92.4,,,Haze,hazy,0,0,0,0,0,0
2018-05-28 15:00:00,31.1,88.0,18.3,64.9,46.0,9.3,5.8,25.9,16.1,170,South,11.3,7.0,1018.4,30.08,,,32.0,89.6,,,Clear,clear,0,0,0,0,0,0
2018-05-28 16:00:00,31.1,88.0,17.8,64.0,45.0,11.1,6.9,,,170,South,11.3,7.0,1018.0,30.06,,,31.8,89.3,,,Clear,clear,0,0,0,0,0,0
2018-05-28 17:00:00,30.0,86.0,18.3,64.9,49.0,5.6,3.5,,,0,Variable,11.3,7.0,1018.2,30.07,,,30.9,87.6,,,Mostly Cloudy,mostlycloudy,0,0,0,0,0,0
2018-05-28 18:00:00,28.3,82.9,18.3,64.9,54.0,0.0,0.0,,,0,North,11.3,7.0,1018.5,30.08,,,29.2,84.6,,,Mostly Cloudy,mostlycloudy,0,0,0,0,0,0
2018-05-28 19:00:00,27.8,82.0,18.3,64.9,56.0,0.0,0.0,,,0,North,11.3,7.0,1018.7,30.09,,,28.8,83.8,,,Clear,clear,0,0,0,0,0,0
2018-05-28 20:00:00,27.2,81.0,17.8,64.0,56.0,0.0,0.0,,,0,North,12.9,8.0,1019.0,30.09,,,28.0,82.5,,,Overcast,cloudy,0,0,0,0,0,0
2018-05-28 21:00:00,26.7,80.1,17.2,63.0,56.0,0.0,0.0,,,0,North,12.9,8.0,1019.6,30.11,,,27.5,81.5,,,Scattered Clouds,partlycloudy,0,0,0,0,0,0
2018-05-28 22:00:00,26.7,80.1,17.8,64.0,58.0,,,,,0,North,12.9,8.0,1019.7,30.12,,,27.6,81.7,,,Clear,clear,0,0,0,0,0,0
2018-05-28 23:00:00,25.6,78.1,16.7,62.1,58.0,7.4,4.6,,,0,Variable,14.5,9.0,1020.0,30.12,,,,,,,Clear,clear,0,0,0,0,0,0
2018-05-29 00:00:00,25.0,77.0,13.9,57.0,50.0,7.4,4.6,,,0,Variable,16.1,10.0,1020.1,30.13,,,,,,,Clear,clear,0,0,0,0,0,0
2018-05-29 01:00:00,24.4,75.9,13.3,55.9,50.0,7.4,4.6,,,0,Variable,16.1,10.0,1020.3,30.13,,,,,,,Clear,clear,0,0,0,0,0,0
2018-05-29 02:00:00,23.9,75.0,12.8,55.0,50.0,9.3,5.8,,,0,Variable,16.1,10.0,1020.2,30.13,,,,,,,Clear,clear,0,0,0,0,0,0
2018-05-29 03:00:00,23.3,73.9,12.8,55.0,52.0,5.6,3.5,,,250,WSW,16.1,10.0,1019.9,30.12,,,,,,,Clear,clear,0,0,0,0,0,0
2018-05-29 04:00:00,22.8,73.0,12.2,54.0,51.0,9.3,5.8,,,0,Variable,16.1,10.0,1019.9,30.12,,,,,,,Clear,clear,0,0,0,0,0,0
2018-05-29 05:00:00,22.2,72.0,12.2,54.0,53.0,7.4,4.6,,,0,Variable,14.5,9.0,1020.2,30.13,,,,,,,Clear,clear,0,0,0,0,0,0
2018-05-29 06:00:00,22.8,73.0,13.3,55.9,55.0,13.0,8.1,27.8,17.3,250,WSW,14.5,9.0,1020.6,30.14,,,,,,,Clear,clear,0,0,0,0,0,0
2018-05-29 07:00:00,23.3,73.9,13.9,57.0,55.0,9.3,5.8,,,0,Variable,14.5,9.0,1020.7,30.14,,,,,,,Clear,clear,0,0,0,0,0,0
2018-05-29 08:00:00,25.0,77.0,13.9,57.0,50.0,0.0,0.0,,,0,North,14.5,9.0,1020.5,30.14,,,,,,,Clear,clear,0,0,0,0,0,0
2018-05-29 09:00:00,26.1,79.0,14.4,57.9,48.0,0.0,0.0,,,0,North,12.9,8.0,1020.5,30.14,,,,,,,Clear,clear,0,0,0,0,0,0
2018-05-29 10:00:00,27.8,82.0,15.6,60.1,47.0,0.0,0.0,,,0,North,12.9,8.0,1020.3,30.13,,,28.0,82.4,,,Clear,clear,0,0,0,0,0,0
2018-05-29 11:00:00,28.9,84.0,15.0,59.0,43.0,,,,,0,North,12.9,8.0,1020.0,30.12,,,28.8,83.8,,,Clear,clear,0,0,0,0,0,0
2018-05-29 12:00:00,30.0,86.0,15.0,59.0,40.0,11.1,6.9,,,0,Variable,12.9,8.0,1019.6,30.11,,,29.7,85.4,,,Clear,clear,0,0,0,0,0,0
2018-05-29 13:00:00,29.4,84.9,16.1,61.0,44.0,13.0,8.1,,,210,SSW,12.9,8.0,1019.4,30.11,,,29.4,85.0,,,Clear,clear,0,0,0,0,0,0
2018-05-29 14:00:00,27.8,82.0,12.2,54.0,38.0,11.1,6.9,,,0,Variable,14.5,9.0,1019.1,30.1,,,27.4,81.3,,,Clear,clear,0,0,0,0,0,0
2018-05-29 15:00:00,26.1,79.0,16.1,61.0,54.0,11.1,6.9,,,0,Variable,14.5,9.0,1018.6,30.08,,,,,,,Clear,clear,0,0,0,0,0,0
2018-05-29 16:00:00,25.0,77.0,17.2,63.0,62.0,11.1,6.9,,,160,SSE,14.5,9.0,1018.3,30.07,,,,,,,Clear,clear,0,0,0,0,0,0
2018-05-29 17:00:00,24.4,75.9,17.8,64.0,67.0,14.8,9.2,35.2,21.9,170,South,16.1,10.0,1017.8,30.06,,,,,,,Clear,clear,0,0,0,0,0,0
2018-05-29 18:00:00,24.4,75.9,17.8,64.0,67.0,14.8,9.2,27.8,17.3,170,South,16.1,10.0,1017.6,30.05,,,,,,,Clear,clear,0,0,0,0,0,0
2018-05-29 19:00:00,23.3,73.9,17.8,64.0,71.0,,,,,0,North,16.1,10.0,1017.8,30.06,,,,,,,Clear,clear,0,0,0,0,0,0
2018-05-29 20:00:00,22.8,73.0,17.8,64.0,73.0,5.6,3.5,,,0,Variable,16.1,10.0,1017.7,30.06,,,,,,,Clear,clear,0,0,0,0,0,0
2018-05-29 21:00:00,22.2,72.0,17.2,63.0,73.0,9.3,5.8,,,160,SSE,16.1,10.0,1018.0,30.06,,,,,,,Mostly Cloudy,mostlycloudy,0,0,0,0,0,0
2018-05-29 22:00:00,21.7,71.1,17.2,63.0,75.0,5.6,3.5,,,0,Variable,16.1,10.0,1017.8,30.06,,,,,,,Mostly Cloudy,mostlycloudy,0,0,0,0,0,0
2018-05-29 23:00:00,21.7,71.1,18.3,64.9,81.0,0.0,0.0,,,0,North,16.1,10.0,1017.7,30.06,,,,,0.0,0.0,Overcast,cloudy,0,0,0,0,0,0
2018-05-30 00:00:00,21.7,71.1,18.9,66.0,84.0,0.0,0.0,,,0,North,14.5,9.0,1017.3,30.04,,,,,0.0,0.0,Overcast,cloudy,0,0,0,0,0,0
2018-05-30 01:00:00,20.6,69.1,19.4,66.9,93.0,0.0,0.0,,,0,North,1.2,0.8,1016.9,30.03,,,,,18.5,0.73,Heavy Rain,rain,0,1,0,0,0,0
2018-05-30 02:00:00,21.1,70.0,20.6,69.1,97.0,0.0,0.0,,,0,North,3.2,2.0,1016.2,30.01,,,,,10.2,0.4,Rain,rain,0,1,0,0,0,0
2018-05-30 03:00:00,21.1,70.0,20.6,69.1,97.0,0.0,0.0,,,0,North,4.8,3.0,1015.5,29.99,,,,,2.3,0.09,Rain,rain,0,1,0,0,0,0
2018-05-30 04:00:00,21.1,70.0,20.0,68.0,93.0,0.0,0.0,,,0,North,2.8,1.8,1015.4,29.99,,,,,5.3,0.21,Heavy Rain,rain,0,1,0,0,0,0
2018-05-30 05:00:00,21.1,70.0,20.0,68.0,93.0,0.0,0.0,,,0,North,6.4,4.0,1015.5,29.99,,,,,2.8,0.11,Rain,rain,0,1,0,0,0,0
2018-05-30 06:00:00,21.1,70.0,20.0,68.0,93.0,0.0,0.0,,,0,North,6.4,4.0,1015.2,29.98,,,,,2.8,0.11,Light Rain,rain,0,1,0,0,0,0
2018-05-30 07:00:00,20.0,68.0,18.9,66.0,93.0,5.6,3.5,,,0,Variable,8.0,5.0,1015.7,30.0,,,,,0.0,0.0,Overcast,cloudy,0,0,0,0,0,0
2018-05-30 08:00:00,20.6,69.1,19.4,66.9,93.0,5.6,3.5,,,0,Variable,6.4,4.0,1016.3,30.01,,,,,,,Overcast,cloudy,0,0,0,0,0,0
2018-05-30 09:00:00,20.6,69.1,18.9,66.0,90.0,5.6,3.5,,,0,Variable,11.3,7.0,1016.2,30.01,,,,,,,Overcast,cloudy,0,0,0,0,0,0
2018-05-30 10:00:00,22.2,72.0,19.4,66.9,84.0,9.3,5.8,,,290,WNW,11.3,7.0,1015.8,30.0,,,,,,,Mostly Cloudy,mostlycloudy,0,0,0,0,0,0
2018-05-30 11:00:00,24.4,75.9,19.4,66.9,74.0,5.6,3.5,,,0,Variable,16.1,10.0,1014.7,29.97,,,,,,,Clear,clear,0,0,0,0,0,0
2018-05-30 12:00:00,25.6,78.1,20.0,68.0,71.0,0.0,0.0,,,0,North,16.1,10.0,1014.5,29.96,,,,,,,Scattered Clouds,partlycloudy,0,0,0,0,0,0
2018-05-30 13:00:00,26.1,79.0,18.9,66.0,64.0,5.6,3.5,,,0,Variable,14.5,9.0,1014.1,29.95,,,,,,,Mostly Cloudy,mostlycloudy,0,0,0,0,0,0
2018-05-30 14:00:00,26.1,79.0,19.4,66.9,66.0,9.3,5.8,,,260,West,16.1,10.0,1013.8,29.94,,,,,,,Clear,clear,0,0,0,0,0,0
2018-05-30 15:00:00,25.0,77.0,20.0,68.0,74.0,0.0,0.0,,,0,North,14.5,9.0,1013.4,29.93,,,,,,,Partly Cloudy,partlycloudy,0,0,0,0,0,0
2018-05-30 16:00:00,25.0,77.0,19.4,66.9,71.0,9.3,5.8,,,160,SSE,14.5,9.0,1013.2,29.92,,,,,,,Mostly Cloudy,mostlycloudy,0,0,0,0,0,0
2018-05-30 17:00:00,24.4,75.9,18.9,66.0,71.0,11.1,6.9,,,0,Variable,14.5,9.0,1013.4,29.93,,,,,,,Scattered Clouds,partlycloudy,0,0,0,0,0,0
2018-05-30 18:00:00,24.4,75.9,19.4,66.9,74.0,,,,,0,North,14.5,9.0,1013.3,29.93,,,,,,,Clear,clear,0,0,0,0,0,0
2018-05-30 19:00:00,24.4,75.9,20.0,68.0,76.0,,,,,0,North,12.9,8.0,1013.8,29.94,,,,,,,Mostly Cloudy,mostlycloudy,0,0,0,0,0,0
2018-05-30 20:00:00,23.9,75.0,20.0,68.0,79.0,11.1,6.9,,,0,Variable,16.1,10.0,1013.9,29.94,,,,,,,Partly Cloudy,partlycloudy,0,0,0,0,0,0
2018-05-30 21:00:00,23.3,73.9,19.4,66.9,79.0,9.3,5.8,,,0,Variable,16.1,10.0,1014.1,29.95,,,,,,,Partly Cloudy,partlycloudy,0,0,0,0,0,0
2018-05-30 22:00:00,22.8,73.0,19.4,66.9,81.0,7.4,4.6,,,0,Variable,16.1,10.0,1014.5,29.96,,,,,,,Mostly Cloudy,mostlycloudy,0,0,0,0,0,0
2018-05-30 23:00:00,22.8,73.0,18.9,66.0,79.0,9.3,5.8,,,0,Variable,16.1,10.0,1014.2,29.95,,,,,,,Mostly Cloudy,mostlycloudy,0,0,0,0,0,0
2018-05-31 00:00:00,22.2,72.0,18.9,66.0,81.0,7.4,4.6,,,0,Variable,16.1,10.0,1013.8,29.94,,,,,,,Scattered Clouds,partlycloudy,0,0,0,0,0,0
2018-05-31 01:00:00,22.8,73.0,18.9,66.0,79.0,5.6,3.5,,,0,Variable,16.1,10.0,1013.5,29.93,,,,,,,Overcast,cloudy,0,0,0,0,0,0
2018-05-31 02:00:00,22.2,72.0,18.9,66.0,81.0,,,,,0,North,16.1,10.0,1013.4,29.93,,,,,,,Overcast,cloudy,0,0,0,0,0,0
2018-05-31 03:00:00,22.2,72.0,18.9,66.0,81.0,11.1,6.9,,,230,SW,14.5,9.0,1013.3,29.93,,,,,,,Overcast,cloudy,0,0,0,0,0,0
2018-05-31 04:00:00,22.2,72.0,18.9,66.0,81.0,5.6,3.5,,,0,Variable,14.5,9.0,1013.3,29.93,,,,,,,Overcast,cloudy,0,0,0,0,0,0
2018-05-31 05:00:00,22.2,72.0,19.4,66.9,84.0,5.6,3.5,,,0,Variable,11.3,7.0,1013.5,29.93,,,,,,,Scattered Clouds,partlycloudy,0,0,0,0,0,0
2018-05-31 06:00:00,22.2,72.0,19.4,66.9,84.0,0.0,0.0,,,0,North,9.7,6.0,1013.9,29.94,,,,,,,Haze,hazy,0,0,0,0,0,0
2018-05-31 07:00:00,22.8,73.0,18.9,66.0,79.0,11.1,6.9,,,0,Variable,11.3,7.0,1014.3,29.96,,,,,,,Scattered Clouds,partlycloudy,0,0,0,0,0,0
2018-05-31 08:00:00,23.3,73.9,18.3,64.9,73.0,5.6,3.5,,,0,Variable,11.3,7.0,1014.7,29.97,,,,,,,Mostly Cloudy,mostlycloudy,0,0,0,0,0,0
2018-05-31 09:00:00,24.4,75.9,16.1,61.0,60.0,9.3,5.8,,,60,ENE,12.9,8.0,1014.9,29.97,,,,,,,Mostly Cloudy,mostlycloudy,0,0,0,0,0,0
2018-05-31 10:00:00,25.6,78.1,16.1,61.0,56.0,7.4,4.6,,,0,Variable,14.5,9.0,1015.0,29.98,,,,,,,Partly Cloudy,partlycloudy,0,0,0,0,0,0
2018-05-31 11:00:00,27.2,81.0,16.1,61.0,50.0,7.4,4.6,,,170,South,12.9,8.0,1014.7,29.97,,,27.6,81.7,,,Clear,clear,0,0,0,0,0,0
2018-05-31 12:00:00,27.8,82.0,16.1,61.0,49.0,0.0,0.0,,,0,North,12.9,8.0,1014.3,29.96,,,28.1,82.7,,,Partly Cloudy,partlycloudy,0,0,0,0,0,0
2018-05-31 13:00:00,29.4,84.9,15.6,60.1,43.0,0.0,0.0,,,0,North,12.9,8.0,1013.7,29.94,,,29.3,84.8,,,Partly Cloudy,partlycloudy,0,0,0,0,0,0
2018-05-31 14:00:00,28.3,82.9,17.8,64.0,53.0,5.6,3.5,,,0,Variable,12.9,8.0,1013.2,29.92,,,29.1,84.4,,,Partly Cloudy,partlycloudy,0,0,0,0,0,0
2018-05-31 15:00:00,26.7,80.1,16.1,61.0,52.0,11.1,6.9,,,0,Variable,12.9,8.0,1013.0,29.92,,,27.3,81.1,,,Scattered Clouds,partlycloudy,0,0,0,0,0,0
2018-05-31 16:00:00,26.7,80.1,15.0,59.0,48.0,5.6,3.5,,,0,Variable,12.9,8.0,1012.9,29.91,,,27.0,80.7,,,Clear,clear,0,0,0,0,0,0
2018-05-31 17:00:00,25.6,78.1,15.0,59.0,52.0,7.4,4.6,,,0,Variable,14.5,9.0,1013.0,29.92,,,,,,,Clear,clear,0,0,0,0,0,0
2018-05-31 18:00:00,25.6,78.1,15.6,60.1,54.0,5.6,3.5,,,170,South,12.9,8.0,1013.3,29.93,,,,,,,Clear,clear,0,0,0,0,0,0
2018-05-31 19:00:00,23.9,75.0,17.2,63.0,66.0,0.0,0.0,,,0,North,11.3,7.0,1013.8,29.94,,,,,,,Clear,clear,0,0,0,0,0,0
2018-05-31 20:00:00,23.3,73.9,16.7,62.1,66.0,0.0,0.0,,,0,North,12.9,8.0,1014.0,29.95,,,,,,,Clear,clear,0,0,0,0,0,0
2018-05-31 21:00:00,23.3,73.9,17.2,63.0,68.0,0.0,0.0,,,0,North,12.9,8.0,1014.6,29.96,,,,,,,Clear,clear,0,0,0,0,0,0
2018-05-31 22:00:00,23.3,73.9,17.8,64.0,71.0,11.1,6.9,,,250,WSW,12.9,8.0,1014.8,29.97,,,,,,,Clear,clear,0,0,0,0,0,0
2018-05-31 23:00:00,23.3,73.9,18.3,64.9,73.0,0.0,0.0,,,0,North,12.9,8.0,1015.1,29.98,,,,,,,Clear,clear,0,0,0,0,0,0
