ickup_datetime,tempm,tempi,dewptm,dewpti,hum,wspdm,wspdi,wgustm,wgusti,wdird,wdire,vism,visi,pressurem,pressurei,windchillm,windchilli,heatindexm,heatindexi,precipm,precipi,conds,icon,fog,rain,snow,hail,thunder,tornado
2018-11-01 00:00:00,3.9,39.0,-6.7,19.9,46.0,11.1,6.9,37.0,23.0,0,Variable,16.1,10.0,1003.2,29.63,1.1,34.0,,,,,Overcast,cloudy,0,0,0,0,0,0
2018-11-01 01:00:00,3.9,39.0,-7.8,18.0,43.0,20.4,12.7,40.7,25.3,290,WNW,16.1,10.0,1004.2,29.66,-0.3,31.4,,,,,Overcast,cloudy,0,0,0,0,0,0
2018-11-01 02:00:00,2.2,36.0,-7.8,18.0,48.0,20.4,12.7,38.9,24.2,280,West,16.1,10.0,1005.5,29.7,-2.5,27.5,,,,,Clear,clear,0,0,0,0,0,0
2018-11-01 03:00:00,1.1,34.0,-9.4,15.1,46.0,14.8,9.2,38.9,24.2,270,West,16.1,10.0,1006.8,29.73,-3.0,26.6,,,,,Partly Cloudy,partlycloudy,0,0,0,0,0,0
2018-11-01 04:00:00,0.6,33.1,-11.1,12.0,42.0,20.4,12.7,40.7,25.3,290,WNW,16.1,10.0,1008.0,29.77,-4.5,23.9,,,,,Clear,clear,0,0,0,0,0,0
2018-11-01 05:00:00,0.0,32.0,-11.7,10.9,42.0,,,,,0,North,16.1,10.0,1009.1,29.8,,,,,,,Clear,clear,0,0,0,0,0,0
2018-11-01 06:00:00,-0.6,30.9,-10.0,14.0,50.0,9.3,5.8,,,260,West,16.1,10.0,1010.0,29.83,-3.8,25.2,,,,,Clear,clear,0,0,0,0,0,0
2018-11-01 07:00:00,-1.1,30.0,-12.8,9.0,41.0,16.7,10.4,40.7,25.3,300,WNW,16.1,10.0,1011.1,29.86,-6.1,21.1,,,,,Clear,clear,0,0,0,0,0,0
2018-11-01 08:00:00,-1.1,30.0,-13.3,8.1,40.0,20.4,12.7,35.2,21.9,280,West,16.1,10.0,1012.3,29.9,-6.7,20.0,,,,,Clear,clear,0,0,0,0,0,0
2018-11-01 09:00:00,-0.6,30.9,-13.9,7.0,37.0,7.4,4.6,29.6,18.4,0,Variable,16.1,10.0,1013.2,29.92,-3.2,26.2,,,,,Clear,clear,0,0,0,0,0,0
2018-11-01 10:00:00,-0.6,30.9,-13.9,7.0,37.0,20.4,12.7,37.0,23.0,290,WNW,16.1,10.0,1013.5,29.93,-6.0,21.2,,,,,Clear,clear,0,0,0,0,0,0
2018-11-01 11:00:00,0.0,32.0,-13.3,8.1,37.0,18.5,11.5,,,290,WNW,16.1,10.0,1013.0,29.92,-5.0,23.0,,,,,Clear,clear,0,0,0,0,0,0
2018-11-01 12:00:00,0.6,33.1,-13.3,8.1,35.0,18.5,11.5,33.3,20.7,280,West,16.1,10.0,1013.1,29.92,-4.2,24.4,,,,,Clear,clear,0,0,0,0,0,0
2018-11-01 13:00:00,0.6,33.1,-14.4,6.1,32.0,18.5,11.5,37.0,23.0,290,WNW,16.1,10.0,1012.9,29.91,-4.2,24.4,,,,,Clear,clear,0,0,0,0,0,0
2018-11-01 14:00:00,0.6,33.1,-15.0,5.0,31.0,14.8,9.2,37.0,23.0,290,WNW,16.1,10.0,1013.3,29.93,-3.6,25.5,,,,,Clear,clear,0,0,0,0,0,0
2018-11-01 15:00:00,0.6,33.1,-16.7,1.9,27.0,18.5,11.5,33.3,20.7,290,WNW,16.1,10.0,1014.7,29.97,-4.2,24.4,,,,,Clear,clear,0,0,0,0,0,0
2018-11-01 16:00:00,0.0,32.0,-16.1,3.0,29.0,16.7,10.4,33.3,20.7,280,West,16.1,10.0,1015.5,29.99,-4.7,23.6,,,,,Clear,clear,0,0,0,0,0,0
2018-11-01 17:00:00,-0.6,30.9,-16.1,3.0,31.0,24.1,15.0,37.0,23.0,290,WNW,16.1,10.0,1017.1,30.04,-6.5,20.2,,,,,Clear,clear,0,0,0,0,0,0
2018-11-01 18:00:00,-1.7,28.9,-16.7,1.9,32.0,18.5,11.5,33.3,20.7,290,WNW,16.1,10.0,1018.2,30.07,-7.1,19.2,,,,,Clear,clear,0,0,0,0,0,0
2018-11-01 19:00:00,-1.7,28.9,-17.2,1.0,30.0,18.5,11.5,33.3,20.7,290,WNW,16.1,10.0,1018.8,30.09,-7.1,19.2,,,,,Clear,clear,0,0,0,0,0,0
2018-11-01 20:00:00,-2.2,28.0,-17.2,1.0,31.0,16.7,10.4,29.6,18.4,300,WNW,16.1,10.0,1019.2,30.1,-7.4,18.6,,,,,Clear,clear,0,0,0,0,0,0
2018-11-01 21:00:00,-2.8,27.0,-16.7,1.9,34.0,,,,,0,North,16.1,10.0,1019.5,30.11,,,,,,,Clear,clear,0,0,0,0,0,0
2018-11-01 22:00:00,-2.8,27.0,-16.7,1.9,34.0,13.0,8.1,,,320,NW,16.1,10.0,1019.2,30.1,-7.4,18.7,,,,,Clear,clear,0,0,0,0,0,0
2018-11-01 23:00:00,-3.3,26.1,-16.7,1.9,35.0,11.1,6.9,,,320,NW,16.1,10.0,1019.4,30.11,-7.5,18.4,,,,,Clear,clear,0,0,0,0,0,0
2018-11-02 00:00:00,-1.1,30.0,-10.0,14.0,51.0,9.3,5.8,35.2,21.9,270,West,16.1,10.0,1007.3,29.75,-4.4,24.1,,,,,Overcast,cloudy,0,0,0,0,0,0
2018-11-02 01:00:00,-2.2,28.0,-8.3,17.1,63.0,20.4,12.7,35.2,21.9,280,West,9.7,6.0,1007.6,29.76,-8.0,17.5,,,0.0,0.0,Light Snow,snow,0,0,1,0,0,0
2018-11-02 02:00:00,-3.3,26.1,-8.3,17.1,69.0,11.1,6.9,31.5,19.6,0,Variable,4.0,2.5,1008.1,29.77,-7.5,18.4,,,0.0,0.0,Light Snow,snow,0,0,1,0,0,0
2018-11-02 03:00:00,-3.3,26.1,-15.6,3.9,39.0,18.5,11.5,37.0,23.0,290,WNW,16.1,10.0,1008.3,29.78,-9.1,15.6,,,0.0,0.0,Overcast,cloudy,0,0,0,0,0,0
2018-11-02 04:00:00,-3.9,25.0,-17.8,0.0,34.0,,,,,0,North,16.1,10.0,1009.0,29.8,,,,,,,Overcast,cloudy,0,0,0,0,0,0
2018-11-02 05:00:00,-4.4,24.1,-17.8,0.0,35.0,14.8,9.2,,,280,West,16.1,10.0,1009.9,29.83,-9.8,14.4,,,,,Mostly Cloudy,mostlycloudy,0,0,0,0,0,0
2018-11-02 06:00:00,-5.0,23.0,-17.8,0.0,37.0,13.0,8.1,29.6,18.4,310,NW,16.1,10.0,1010.9,29.86,-10.1,13.9,,,,,Clear,clear,0,0,0,0,0,0
2018-11-02 07:00:00,-5.0,23.0,-17.2,1.0,39.0,14.8,9.2,37.0,23.0,290,WNW,16.1,10.0,1011.9,29.88,-10.5,13.1,,,,,Clear,clear,0,0,0,0,0,0
2018-11-02 08:00:00,-5.0,23.0,-18.3,-0.9,35.0,22.2,13.8,46.3,28.8,280,West,16.1,10.0,1012.3,29.9,-11.9,10.6,,,,,Clear,clear,0,0,0,0,0,0
2018-11-02 09:00:00,-4.4,24.1,-18.9,-2.0,32.0,24.1,15.0,42.6,26.5,280,West,16.1,10.0,1012.2,29.89,-11.4,11.5,,,,,Partly Cloudy,partlycloudy,0,0,0,0,0,0
2018-11-02 10:00:00,-4.4,24.1,-19.4,-2.9,31.0,22.2,13.8,48.2,29.9,290,WNW,16.1,10.0,1012.6,29.91,-11.1,12.0,,,,,Mostly Cloudy,mostlycloudy,0,0,0,0,0,0
2018-11-02 11:00:00,-3.3,26.1,-17.8,0.0,32.0,11.1,6.9,,,300,WNW,16.1,10.0,1012.4,29.9,-7.5,18.4,,,,,Overcast,cloudy,0,0,0,0,0,0
2018-11-02 12:00:00,-4.4,24.1,-19.4,-2.9,31.0,13.0,8.1,53.7,33.4,300,WNW,16.1,10.0,1012.2,29.89,-9.3,15.2,,,,,Mostly Cloudy,mostlycloudy,0,0,0,0,0,0
2018-11-02 13:00:00,-3.9,25.0,-18.3,-0.9,33.0,18.5,11.5,40.7,25.3,290,WNW,16.1,10.0,1012.3,29.9,-9.9,14.2,,,,,Overcast,cloudy,0,0,0,0,0,0
2018-11-02 14:00:00,-4.4,24.1,-17.8,0.0,35.0,14.8,9.2,40.7,25.3,320,NW,16.1,10.0,1012.9,29.91,-9.8,14.4,,,,,Overcast,cloudy,0,0,0,0,0,0
2018-11-02 15:00:00,-4.4,24.1,-17.2,1.0,37.0,16.7,10.4,38.9,24.2,280,West,16.1,10.0,1014.0,29.95,-10.2,13.7,,,,,Overcast,cloudy,0,0,0,0,0,0
2018-11-02 16:00:00,-5.0,23.0,-19.4,-2.9,32.0,,,,,0,North,16.1,10.0,1015.2,29.98,,,,,,,Partly Cloudy,partlycloudy,0,0,0,0,0,0
2018-11-02 17:00:00,-5.0,23.0,-20.0,-4.0,31.0,13.0,8.1,37.0,23.0,290,WNW,16.1,10.0,1016.7,30.03,-10.1,13.9,,,,,Partly Cloudy,partlycloudy,0,0,0,0,0,0
2018-11-02 18:00:00,-5.6,21.9,-21.1,-6.0,29.0,18.5,11.5,40.7,25.3,310,NW,16.1,10.0,1018.2,30.07,-12.0,10.4,,,,,Clear,clear,0,0,0,0,0,0
2018-11-02 19:00:00,-6.1,21.0,-21.1,-6.0,30.0,,,,,0,North,16.1,10.0,1018.9,30.09,,,,,,,Clear,clear,0,0,0,0,0,0
2018-11-02 20:00:00,-6.7,19.9,-20.6,-5.1,33.0,22.2,13.8,46.3,28.8,300,WNW,16.1,10.0,1020.0,30.12,-14.1,6.7,,,,,Clear,clear,0,0,0,0,0,0
2018-11-02 21:00:00,-6.7,19.9,-20.0,-4.0,35.0,13.0,8.1,31.5,19.6,300,WNW,16.1,10.0,1021.0,30.15,-12.1,10.1,,,,,Clear,clear,0,0,0,0,0,0
2018-11-02 22:00:00,-7.2,19.0,-19.4,-2.9,38.0,14.8,9.2,35.2,21.9,300,WNW,16.1,10.0,1021.7,30.17,-13.2,8.2,,,,,Clear,clear,0,0,0,0,0,0
2018-11-02 23:00:00,-7.8,18.0,-19.4,-2.9,40.0,16.7,10.4,38.9,24.2,300,WNW,16.1,10.0,1022.3,30.19,-14.4,6.1,,,,,Clear,clear,0,0,0,0,0,0
2018-11-03 00:00:00,19.4,66.9,12.2,54.0,63.0,9.3,5.8,,,0,Variable,16.1,10.0,1012.0,29.89,,,,,0.0,0.0,Overcast,cloudy,0,0,0,0,0,0
2018-11-03 01:00:00,17.8,64.0,12.8,55.0,73.0,13.0,8.1,27.8,17.3,360,North,16.1,10.0,1012.3,29.9,,,,,,,Overcast,cloudy,0,0,0,0,0,0
2018-11-03 02:00:00,14.4,57.9,10.6,51.1,78.0,7.4,4.6,,,0,Variable,16.1,10.0,1012.6,29.91,,,,,0.0,0.0,Overcast,cloudy,0,0,0,0,0,0
2018-11-03 03:00:00,13.3,55.9,11.7,53.1,90.0,0.0,0.0,,,0,North,12.9,8.0,1013.8,29.94,,,,,1.5,0.06,Light Rain,rain,0,1,0,0,0,0
2018-11-03 04:00:00,13.3,55.9,11.1,52.0,87.0,0.0,0.0,,,0,North,16.1,10.0,1014.2,29.95,,,,,0.0,0.0,Overcast,cloudy,0,0,0,0,0,0
2018-11-03 05:00:00,13.3,55.9,11.1,52.0,87.0,0.0,0.0,,,0,North,16.1,10.0,1015.1,29.98,,,,,0.0,0.0,Overcast,cloudy,0,0,0,0,0,0
2018-11-03 06:00:00,13.9,57.0,10.0,50.0,77.0,9.3,5.8,,,280,West,16.1,10.0,1016.1,30.01,,,,,,,Overcast,cloudy,0,0,0,0,0,0
2018-11-03 07:00:00,14.4,57.9,9.4,48.9,72.0,11.1,6.9,,,0,Variable,16.1,10.0,1017.1,30.04,,,,,,,Scattered Clouds,partlycloudy,0,0,0,0,0,0
2018-11-03 08:00:00,14.4,57.9,6.1,43.0,58.0,,,,,0,North,16.1,10.0,1018.4,30.08,,,,,,,Scattered Clouds,partlycloudy,0,0,0,0,0,0
2018-11-03 09:00:00,13.3,55.9,4.4,39.9,55.0,9.3,5.8,27.8,17.3,0,Variable,16.1,10.0,1019.9,30.12,,,,,,,Scattered Clouds,partlycloudy,0,0,0,0,0,0
2018-11-03 10:00:00,14.4,57.9,3.3,37.9,47.0,16.7,10.4,29.6,18.4,300,WNW,16.1,10.0,1020.1,30.13,,,,,,,Mostly Cloudy,mostlycloudy,0,0,0,0,0,0
2018-11-03 11:00:00,15.0,59.0,3.3,37.9,46.0,11.1,6.9,29.6,18.4,0,Variable,16.1,10.0,1020.0,30.12,,,,,,,Clear,clear,0,0,0,0,0,0
2018-11-03 12:00:00,15.0,59.0,2.8,37.0,44.0,14.8,9.2,27.8,17.3,300,WNW,16.1,10.0,1020.1,30.13,,,,,,,Clear,clear,0,0,0,0,0,0
2018-11-03 13:00:00,16.7,62.1,2.2,36.0,38.0,13.0,8.1,27.8,17.3,290,WNW,16.1,10.0,1020.1,30.13,,,,,,,Clear,clear,0,0,0,0,0,0
2018-11-03 14:00:00,17.2,63.0,1.7,35.1,35.0,16.7,10.4,,,310,NW,16.1,10.0,1020.7,30.14,,,,,,,Clear,clear,0,0,0,0,0,0
2018-11-03 15:00:00,17.2,63.0,0.6,33.1,33.0,16.7,10.4,31.5,19.6,10,North,16.1,10.0,1021.7,30.17,,,,,,,Clear,clear,0,0,0,0,0,0
2018-11-03 16:00:00,16.1,61.0,0.0,32.0,34.0,7.4,4.6,,,0,Variable,16.1,10.0,1022.8,30.21,,,,,,,Clear,clear,0,0,0,0,0,0
2018-11-03 17:00:00,15.0,59.0,-0.6,30.9,35.0,13.0,8.1,,,310,NW,16.1,10.0,1023.8,30.24,,,,,,,Clear,clear,0,0,0,0,0,0
2018-11-03 18:00:00,13.9,57.0,-0.6,30.9,37.0,7.4,4.6,,,0,Variable,16.1,10.0,1025.2,30.28,,,,,,,Clear,clear,0,0,0,0,0,0
2018-11-03 19:00:00,12.8,55.0,-1.1,30.0,38.0,13.0,8.1,,,310,NW,16.1,10.0,1025.8,30.3,,,,,,,Clear,clear,0,0,0,0,0,0
2018-11-03 20:00:00,11.7,53.1,-0.6,30.9,43.0,9.3,5.8,,,0,Variable,16.1,10.0,1026.1,30.3,,,,,,,Clear,clear,0,0,0,0,0,0
2018-11-03 21:00:00,10.6,51.1,-1.1,30.0,44.0,7.4,4.6,,,10,North,16.1,10.0,1026.7,30.32,,,,,,,Clear,clear,0,0,0,0,0,0
2018-11-03 22:00:00,10.0,50.0,-0.6,30.9,48.0,5.6,3.5,,,0,Variable,16.1,10.0,1027.2,30.34,,,,,,,Clear,clear,0,0,0,0,0,0
2018-11-03 23:00:00,8.9,48.0,-1.1,30.0,50.0,9.3,5.8,,,350,North,16.1,10.0,1027.3,30.34,,,,,,,Clear,clear,0,0,0,0,0,0
2018-11-04 00:00:00,6.1,43.0,-2.2,28.0,56.0,0.0,0.0,,,0,North,16.1,10.0,1026.5,30.32,,,,,,,Overcast,cloudy,0,0,0,0,0,0
2018-11-04 01:00:00,6.7,44.1,-1.7,28.9,55.0,5.6,3.5,,,0,Variable,16.1,10.0,1025.7,30.29,5.8,42.5,,,,,Overcast,cloudy,0,0,0,0,0,0
2018-11-04 02:00:00,6.7,44.1,-2.2,28.0,53.0,14.8,9.2,,,190,South,16.1,10.0,1025.2,30.28,3.9,39.0,,,,,Overcast,cloudy,0,0,0,0,0,0
2018-11-04 03:00:00,6.7,44.1,-0.6,30.9,60.0,18.5,11.5,33.3,20.7,180,South,16.1,10.0,1024.5,30.26,3.4,38.1,,,,,Overcast,cloudy,0,0,0,0,0,0
2018-11-04 04:00:00,7.2,45.0,-0.6,30.9,58.0,9.3,5.8,29.6,18.4,0,Variable,16.1,10.0,1024.5,30.26,5.5,41.8,,,,,Overcast,cloudy,0,0,0,0,0,0
2018-11-04 05:00:00,7.2,45.0,0.0,32.0,60.0,11.1,6.9,27.8,17.3,0,Variable,16.1,10.0,1024.1,30.25,5.1,41.2,,,,,Overcast,cloudy,0,0,0,0,0,0
2018-11-04 06:00:00,7.8,46.0,0.6,33.1,61.0,11.1,6.9,,,0,Variable,16.1,10.0,1023.9,30.24,5.8,42.5,,,,,Overcast,cloudy,0,0,0,0,0,0
2018-11-04 07:00:00,8.3,46.9,1.7,35.1,63.0,9.3,5.8,,,190,South,16.1,10.0,1023.7,30.23,,,,,,,Overcast,cloudy,0,0,0,0,0,0
2018-11-04 08:00:00,9.4,48.9,1.7,35.1,59.0,14.8,9.2,,,240,WSW,16.1,10.0,1023.2,30.22,,,,,,,Overcast,cloudy,0,0,0,0,0,0
2018-11-04 09:00:00,10.0,50.0,1.7,35.1,57.0,7.4,4.6,,,200,SSW,16.1,10.0,1022.6,30.2,,,,,,,Overcast,cloudy,0,0,0,0,0,0
2018-11-04 10:00:00,11.1,52.0,1.7,35.1,53.0,14.8,9.2,,,230,SW,16.1,10.0,1022.0,30.18,,,,,,,Overcast,cloudy,0,0,0,0,0,0
2018-11-04 11:00:00,12.8,55.0,1.1,34.0,45.0,7.4,4.6,,,220,SW,16.1,10.0,1021.3,30.16,,,,,,,Overcast,cloudy,0,0,0,0,0,0
2018-11-04 12:00:00,16.1,61.0,1.1,34.0,36.0,9.3,5.8,,,0,Variable,16.1,10.0,1020.0,30.12,,,,,,,Overcast,cloudy,0,0,0,0,0,0
2018-11-04 13:00:00,16.1,61.0,0.0,32.0,34.0,14.8,9.2,29.6,18.4,250,WSW,16.1,10.0,1019.3,30.1,,,,,,,Scattered Clouds,partlycloudy,0,0,0,0,0,0
2018-11-04 14:00:00,16.1,61.0,3.9,39.0,44.0,11.1,6.9,,,170,South,16.1,10.0,1018.2,30.07,,,,,,,Clear,clear,0,0,0,0,0,0
2018-11-04 15:00:00,16.7,62.1,3.9,39.0,43.0,18.5,11.5,,,180,South,16.1,10.0,1017.3,30.04,,,,,,,Clear,clear,0,0,0,0,0,0
2018-11-04 16:00:00,15.6,60.1,3.9,39.0,46.0,5.6,3.5,,,0,Variable,16.1,10.0,1016.6,30.02,,,,,,,Clear,clear,0,0,0,0,0,0
2018-11-04 17:00:00,14.4,57.9,5.0,41.0,53.0,13.0,8.1,,,170,South,14.5,9.0,1016.1,30.01,,,,,0.0,0.0,Light Rain,rain,0,1,0,0,0,0
2018-11-04 18:00:00,12.8,55.0,7.2,45.0,69.0,11.1,6.9,,,150,SSE,8.0,5.0,1016.8,30.03,,,,,0.0,0.0,Light Rain,rain,0,1,0,0,0,0
2018-11-04 19:00:00,12.8,55.0,7.2,45.0,69.0,7.4,4.6,,,0,Variable,16.1,10.0,1016.5,30.02,,,,,0.3,0.01,Mostly Cloudy,mostlycloudy,0,0,0,0,0,0
2018-11-04 20:00:00,13.9,57.0,6.7,44.1,62.0,14.8,9.2,,,170,South,16.1,10.0,1016.6,30.02,,,,,,,Mostly Cloudy,mostlycloudy,0,0,0,0,0,0
2018-11-04 21:00:00,13.3,55.9,6.7,44.1,64.0,11.1,6.9,,,170,South,16.1,10.0,1016.2,30.01,,,,,,,Clear,clear,0,0,0,0,0,0
2018-11-04 22:00:00,12.8,55.0,7.2,45.0,69.0,5.6,3.5,,,0,Variable,16.1,10.0,1015.7,30.0,,,,,,,Clear,clear,0,0,0,0,0,0
2018-11-04 23:00:00,12.8,55.0,7.2,45.0,69.0,9.3,5.8,,,170,South,16.1,10.0,1014.9,29.97,,,,,,,Clear,clear,0,0,0,0,0,0
2018-11-05 00:00:00,12.8,55.0,6.1,43.0,64.0,9.3,5.8,,,0,Variable,16.1,10.0,1021.7,30.17,,,,,,,Clear,clear,0,0,0,0,0,0
2018-11-05 01:00:00,11.7,53.1,6.1,43.0,69.0,5.6,3.5,,,280,West,16.1,10.0,1021.6,30.17,,,,,,,Clear,clear,0,0,0,0,0,0
2018-11-05 02:00:00,11.1,52.0,6.1,43.0,71.0,0.0,0.0,,,0,North,16.1,10.0,1021.4,30.17,,,,,,,Clear,clear,0,0,0,0,0,0
2018-11-05 03:00:00,11.1,52.0,5.6,42.1,69.0,7.4,4.6,,,290,WNW,16.1,10.0,1021.3,30.16,,,,,,,Clear,clear,0,0,0,0,0,0
2018-11-05 04:00:00,10.6,51.1,5.6,42.1,71.0,0.0,0.0,,,0,North,16.1,10.0,1021.6,30.17,,,,,,,Clear,clear,0,0,0,0,0,0
2018-11-05 05:00:00,10.0,50.0,5.6,42.1,74.0,0.0,0.0,,,0,North,16.1,10.0,1021.6,30.17,,,,,,,Clear,clear,0,0,0,0,0,0
2018-11-05 06:00:00,11.7,53.1,5.0,41.0,64.0,0.0,0.0,,,0,North,16.1,10.0,1022.0,30.18,,,,,,,Clear,clear,0,0,0,0,0,0
2018-11-05 07:00:00,14.4,57.9,3.9,39.0,49.0,7.4,4.6,,,0,Variable,16.1,10.0,1022.2,30.19,,,,,,,Clear,clear,0,0,0,0,0,0
2018-11-05 08:00:00,16.7,62.1,3.3,37.9,41.0,7.4,4.6,,,50,NE,16.1,10.0,1022.3,30.19,,,,,,,Clear,clear,0,0,0,0,0,0
2018-11-05 09:00:00,17.8,64.0,2.8,37.0,37.0,0.0,0.0,,,0,North,16.1,10.0,1022.1,30.19,,,,,,,Clear,clear,0,0,0,0,0,0
2018-11-05 10:00:00,19.4,66.9,1.7,35.1,31.0,5.6,3.5,,,0,Variable,16.1,10.0,1021.9,30.18,,,,,,,Clear,clear,0,0,0,0,0,0
2018-11-05 11:00:00,22.2,72.0,1.1,34.0,25.0,0.0,0.0,,,0,North,16.1,10.0,1021.6,30.17,,,,,,,Clear,clear,0,0,0,0,0,0
2018-11-05 12:00:00,23.3,73.9,0.0,32.0,21.0,9.3,5.8,,,0,Variable,16.1,10.0,1021.1,30.16,,,,,,,Clear,clear,0,0,0,0,0,0
2018-11-05 13:00:00,23.3,73.9,0.0,32.0,21.0,5.6,3.5,,,330,NNW,16.1,10.0,1020.5,30.14,,,,,,,Clear,clear,0,0,0,0,0,0
2018-11-05 14:00:00,23.3,73.9,0.0,32.0,21.0,5.6,3.5,,,170,South,16.1,10.0,1020.0,30.12,,,,,,,Clear,clear,0,0,0,0,0,0
2018-11-05 15:00:00,23.3,73.9,1.7,35.1,24.0,0.0,0.0,,,0,North,16.1,10.0,1019.3,30.1,,,,,,,Clear,clear,0,0,0,0,0,0
2018-11-05 16:00:00,23.3,73.9,2.8,37.0,26.0,11.1,6.9,,,240,WSW,16.1,10.0,1019.3,30.1,,,,,,,Clear,clear,0,0,0,0,0,0
2018-11-05 17:00:00,22.2,72.0,3.9,39.0,30.0,13.0,8.1,,,200,SSW,16.1,10.0,1019.1,30.1,,,,,,,Clear,clear,0,0,0,0,0,0
2018-11-05 18:00:00,21.7,71.1,2.2,36.0,28.0,5.6,3.5,,,0,Variable,16.1,10.0,1019.0,30.09,,,,,,,Clear,clear,0,0,0,0,0,0
2018-11-05 19:00:00,20.0,68.0,2.8,37.0,32.0,0.0,0.0,,,0,North,16.1,10.0,1019.2,30.1,,,,,,,Clear,clear,0,0,0,0,0,0
2018-11-05 20:00:00,20.0,68.0,6.7,44.1,42.0,7.4,4.6,,,0,Variable,16.1,10.0,1019.4,30.11,,,,,,,Mostly Cloudy,mostlycloudy,0,0,0,0,0,0
2018-11-05 21:00:00,19.4,66.9,7.8,46.0,47.0,0.0,0.0,,,0,North,16.1,10.0,1019.9,30.12,,,,,,,Scattered Clouds,partlycloudy,0,0,0,0,0,0
2018-11-05 22:00:00,18.3,64.9,7.2,45.0,48.0,0.0,0.0,,,0,North,16.1,10.0,1020.0,30.12,,,,,,,Partly Cloudy,partlycloudy,0,0,0,0,0,0
2018-11-05 23:00:00,17.8,64.0,7.2,45.0,50.0,0.0,0.0,,,0,North,16.1,10.0,1020.0,30.12,,,,,,,Clear,clear,0,0,0,0,0,0
2018-11-06 00:00:00,17.2,63.0,5.0,41.0,45.0,0.0,0.0,,,0,North,16.1,10.0,1017.4,30.05,,,,,,,Overcast,cloudy,0,0,0,0,0,0
2018-11-06 01:00:00,17.2,63.0,3.3,37.9,40.0,5.6,3.5,,,280,West,16.1,10.0,1017.2,30.04,,,,,,,Unknown,unknown,0,0,0,0,0,0
2018-11-06 02:00:00,16.7,62.1,3.9,39.0,43.0,0.0,0.0,,,0,North,16.1,10.0,1017.0,30.04,,,,,,,Unknown,unknown,0,0,0,0,0,0
2018-11-06 03:00:00,16.1,61.0,5.6,42.1,50.0,0.0,0.0,,,0,North,16.1,10.0,1017.2,30.04,,,,,,,Unknown,unknown,0,0,0,0,0,0
2018-11-06 04:00:00,16.1,61.0,6.1,43.0,52.0,0.0,0.0,,,0,North,16.1,10.0,1016.7,30.03,,,,,,,Unknown,unknown,0,0,0,0,0,0
2018-11-06 05:00:00,15.6,60.1,6.7,44.1,55.0,0.0,0.0,,,0,North,16.1,10.0,1016.6,30.02,,,,,,,Unknown,unknown,0,0,0,0,0,0
2018-11-06 06:00:00,17.2,63.0,10.0,50.0,63.0,0.0,0.0,,,0,North,16.1,10.0,1015.9,30.0,,,,,,,Unknown,unknown,0,0,0,0,0,0
2018-11-06 07:00:00,20.0,68.0,9.4,48.9,50.0,0.0,0.0,,,0,North,16.1,10.0,1015.5,29.99,,,,,,,Unknown,unknown,0,0,0,0,0,0
2018-11-06 08:00:00,21.1,70.0,7.8,46.0,42.0,5.6,3.5,,,0,Variable,16.1,10.0,1015.3,29.99,,,,,,,Unknown,unknown,0,0,0,0,0,0
2018-11-06 09:00:00,21.7,71.1,10.0,50.0,47.0,5.6,3.5,,,0,Variable,16.1,10.0,1014.2,29.95,,,,,,,Unknown,unknown,0,0,0,0,0,0
2018-11-06 10:00:00,22.8,73.0,12.2,54.0,51.0,7.4,4.6,,,200,SSW,16.1,10.0,1013.1,29.92,,,,,,,Unknown,unknown,0,0,0,0,0,0
2018-11-06 11:00:00,24.4,75.9,14.4,57.9,54.0,16.7,10.4,33.3,20.7,230,SW,14.5,9.0,1011.4,29.87,,,,,,,Unknown,unknown,0,0,0,0,0,0
2018-11-06 12:00:00,25.0,77.0,15.0,59.0,54.0,5.6,3.5,29.6,18.4,0,Variable,14.5,9.0,1010.2,29.83,,,,,,,Unknown,unknown,0,0,0,0,0,0
2018-11-06 13:00:00,26.7,80.1,17.8,64.0,58.0,,,,,0,North,14.5,9.0,1009.6,29.82,,,27.6,81.7,,,Unknown,unknown,0,0,0,0,0,0
2018-11-06 14:00:00,27.8,82.0,18.3,64.9,56.0,11.1,6.9,,,0,Variable,14.5,9.0,1008.6,29.79,,,28.8,83.8,,,Unknown,unknown,0,0,0,0,0,0
2018-11-06 15:00:00,27.8,82.0,18.3,64.9,56.0,,,,,0,North,14.5,9.0,1008.1,29.77,,,28.8,83.8,,,Unknown,unknown,0,0,0,0,0,0
2018-11-06 16:00:00,29.4,84.9,18.3,64.9,51.0,0.0,0.0,,,0,North,14.5,9.0,1006.9,29.74,,,30.3,86.6,,,Unknown,unknown,0,0,0,0,0,0
2018-11-06 17:00:00,30.0,86.0,18.9,66.0,51.0,9.3,5.8,,,270,West,14.5,9.0,1006.1,29.71,,,31.2,88.2,,,Unknown,unknown,0,0,0,0,0,0
2018-11-06 18:00:00,30.6,87.1,18.9,66.0,49.0,13.0,8.1,27.8,17.3,260,West,12.9,8.0,1005.9,29.71,,,31.8,89.2,,,Unknown,unknown,0,0,0,0,0,0
2018-11-06 19:00:00,29.4,84.9,18.9,66.0,53.0,9.3,5.8,,,0,Variable,14.5,9.0,1005.7,29.7,,,30.6,87.1,,,Unknown,unknown,0,0,0,0,0,0
2018-11-06 20:00:00,29.4,84.9,18.9,66.0,53.0,11.1,6.9,,,270,West,16.1,10.0,1005.8,29.7,,,30.6,87.1,,,Unknown,unknown,0,0,0,0,0,0
2018-11-06 21:00:00,30.0,86.0,18.9,66.0,51.0,7.4,4.6,,,0,Variable,16.1,10.0,1006.2,29.72,,,31.2,88.2,,,Unknown,unknown,0,0,0,0,0,0
2018-11-06 22:00:00,28.9,84.0,18.3,64.9,53.0,7.4,4.6,,,280,West,16.1,10.0,1006.6,29.73,,,29.9,85.8,,,Unknown,unknown,0,0,0,0,0,0
2018-11-06 23:00:00,27.2,81.0,18.3,64.9,58.0,0.0,0.0,,,0,North,16.1,10.0,1006.6,29.73,,,28.2,82.7,,,Unknown,unknown,0,0,0,0,0,0
2018-11-07 00:00:00,20.6,69.1,14.4,57.9,68.0,5.6,3.5,,,0,Variable,16.1,10.0,1015.3,29.99,,,,,,,Clear,clear,0,0,0,0,0,0
2018-11-07 01:00:00,20.6,69.1,14.4,57.9,68.0,,,,,0,North,16.1,10.0,1016.0,30.01,,,,,,,Clear,clear,0,0,0,0,0,0
2018-11-07 02:00:00,20.0,68.0,14.4,57.9,70.0,0.0,0.0,,,0,North,16.1,10.0,1016.1,30.01,,,,,,,Mostly Cloudy,mostlycloudy,0,0,0,0,0,0
2018-11-07 03:00:00,19.4,66.9,14.4,57.9,73.0,5.6,3.5,,,0,Variable,16.1,10.0,1016.5,30.02,,,,,,,Clear,clear,0,0,0,0,0,0
2018-11-07 04:00:00,18.9,66.0,14.4,57.9,75.0,5.6,3.5,,,0,Variable,16.1,10.0,1017.1,30.04,,,,,,,Clear,clear,0,0,0,0,0,0
2018-11-07 05:00:00,18.9,66.0,14.4,57.9,75.0,0.0,0.0,,,0,North,16.1,10.0,1017.6,30.05,,,,,,,Clear,clear,0,0,0,0,0,0
2018-11-07 06:00:00,18.9,66.0,15.0,59.0,78.0,0.0,0.0,,,0,North,16.1,10.0,1018.1,30.07,,,,,,,Clear,clear,0,0,0,0,0,0
2018-11-07 07:00:00,20.0,68.0,15.6,60.1,76.0,7.4,4.6,,,0,Variable,16.1,10.0,1018.3,30.07,,,,,,,Scattered Clouds,partlycloudy,0,0,0,0,0,0
2018-11-07 08:00:00,21.1,70.0,15.6,60.1,71.0,11.1,6.9,,,0,Variable,16.1,10.0,1018.5,30.08,,,,,,,Mostly Cloudy,mostlycloudy,0,0,0,0,0,0
2018-11-07 09:00:00,21.1,70.0,15.0,59.0,68.0,11.1,6.9,,,0,Variable,16.1,10.0,1018.2,30.07,,,,,,,Partly Cloudy,partlycloudy,0,0,0,0,0,0
2018-11-07 10:00:00,22.8,73.0,14.4,57.9,59.0,9.3,5.8,,,0,Variable,16.1,10.0,1018.7,30.09,,,,,,,Mostly Cloudy,mostlycloudy,0,0,0,0,0,0
2018-11-07 11:00:00,23.9,75.0,14.4,57.9,55.0,11.1,6.9,,,0,Variable,16.1,10.0,1018.8,30.09,,,,,,,Partly Cloudy,partlycloudy,0,0,0,0,0,0
2018-11-07 12:00:00,25.6,78.1,15.0,59.0,52.0,0.0,0.0,,,0,North,16.1,10.0,1018.4,30.08,,,,,,,Clear,clear,0,0,0,0,0,0
2018-11-07 13:00:00,26.7,80.1,15.0,59.0,48.0,5.6,3.5,,,0,Variable,16.1,10.0,1017.9,30.06,,,27.0,80.7,,,Partly Cloudy,partlycloudy,0,0,0,0,0,0
2018-11-07 14:00:00,26.1,79.0,14.4,57.9,48.0,5.6,3.5,,,0,Variable,16.1,10.0,1018.5,30.08,,,,,,,Scattered Clouds,partlycloudy,0,0,0,0,0,0
2018-11-07 15:00:00,26.1,79.0,15.0,59.0,50.0,13.0,8.1,,,60,ENE,16.1,10.0,1018.8,30.09,,,,,,,Clear,clear,0,0,0,0,0,0
2018-11-07 16:00:00,26.1,79.0,14.4,57.9,48.0,0.0,0.0,,,0,North,16.1,10.0,1018.5,30.08,,,,,,,Clear,clear,0,0,0,0,0,0
2018-11-07 17:00:00,26.1,79.0,13.3,55.9,45.0,9.3,5.8,,,0,Variable,16.1,10.0,1018.0,30.06,,,,,,,Clear,clear,0,0,0,0,0,0
2018-11-07 18:00:00,25.6,78.1,13.3,55.9,46.0,5.6,3.5,,,0,Variable,16.1,10.0,1018.2,30.07,,,,,,,Clear,clear,0,0,0,0,0,0
2018-11-07 19:00:00,25.0,77.0,11.7,53.1,43.0,11.1,6.9,,,0,Variable,16.1,10.0,1018.7,30.09,,,,,,,Clear,clear,0,0,0,0,0,0
2018-11-07 20:00:00,22.2,72.0,16.1,61.0,68.0,0.0,0.0,,,0,North,16.1,10.0,1019.1,30.1,,,,,,,Clear,clear,0,0,0,0,0,0
2018-11-07 21:00:00,21.7,71.1,16.7,62.1,73.0,5.6,3.5,,,0,Variable,16.1,10.0,1019.3,30.1,,,,,,,Clear,clear,0,0,0,0,0,0
2018-11-07 22:00:00,21.1,70.0,16.1,61.0,73.0,0.0,0.0,,,0,North,16.1,10.0,1019.6,30.11,,,,,,,Clear,clear,0,0,0,0,0,0
2018-11-07 23:00:00,21.1,70.0,16.1,61.0,73.0,5.6,3.5,,,170,South,16.1,10.0,1019.6,30.11,,,,,,,Clear,clear,0,0,0,0,0,0
2018-11-08 00:00:00,28.3,82.9,21.7,71.1,67.0,7.4,4.6,,,0,Variable,14.5,9.0,1019.1,30.1,,,30.8,87.5,,,Overcast,cloudy,0,0,0,0,0,0
2018-11-08 01:00:00,27.8,82.0,21.7,71.1,69.0,5.6,3.5,,,0,Variable,14.5,9.0,1018.5,30.08,,,30.2,86.3,,,Clear,clear,0,0,0,0,0,0
2018-11-08 02:00:00,27.2,81.0,22.2,72.0,74.0,9.3,5.8,,,0,Variable,14.5,9.0,1018.6,30.08,,,29.6,85.2,,,Clear,clear,0,0,0,0,0,0
2018-11-08 03:00:00,26.7,80.1,22.8,73.0,79.0,7.4,4.6,,,0,Variable,14.5,9.0,1018.3,30.07,,,29.0,84.2,,,Clear,clear,0,0,0,0,0,0
2018-11-08 04:00:00,26.7,80.1,22.8,73.0,79.0,7.4,4.6,,,0,Variable,14.5,9.0,1018.6,30.08,,,29.0,84.2,,,Partly Cloudy,partlycloudy,0,0,0,0,0,0
2018-11-08 05:00:00,26.7,80.1,22.8,73.0,79.0,,,,,0,North,14.5,9.0,1018.9,30.09,,,29.0,84.2,,,Mostly Cloudy,mostlycloudy,0,0,0,0,0,0
2018-11-08 06:00:00,26.7,80.1,22.8,73.0,79.0,7.4,4.6,,,0,Variable,12.9,8.0,1019.1,30.1,,,29.0,84.2,,,Partly Cloudy,partlycloudy,0,0,0,0,0,0
2018-11-08 07:00:00,27.2,81.0,23.3,73.9,79.0,7.4,4.6,,,0,Variable,11.3,7.0,1019.0,30.09,,,30.1,86.2,,,Mostly Cloudy,mostlycloudy,0,0,0,0,0,0
2018-11-08 08:00:00,27.8,82.0,23.3,73.9,76.0,9.3,5.8,,,0,Variable,11.3,7.0,1019.3,30.1,,,31.1,87.9,,,Clear,clear,0,0,0,0,0,0
2018-11-08 09:00:00,28.3,82.9,23.3,73.9,74.0,9.3,5.8,,,0,Variable,11.3,7.0,1018.8,30.09,,,31.9,89.4,,,Clear,clear,0,0,0,0,0,0
2018-11-08 10:00:00,29.4,84.9,23.3,73.9,69.0,0.0,0.0,,,0,North,11.3,7.0,1018.5,30.08,,,33.4,92.1,,,Clear,clear,0,0,0,0,0,0
2018-11-08 11:00:00,32.8,91.0,23.3,73.9,57.0,5.6,3.5,,,0,Variable,12.9,8.0,1018.3,30.07,,,38.0,100.4,,,Clear,clear,0,0,0,0,0,0
2018-11-08 12:00:00,32.2,90.0,23.3,73.9,59.0,9.3,5.8,,,250,WSW,12.9,8.0,1017.6,30.05,,,37.2,99.0,,,Partly Cloudy,partlycloudy,0,0,0,0,0,0
2018-11-08 13:00:00,31.7,89.1,23.9,75.0,63.0,7.4,4.6,,,0,Variable,11.3,7.0,1016.7,30.03,,,37.3,99.1,,,Mostly Cloudy,mostlycloudy,0,0,0,0,0,0
2018-11-08 14:00:00,31.7,89.1,23.9,75.0,63.0,7.4,4.6,,,0,Variable,11.3,7.0,1016.1,30.01,,,37.3,99.1,,,Mostly Cloudy,mostlycloudy,0,0,0,0,0,0
2018-11-08 15:00:00,32.2,90.0,23.9,75.0,61.0,5.6,3.5,,,0,Variable,11.3,7.0,1015.7,30.0,,,37.9,100.2,,,Mostly Cloudy,mostlycloudy,0,0,0,0,0,0
2018-11-08 16:00:00,31.7,89.1,23.3,73.9,61.0,,,,,0,North,12.9,8.0,1015.1,29.98,,,36.7,98.0,,,Mostly Cloudy,mostlycloudy,0,0,0,0,0,0
2018-11-08 17:00:00,31.1,88.0,23.9,75.0,65.0,14.8,9.2,,,260,West,12.9,8.0,1014.8,29.97,,,36.4,97.5,,,Mostly Cloudy,mostlycloudy,0,0,0,0,0,0
2018-11-08 18:00:00,26.7,80.1,25.0,77.0,90.0,5.6,3.5,,,0,Variable,9.7,6.0,1015.2,29.98,,,29.9,85.8,0.8,0.03,Partly Cloudy,partlycloudy,0,0,0,0,0,0
2018-11-08 19:00:00,27.8,82.0,23.3,73.9,76.0,16.7,10.4,,,250,WSW,12.9,8.0,1015.8,30.0,,,31.1,87.9,,,Clear,clear,0,0,0,0,0,0
2018-11-08 20:00:00,28.3,82.9,21.7,71.1,67.0,5.6,3.5,,,280,West,16.1,10.0,1015.7,30.0,,,30.8,87.5,,,Clear,clear,0,0,0,0,0,0
2018-11-08 21:00:00,28.3,82.9,21.7,71.1,67.0,0.0,0.0,,,0,North,16.1,10.0,1016.3,30.01,,,30.8,87.5,,,Scattered Clouds,partlycloudy,0,0,0,0,0,0
2018-11-08 22:00:00,28.3,82.9,21.7,71.1,67.0,0.0,0.0,,,0,North,16.1,10.0,1015.5,29.99,,,30.8,87.5,,,Clear,clear,0,0,0,0,0,0
2018-11-08 23:00:00,28.3,82.9,22.2,72.0,69.0,5.6,3.5,,,0,Variable,16.1,10.0,1015.3,29.99,,,31.1,88.0,,,Partly Cloudy,partlycloudy,0,0,0,0,0,0
2018-11-09 00:00:00,26.7,80.1,22.2,72.0,76.0,7.4,4.6,,,0,Variable,12.9,8.0,1012.9,29.91,,,28.8,83.8,,,Clear,clear,0,0,0,0,0,0
2018-11-09 01:00:00,26.1,79.0,22.8,73.0,82.0,7.4,4.6,,,0,Variable,12.9,8.0,1012.3,29.9,,,,,,,Clear,clear,0,0,0,0,0,0
2018-11-09 02:00:00,25.6,78.1,22.2,72.0,81.0,,,,,0,North,12.9,8.0,1011.5,29.87,,,,,,,Partly Cloudy,partlycloudy,0,0,0,0,0,0
2018-11-09 03:00:00,25.6,78.1,21.7,71.1,79.0,,,,,0,North,12.9,8.0,1011.1,29.86,,,,,,,Partly Cloudy,partlycloudy,0,0,0,0,0,0
2018-11-09 04:00:00,25.0,77.0,21.7,71.1,82.0,5.6,3.5,,,0,Variable,12.9,8.0,1011.2,29.86,,,,,,,Mostly Cloudy,mostlycloudy,0,0,0,0,0,0
2018-11-09 05:00:00,25.6,78.1,21.7,71.1,79.0,7.4,4.6,,,0,Variable,14.5,9.0,1011.4,29.87,,,,,,,Overcast,cloudy,0,0,0,0,0,0
2018-11-09 06:00:00,25.0,77.0,21.7,71.1,82.0,11.1,6.9,27.8,17.3,0,Variable,11.3,7.0,1011.5,29.87,,,,,,,Mostly Cloudy,mostlycloudy,0,0,0,0,0,0
2018-11-09 07:00:00,25.6,78.1,21.7,71.1,79.0,11.1,6.9,,,260,West,11.3,7.0,1012.1,29.89,,,,,,,Overcast,cloudy,0,0,0,0,0,0
2018-11-09 08:00:00,26.1,79.0,22.2,72.0,79.0,7.4,4.6,,,0,Variable,11.3,7.0,1012.5,29.9,,,,,,,Scattered Clouds,partlycloudy,0,0,0,0,0,0
2018-11-09 09:00:00,26.1,79.0,16.1,61.0,54.0,14.8,9.2,44.4,27.6,300,WNW,16.1,10.0,1013.6,29.94,,,,,,,Partly Cloudy,partlycloudy,0,0,0,0,0,0
2018-11-09 10:00:00,26.1,79.0,12.8,55.0,44.0,9.3,5.8,40.7,25.3,0,Variable,16.1,10.0,1014.6,29.96,,,,,,,Clear,clear,0,0,0,0,0,0
2018-11-09 11:00:00,25.6,78.1,11.7,53.1,42.0,18.5,11.5,33.3,20.7,310,NW,16.1,10.0,1015.5,29.99,,,,,,,Mostly Cloudy,mostlycloudy,0,0,0,0,0,0
2018-11-09 12:00:00,26.1,79.0,12.8,55.0,44.0,16.7,10.4,35.2,21.9,300,WNW,16.1,10.0,1015.7,30.0,,,,,,,Mostly Cloudy,mostlycloudy,0,0,0,0,0,0
2018-11-09 13:00:00,26.7,80.1,12.2,54.0,40.0,9.3,5.8,,,310,NW,16.1,10.0,1016.0,30.01,,,26.7,80.0,,,Scattered Clouds,partlycloudy,0,0,0,0,0,0
2018-11-09 14:00:00,27.8,82.0,11.7,53.1,37.0,7.4,4.6,,,0,Variable,16.1,10.0,1015.8,30.0,,,27.3,81.2,,,Clear,clear,0,0,0,0,0,0
2018-11-09 15:00:00,27.2,81.0,11.1,52.0,36.0,,,,,0,North,16.1,10.0,1015.9,30.0,,,,,,,Clear,clear,0,0,0,0,0,0
2018-11-09 16:00:00,27.8,82.0,10.0,50.0,33.0,,,,,0,North,16.1,10.0,1016.3,30.01,,,,,,,Clear,clear,0,0,0,0,0,0
2018-11-09 17:00:00,26.7,80.1,8.9,48.0,32.0,9.3,5.8,,,0,Variable,16.1,10.0,1016.8,30.03,,,,,,,Clear,clear,0,0,0,0,0,0
2018-11-09 18:00:00,25.6,78.1,10.0,50.0,37.0,5.6,3.5,,,0,Variable,16.1,10.0,1017.5,30.05,,,,,,,Clear,clear,0,0,0,0,0,0
2018-11-09 19:00:00,24.4,75.9,8.9,48.0,37.0,5.6,3.5,,,0,Variable,16.1,10.0,1018.5,30.08,,,,,,,Clear,clear,0,0,0,0,0,0
2018-11-09 20:00:00,23.9,75.0,8.9,48.0,38.0,7.4,4.6,,,0,Variable,16.1,10.0,1019.5,30.11,,,,,,,Clear,clear,0,0,0,0,0,0
2018-11-09 21:00:00,22.2,72.0,8.3,46.9,41.0,5.6,3.5,,,0,Variable,16.1,10.0,1020.2,30.13,,,,,,,Clear,clear,0,0,0,0,0,0
2018-11-09 22:00:00,21.1,70.0,7.8,46.0,42.0,7.4,4.6,,,0,Variable,16.1,10.0,1020.9,30.15,,,,,,,Clear,clear,0,0,0,0,0,0
2018-11-09 23:00:00,20.6,69.1,7.8,46.0,44.0,9.3,5.8,,,330,NNW,16.1,10.0,1021.3,30.16,,,,,,,Clear,clear,0,0,0,0,0,0
2018-11-10 00:00:00,10.0,50.0,1.7,35.1,57.0,5.6,3.5,,,0,Variable,16.1,10.0,1029.3,30.4,,,,,,,Clear,clear,0,0,0,0,0,0
2018-11-10 01:00:00,9.4,48.9,1.1,34.0,56.0,7.4,4.6,,,0,Variable,16.1,10.0,1029.7,30.41,,,,,,,Clear,clear,0,0,0,0,0,0
2018-11-10 02:00:00,8.9,48.0,2.8,37.0,66.0,5.6,3.5,,,70,ENE,16.1,10.0,1029.7,30.41,,,,,,,Clear,clear,0,0,0,0,0,0
2018-11-10 03:00:00,8.9,48.0,1.7,35.1,61.0,9.3,5.8,,,0,Variable,16.1,10.0,1030.0,30.42,,,,,,,Clear,clear,0,0,0,0,0,0
2018-11-10 04:00:00,8.3,46.9,1.7,35.1,63.0,5.6,3.5,,,0,Variable,16.1,10.0,1030.2,30.43,,,,,,,Clear,clear,0,0,0,0,0,0
2018-11-10 05:00:00,9.4,48.9,1.1,34.0,56.0,7.4,4.6,,,0,Variable,16.1,10.0,1030.7,30.44,,,,,,,Clear,clear,0,0,0,0,0,0
2018-11-10 06:00:00,8.3,46.9,2.2,36.0,66.0,0.0,0.0,,,0,North,16.1,10.0,1031.1,30.45,,,,,,,Clear,clear,0,0,0,0,0,0
2018-11-10 07:00:00,8.9,48.0,0.6,33.1,56.0,7.4,4.6,,,0,Variable,16.1,10.0,1031.3,30.46,,,,,,,Clear,clear,0,0,0,0,0,0
2018-11-10 08:00:00,10.0,50.0,0.6,33.1,52.0,13.0,8.1,,,60,ENE,16.1,10.0,1031.7,30.47,,,,,,,Clear,clear,0,0,0,0,0,0
2018-11-10 09:00:00,11.1,52.0,2.2,36.0,54.0,9.3,5.8,,,70,ENE,16.1,10.0,1031.9,30.48,,,,,,,Clear,clear,0,0,0,0,0,0
2018-11-10 10:00:00,12.2,54.0,2.8,37.0,53.0,5.6,3.5,,,70,ENE,16.1,10.0,1032.0,30.48,,,,,,,Clear,clear,0,0,0,0,0,0
2018-11-10 11:00:00,13.9,57.0,3.3,37.9,49.0,9.3,5.8,,,0,Variable,16.1,10.0,1031.8,30.47,,,,,,,Clear,clear,0,0,0,0,0,0
2018-11-10 12:00:00,15.6,60.1,4.4,39.9,47.0,7.4,4.6,,,0,Variable,16.1,10.0,1031.7,30.47,,,,,,,Clear,clear,0,0,0,0,0,0
2018-11-10 13:00:00,16.1,61.0,5.0,41.0,48.0,0.0,0.0,,,0,North,16.1,10.0,1030.8,30.44,,,,,,,Clear,clear,0,0,0,0,0,0
2018-11-10 14:00:00,17.2,63.0,6.1,43.0,48.0,7.4,4.6,,,210,SSW,16.1,10.0,1029.9,30.42,,,,,,,Clear,clear,0,0,0,0,0,0
2018-11-10 15:00:00,16.1,61.0,6.1,43.0,52.0,,,,,0,North,16.1,10.0,1029.7,30.41,,,,,,,Clear,clear,0,0,0,0,0,0
2018-11-10 16:00:00,15.0,59.0,7.2,45.0,60.0,5.6,3.5,,,180,South,16.1,10.0,1029.8,30.41,,,,,,,Clear,clear,0,0,0,0,0,0
2018-11-10 17:00:00,13.9,57.0,8.3,46.9,69.0,5.6,3.5,,,0,Variable,16.1,10.0,1029.9,30.42,,,,,,,Clear,clear,0,0,0,0,0,0
2018-11-10 18:00:00,13.3,55.9,8.3,46.9,72.0,5.6,3.5,,,150,SSE,16.1,10.0,1030.0,30.42,,,,,,,Clear,clear,0,0,0,0,0,0
2018-11-10 19:00:00,13.3,55.9,8.3,46.9,72.0,5.6,3.5,,,160,SSE,16.1,10.0,1029.9,30.42,,,,,,,Clear,clear,0,0,0,0,0,0
2018-11-10 20:00:00,12.8,55.0,7.8,46.0,72.0,7.4,4.6,,,150,SSE,16.1,10.0,1029.7,30.41,,,,,,,Clear,clear,0,0,0,0,0,0
2018-11-10 21:00:00,12.8,55.0,7.8,46.0,72.0,0.0,0.0,,,0,North,16.1,10.0,1030.0,30.42,,,,,,,Clear,clear,0,0,0,0,0,0
2018-11-10 22:00:00,12.8,55.0,8.3,46.9,74.0,0.0,0.0,,,0,North,16.1,10.0,1029.9,30.42,,,,,,,Clear,clear,0,0,0,0,0,0
2018-11-10 23:00:00,12.8,55.0,8.3,46.9,74.0,0.0,0.0,,,0,North,16.1,10.0,1029.5,30.4,,,,,,,Scattered Clouds,partlycloudy,0,0,0,0,0,0
2018-11-11 00:00:00,11.1,52.0,0.6,33.1,49.0,14.8,9.2,,,250,WSW,16.1,10.0,1004.6,29.67,,,,,,,Clear,clear,0,0,0,0,0,0
2018-11-11 01:00:00,10.6,51.1,0.6,33.1,50.0,13.0,8.1,35.2,21.9,250,WSW,16.1,10.0,1004.5,29.67,,,,,,,Clear,clear,0,0,0,0,0,0
2018-11-11 02:00:00,10.6,51.1,0.0,32.0,48.0,13.0,8.1,29.6,18.4,240,WSW,16.1,10.0,1004.0,29.65,,,,,,,Clear,clear,0,0,0,0,0,0
2018-11-11 03:00:00,10.0,50.0,0.0,32.0,50.0,18.5,11.5,35.2,21.9,250,WSW,16.1,10.0,1004.2,29.66,,,,,,,Clear,clear,0,0,0,0,0,0
2018-11-11 04:00:00,10.0,50.0,-0.6,30.9,48.0,13.0,8.1,,,240,WSW,16.1,10.0,1003.9,29.65,,,,,,,Clear,clear,0,0,0,0,0,0
2018-11-11 05:00:00,9.4,48.9,0.0,32.0,52.0,7.4,4.6,29.6,18.4,0,Variable,16.1,10.0,1004.2,29.66,,,,,,,Clear,clear,0,0,0,0,0,0
2018-11-11 06:00:00,10.0,50.0,0.0,32.0,50.0,5.6,3.5,,,0,Variable,16.1,10.0,1004.6,29.67,,,,,,,Clear,clear,0,0,0,0,0,0
2018-11-11 07:00:00,10.6,51.1,1.1,34.0,52.0,,,,,0,North,16.1,10.0,1005.2,29.69,,,,,,,Clear,clear,0,0,0,0,0,0
2018-11-11 08:00:00,11.7,53.1,1.7,35.1,50.0,0.0,0.0,,,0,North,16.1,10.0,1005.2,29.69,,,,,,,Clear,clear,0,0,0,0,0,0
2018-11-11 09:00:00,15.0,59.0,3.3,37.9,46.0,14.8,9.2,33.3,20.7,310,NW,16.1,10.0,1005.3,29.69,,,,,,,Clear,clear,0,0,0,0,0,0
2018-11-11 10:00:00,16.1,61.0,1.7,35.1,38.0,18.5,11.5,33.3,20.7,300,WNW,16.1,10.0,1005.7,29.7,,,,,,,Partly Cloudy,partlycloudy,0,0,0,0,0,0
2018-11-11 11:00:00,16.7,62.1,2.2,36.0,38.0,16.7,10.4,27.8,17.3,310,NW,16.1,10.0,1006.1,29.71,,,,,,,Mostly Cloudy,mostlycloudy,0,0,0,0,0,0
2018-11-11 12:00:00,15.6,60.1,-0.6,30.9,33.0,13.0,8.1,31.5,19.6,300,WNW,16.1,10.0,1007.0,29.74,,,,,,,Partly Cloudy,partlycloudy,0,0,0,0,0,0
2018-11-11 13:00:00,15.0,59.0,-1.7,28.9,32.0,24.1,15.0,42.6,26.5,300,WNW,16.1,10.0,1007.6,29.76,,,,,,,Partly Cloudy,partlycloudy,0,0,0,0,0,0
2018-11-11 14:00:00,13.3,55.9,-1.7,28.9,36.0,27.8,17.3,55.6,34.5,300,WNW,16.1,10.0,1009.7,29.82,,,,,,,Partly Cloudy,partlycloudy,0,0,0,0,0,0
2018-11-11 15:00:00,11.7,53.1,-5.0,23.0,31.0,11.1,6.9,38.9,24.2,0,Variable,16.1,10.0,1011.1,29.86,,,,,,,Partly Cloudy,partlycloudy,0,0,0,0,0,0
2018-11-11 16:00:00,11.1,52.0,-5.0,23.0,32.0,11.1,6.9,31.5,19.6,0,Variable,16.1,10.0,1012.6,29.91,,,,,,,Clear,clear,0,0,0,0,0,0
2018-11-11 17:00:00,9.4,48.9,-5.6,21.9,35.0,11.1,6.9,42.6,26.5,0,Variable,16.1,10.0,1014.9,29.97,,,,,0.0,0.0,Light Rain,rain,0,1,0,0,0,0
2018-11-11 18:00:00,8.3,46.9,-6.1,21.0,36.0,14.8,9.2,29.6,18.4,320,NW,16.1,10.0,1016.5,30.02,,,,,0.0,0.0,Clear,clear,0,0,0,0,0,0
2018-11-11 19:00:00,7.2,45.0,-6.1,21.0,39.0,,,,,0,North,16.1,10.0,1017.9,30.06,,,,,0.0,0.0,Light Rain,rain,0,1,0,0,0,0
2018-11-11 20:00:00,6.7,44.1,-6.7,19.9,38.0,,,,,0,North,16.1,10.0,1019.5,30.11,,,,,0.0,0.0,Clear,clear,0,0,0,0,0,0
2018-11-11 21:00:00,6.1,43.0,-6.1,21.0,42.0,7.4,4.6,,,310,NW,16.1,10.0,1020.2,30.13,4.6,40.3,,,,,Clear,clear,0,0,0,0,0,0
2018-11-11 22:00:00,5.6,42.1,-6.1,21.0,43.0,9.3,5.8,,,0,Variable,16.1,10.0,1020.8,30.15,3.6,38.4,,,,,Clear,clear,0,0,0,0,0,0
2018-11-11 23:00:00,5.6,42.1,-6.7,19.9,41.0,,,,,0,North,16.1,10.0,1021.3,30.16,,,,,,,Clear,clear,0,0,0,0,0,0
2018-11-12 01:00:00,-1.7,28.9,-8.9,16.0,58.0,11.1,6.9,,,0,Variable,16.1,10.0,1031.7,30.47,-5.6,21.9,,,,,Clear,clear,0,0,0,0,0,0
2018-11-12 02:00:00,-1.7,28.9,-8.9,16.0,58.0,7.4,4.6,,,0,Variable,16.1,10.0,1032.2,30.48,-4.5,23.9,,,,,Clear,clear,0,0,0,0,0,0
2018-11-12 03:00:00,-2.2,28.0,-9.4,15.1,58.0,5.6,3.5,,,320,NW,16.1,10.0,1032.3,30.49,-4.3,24.2,,,,,Clear,clear,0,0,0,0,0,0
2018-11-12 04:00:00,-2.2,28.0,-10.0,14.0,56.0,9.3,5.8,,,280,West,16.1,10.0,1032.5,30.49,-5.7,21.7,,,,,Clear,clear,0,0,0,0,0,0
2018-11-12 05:00:00,-2.2,28.0,-9.4,15.1,58.0,5.6,3.5,,,280,West,16.1,10.0,1033.1,30.51,-4.3,24.2,,,,,Clear,clear,0,0,0,0,0,0
2018-11-12 06:00:00,-1.7,28.9,-9.4,15.1,56.0,0.0,0.0,,,0,North,16.1,10.0,1033.3,30.52,,,,,,,Clear,clear,0,0,0,0,0,0
2018-11-12 07:00:00,-1.7,28.9,-9.4,15.1,56.0,9.3,5.8,,,270,West,16.1,10.0,1034.1,30.54,-5.1,22.8,,,,,Scattered Clouds,partlycloudy,0,0,0,0,0,0
2018-11-12 08:00:00,-1.1,30.0,-8.9,16.0,56.0,5.6,3.5,,,260,West,16.1,10.0,1034.7,30.56,-3.1,26.5,,,,,Partly Cloudy,partlycloudy,0,0,0,0,0,0
2018-11-12 09:00:00,-0.6,30.9,-8.9,16.0,54.0,11.1,6.9,,,280,West,16.1,10.0,1035.0,30.57,-4.3,24.3,,,,,Partly Cloudy,partlycloudy,0,0,0,0,0,0
2018-11-12 10:00:00,0.6,33.1,-8.3,17.1,52.0,9.3,5.8,,,290,WNW,16.1,10.0,1034.2,30.54,-2.4,27.7,,,,,Overcast,cloudy,0,0,0,0,0,0
2018-11-12 11:00:00,1.1,34.0,-11.1,12.0,40.0,9.3,5.8,,,0,Variable,16.1,10.0,1032.6,30.5,-1.8,28.8,,,,,Overcast,cloudy,0,0,0,0,0,0
2018-11-12 12:00:00,1.1,34.0,-10.6,12.9,42.0,7.4,4.6,,,210,SSW,16.1,10.0,1031.4,30.46,-1.2,29.8,,,,,Overcast,cloudy,0,0,0,0,0,0
2018-11-12 13:00:00,1.1,34.0,-10.6,12.9,42.0,9.3,5.8,,,0,Variable,16.1,10.0,1030.7,30.44,-1.8,28.8,,,,,Overcast,cloudy,0,0,0,0,0,0
2018-11-12 14:00:00,1.1,34.0,-10.0,14.0,44.0,7.4,4.6,,,240,WSW,16.1,10.0,1030.8,30.44,-1.2,29.8,,,,,Overcast,cloudy,0,0,0,0,0,0
2018-11-12 15:00:00,0.6,33.1,-7.8,18.0,54.0,7.4,4.6,,,0,Variable,16.1,10.0,1030.7,30.44,-1.8,28.7,,,,,Overcast,cloudy,0,0,0,0,0,0
2018-11-12 16:00:00,0.0,32.0,-5.6,21.9,66.0,0.0,0.0,,,0,North,12.9,8.0,1030.3,30.43,,,,,0.0,0.0,Overcast,cloudy,0,0,0,0,0,0
2018-11-12 17:00:00,-1.1,30.0,-2.8,27.0,88.0,0.0,0.0,,,0,North,1.6,1.0,1030.3,30.43,,,,,0.3,0.01,Light Snow,snow,0,0,1,0,0,0
2018-11-12 18:00:00,-0.6,30.9,-2.8,27.0,85.0,11.1,6.9,,,160,SSE,2.8,1.8,1029.4,30.4,-4.3,24.3,,,0.5,0.02,Light Snow,snow,0,0,1,0,0,0
2018-11-12 19:00:00,-0.6,30.9,-2.8,27.0,85.0,11.1,6.9,,,0,Variable,3.2,2.0,1029.7,30.41,-4.3,24.3,,,0.0,0.0,Light Snow,snow,0,0,1,0,0,0
2018-11-12 19:00:00,0.0,32.0,-3.3,26.1,79.0,0.0,0.0,,,0,North,14.5,9.0,1028.2,30.37,,,,,0.0,0.0,Overcast,cloudy,0,0,0,0,0,0
2018-11-12 20:00:00,0.0,32.0,-2.8,27.0,82.0,7.4,4.6,,,150,SSE,14.5,9.0,1027.0,30.33,-2.5,27.5,,,,,Overcast,cloudy,0,0,0,0,0,0
2018-11-12 21:00:00,0.6,33.1,-2.8,27.0,78.0,7.4,4.6,,,160,SSE,16.1,10.0,1026.3,30.31,-1.8,28.7,,,,,Overcast,cloudy,0,0,0,0,0,0
2018-11-12 22:00:00,1.1,34.0,-1.7,28.9,82.0,7.4,4.6,,,70,ENE,14.5,9.0,1025.0,30.27,-1.2,29.8,,,,,Overcast,cloudy,0,0,0,0,0,0
2018-11-12 23:00:00,1.1,34.0,-1.1,30.0,85.0,7.4,4.6,,,70,ENE,9.7,6.0,1023.1,30.22,-1.2,29.8,,,,,Overcast,cloudy,0,0,0,0,0,0
2018-11-13 00:00:00,6.7,44.1,-5.0,23.0,43.0,7.4,4.6,,,0,Variable,16.1,10.0,1021.3,30.16,5.3,41.5,,,,,Clear,clear,0,0,0,0,0,0
2018-11-13 01:00:00,6.7,44.1,-5.0,23.0,43.0,9.3,5.8,,,280,West,16.1,10.0,1021.3,30.16,4.9,40.8,,,,,Clear,clear,0,0,0,0,0,0
2018-11-13 02:00:00,6.1,43.0,-5.0,23.0,45.0,11.1,6.9,,,280,West,16.1,10.0,1020.7,30.14,3.8,38.8,,,,,Clear,clear,0,0,0,0,0,0
2018-11-13 03:00:00,5.6,42.1,-4.4,24.1,49.0,11.1,6.9,,,280,West,16.1,10.0,1020.7,30.14,3.2,37.7,,,,,Clear,clear,0,0,0,0,0,0
2018-11-13 04:00:00,5.6,42.1,-3.9,25.0,51.0,0.0,0.0,,,0,North,16.1,10.0,1020.8,30.15,,,,,,,Clear,clear,0,0,0,0,0,0
2018-11-13 05:00:00,5.0,41.0,-3.3,26.1,55.0,7.4,4.6,,,0,Variable,16.1,10.0,1020.7,30.14,3.3,38.0,,,,,Clear,clear,0,0,0,0,0,0
2018-11-13 06:00:00,5.6,42.1,-3.3,26.1,53.0,5.6,3.5,,,0,Variable,16.1,10.0,1020.8,30.15,4.6,40.2,,,,,Clear,clear,0,0,0,0,0,0
2018-11-13 07:00:00,6.1,43.0,-2.8,27.0,53.0,5.6,3.5,,,0,Variable,16.1,10.0,1021.1,30.16,5.2,41.3,,,,,Clear,clear,0,0,0,0,0,0
2018-11-13 08:00:00,6.7,44.1,-2.8,27.0,51.0,5.6,3.5,,,0,Variable,16.1,10.0,1021.2,30.16,5.8,42.5,,,,,Clear,clear,0,0,0,0,0,0
2018-11-13 09:00:00,7.8,46.0,-2.8,27.0,47.0,5.6,3.5,,,0,Variable,16.1,10.0,1020.8,30.15,7.1,44.8,,,,,Clear,clear,0,0,0,0,0,0
2018-11-13 10:00:00,10.0,50.0,-2.8,27.0,41.0,14.8,9.2,,,240,WSW,16.1,10.0,1020.1,30.13,,,,,,,Clear,clear,0,0,0,0,0,0
2018-11-13 11:00:00,13.3,55.9,-3.3,26.1,32.0,7.4,4.6,,,270,West,16.1,10.0,1019.0,30.09,,,,,,,Clear,clear,0,0,0,0,0,0
2018-11-13 12:00:00,15.0,59.0,-4.4,24.1,26.0,7.4,4.6,,,270,West,16.1,10.0,1017.9,30.06,,,,,,,Clear,clear,0,0,0,0,0,0
2018-11-13 13:00:00,16.1,61.0,-6.7,19.9,21.0,5.6,3.5,,,0,Variable,16.1,10.0,1017.2,30.04,,,,,,,Clear,clear,0,0,0,0,0,0
2018-11-13 14:00:00,16.1,61.0,-5.6,21.9,22.0,,,,,0,North,16.1,10.0,1016.8,30.03,,,,,,,Clear,clear,0,0,0,0,0,0
2018-11-13 15:00:00,15.6,60.1,-5.6,21.9,23.0,14.8,9.2,,,250,WSW,16.1,10.0,1017.1,30.04,,,,,,,Clear,clear,0,0,0,0,0,0
2018-11-13 16:00:00,14.4,57.9,-6.1,21.0,24.0,5.6,3.5,,,0,Variable,16.1,10.0,1017.3,30.04,,,,,,,Clear,clear,0,0,0,0,0,0
2018-11-13 17:00:00,13.9,57.0,-6.1,21.0,25.0,9.3,5.8,,,0,Variable,16.1,10.0,1017.5,30.05,,,,,,,Clear,clear,0,0,0,0,0,0
2018-11-13 18:00:00,13.3,55.9,-6.1,21.0,26.0,7.4,4.6,,,0,Variable,16.1,10.0,1017.9,30.06,,,,,,,Clear,clear,0,0,0,0,0,0
2018-11-13 19:00:00,12.2,54.0,-5.6,21.9,29.0,13.0,8.1,,,270,West,16.1,10.0,1017.9,30.06,,,,,,,Clear,clear,0,0,0,0,0,0
2018-11-13 20:00:00,12.2,54.0,-6.1,21.0,28.0,13.0,8.1,,,270,West,16.1,10.0,1017.6,30.05,,,,,,,Clear,clear,0,0,0,0,0,0
2018-11-13 21:00:00,11.1,52.0,-5.6,21.9,31.0,13.0,8.1,,,250,WSW,16.1,10.0,1017.5,30.05,,,,,,,Clear,clear,0,0,0,0,0,0
2018-11-13 22:00:00,10.6,51.1,-5.0,23.0,33.0,9.3,5.8,,,0,Variable,16.1,10.0,1017.5,30.05,,,,,,,Clear,clear,0,0,0,0,0,0
2018-11-13 23:00:00,10.6,51.1,-5.6,21.9,32.0,9.3,5.8,,,260,West,16.1,10.0,1017.7,30.06,,,,,,,Clear,clear,0,0,0,0,0,0
2018-11-14 00:00:00,10.6,51.1,-6.7,19.9,29.0,14.8,9.2,31.5,19.6,270,West,16.1,10.0,1017.5,30.05,,,,,,,Clear,clear,0,0,0,0,0,0
2018-11-14 01:00:00,10.0,50.0,-6.7,19.9,31.0,16.7,10.4,,,270,West,16.1,10.0,1017.6,30.05,,,,,,,Clear,clear,0,0,0,0,0,0
2018-11-14 02:00:00,10.0,50.0,-6.7,19.9,31.0,9.3,5.8,,,280,West,16.1,10.0,1017.5,30.05,,,,,,,Clear,clear,0,0,0,0,0,0
2018-11-14 03:00:00,9.4,48.9,-7.2,19.0,31.0,7.4,4.6,,,0,Variable,16.1,10.0,1017.3,30.04,,,,,,,Clear,clear,0,0,0,0,0,0
2018-11-14 04:00:00,8.9,48.0,-7.2,19.0,32.0,9.3,5.8,,,290,WNW,16.1,10.0,1017.2,30.04,,,,,,,Clear,clear,0,0,0,0,0,0
2018-11-14 05:00:00,8.3,46.9,-6.7,19.9,34.0,9.3,5.8,,,290,WNW,16.1,10.0,1016.6,30.02,,,,,,,Clear,clear,0,0,0,0,0,0
2018-11-14 06:00:00,8.3,46.9,-6.7,19.9,34.0,5.6,3.5,,,270,West,16.1,10.0,1017.1,30.04,,,,,,,Clear,clear,0,0,0,0,0,0
2018-11-14 07:00:00,8.9,48.0,-6.7,19.9,33.0,5.6,3.5,,,250,WSW,16.1,10.0,1017.2,30.04,,,,,,,Clear,clear,0,0,0,0,0,0
2018-11-14 08:00:00,10.0,50.0,-6.1,21.0,32.0,5.6,3.5,,,0,Variable,16.1,10.0,1017.5,30.05,,,,,,,Clear,clear,0,0,0,0,0,0
2018-11-14 09:00:00,11.1,52.0,-5.6,21.9,31.0,5.6,3.5,,,0,Variable,16.1,10.0,1017.4,30.05,,,,,,,Clear,clear,0,0,0,0,0,0
2018-11-14 10:00:00,13.9,57.0,-7.2,19.0,23.0,0.0,0.0,,,0,North,16.1,10.0,1017.6,30.05,,,,,,,Clear,clear,0,0,0,0,0,0
2018-11-14 11:00:00,15.0,59.0,-7.2,19.0,21.0,0.0,0.0,,,0,North,16.1,10.0,1016.4,30.02,,,,,,,Clear,clear,0,0,0,0,0,0
2018-11-14 12:00:00,16.1,61.0,-7.2,19.0,20.0,5.6,3.5,,,0,Variable,16.1,10.0,1015.8,30.0,,,,,,,Clear,clear,0,0,0,0,0,0
2018-11-14 13:00:00,16.7,62.1,-4.4,24.1,23.0,5.6,3.5,,,0,Variable,16.1,10.0,1015.6,29.99,,,,,,,Clear,clear,0,0,0,0,0,0
2018-11-14 14:00:00,15.6,60.1,-5.6,21.9,23.0,7.4,4.6,,,250,WSW,16.1,10.0,1015.9,30.0,,,,,,,Clear,clear,0,0,0,0,0,0
2018-11-14 15:00:00,15.0,59.0,-5.0,23.0,25.0,0.0,0.0,,,0,North,16.1,10.0,1016.0,30.01,,,,,,,Clear,clear,0,0,0,0,0,0
2018-11-14 16:00:00,15.0,59.0,-6.1,21.0,23.0,0.0,0.0,,,0,North,16.1,10.0,1016.0,30.01,,,,,,,Clear,clear,0,0,0,0,0,0
2018-11-14 17:00:00,14.4,57.9,-6.7,19.9,23.0,5.6,3.5,,,0,Variable,16.1,10.0,1016.2,30.01,,,,,,,Clear,clear,0,0,0,0,0,0
2018-11-14 18:00:00,14.4,57.9,-6.1,21.0,24.0,7.4,4.6,,,230,SW,16.1,10.0,1016.6,30.02,,,,,,,Clear,clear,0,0,0,0,0,0
2018-11-14 19:00:00,14.4,57.9,-5.0,23.0,26.0,7.4,4.6,,,260,West,16.1,10.0,1016.3,30.01,,,,,,,Partly Cloudy,partlycloudy,0,0,0,0,0,0
2018-11-14 20:00:00,13.9,57.0,-4.4,24.1,28.0,7.4,4.6,,,0,Variable,16.1,10.0,1016.6,30.02,,,,,,,Scattered Clouds,partlycloudy,0,0,0,0,0,0
2018-11-14 21:00:00,14.4,57.9,-4.4,24.1,27.0,5.6,3.5,,,250,WSW,16.1,10.0,1015.9,30.0,,,,,,,Overcast,cloudy,0,0,0,0,0,0
2018-11-14 22:00:00,13.9,57.0,-2.8,27.0,32.0,0.0,0.0,,,0,North,16.1,10.0,1015.5,29.99,,,,,,,Overcast,cloudy,0,0,0,0,0,0
2018-11-14 23:00:00,13.3,55.9,-1.1,30.0,37.0,0.0,0.0,,,0,North,16.1,10.0,1014.9,29.97,,,,,,,Overcast,cloudy,0,0,0,0,0,0
2018-11-15 00:00:00,12.8,55.0,-0.6,30.9,40.0,0.0,0.0,,,0,North,16.1,10.0,1014.4,29.96,,,,,,,Overcast,cloudy,0,0,0,0,0,0
2018-11-15 01:00:00,12.2,54.0,1.1,34.0,47.0,0.0,0.0,,,0,North,16.1,10.0,1014.2,29.95,,,,,0.0,0.0,Light Rain,rain,0,1,0,0,0,0
2018-11-15 02:00:00,12.2,54.0,1.1,34.0,47.0,0.0,0.0,,,0,North,16.1,10.0,1014.1,29.95,,,,,0.0,0.0,Overcast,cloudy,0,0,0,0,0,0
2018-11-15 03:00:00,11.1,52.0,7.2,45.0,77.0,0.0,0.0,,,0,North,4.8,3.0,1014.1,29.95,,,,,0.0,0.0,Light Rain,rain,0,1,0,0,0,0
2018-11-15 04:00:00,10.0,50.0,8.9,48.0,93.0,5.6,3.5,,,50,NE,11.3,7.0,1013.8,29.94,,,,,1.8,0.07,Overcast,cloudy,0,0,0,0,0,0
2018-11-15 05:00:00,10.6,51.1,8.9,48.0,89.0,11.1,6.9,,,50,NE,6.4,4.0,1013.3,29.93,,,,,0.3,0.01,Rain,rain,0,1,0,0,0,0
2018-11-15 06:00:00,10.0,50.0,8.9,48.0,93.0,9.3,5.8,,,0,Variable,8.0,5.0,1012.9,29.91,,,,,2.5,0.1,Light Rain,rain,0,1,0,0,0,0
2018-11-15 07:00:00,8.9,48.0,7.8,46.0,93.0,20.4,12.7,,,60,ENE,2.8,1.8,1013.1,29.92,,,,,5.1,0.2,Heavy Rain,rain,0,1,0,0,0,0
2018-11-15 08:00:00,8.9,48.0,7.2,45.0,89.0,11.1,6.9,,,0,Variable,8.0,5.0,1011.7,29.88,,,,,4.8,0.19,Overcast,cloudy,0,0,0,0,0,0
2018-11-15 09:00:00,8.9,48.0,7.8,46.0,93.0,14.8,9.2,27.8,17.3,20,NNE,3.2,2.0,1011.2,29.86,,,,,7.4,0.29,Rain,rain,0,1,0,0,0,0
2018-11-15 10:00:00,8.9,48.0,7.2,45.0,89.0,11.1,6.9,25.9,16.1,0,Variable,2.4,1.5,1010.1,29.83,,,,,8.4,0.33,Light Rain,rain,0,1,0,0,0,0
2018-11-15 11:00:00,8.3,46.9,7.2,45.0,93.0,9.3,5.8,,,0,Variable,1.2,0.8,1008.8,29.79,,,,,8.1,0.32,Heavy Rain,rain,0,1,0,0,0,0
2018-11-15 12:00:00,9.4,48.9,7.8,46.0,90.0,11.1,6.9,,,0,Variable,14.5,9.0,1008.0,29.77,,,,,7.4,0.29,Overcast,cloudy,0,0,0,0,0,0
2018-11-15 13:00:00,10.0,50.0,7.8,46.0,86.0,14.8,9.2,31.5,19.6,30,NNE,16.1,10.0,1007.0,29.74,,,,,,,Overcast,cloudy,0,0,0,0,0,0
2018-11-15 14:00:00,10.0,50.0,8.3,46.9,89.0,13.0,8.1,,,20,NNE,6.4,4.0,1006.7,29.73,,,,,,,Overcast,cloudy,0,0,0,0,0,0
2018-11-15 15:00:00,8.9,48.0,7.2,45.0,89.0,11.1,6.9,,,300,WNW,16.1,10.0,1006.9,29.74,,,,,,,Overcast,cloudy,0,0,0,0,0,0
2018-11-15 16:00:00,8.9,48.0,7.2,45.0,89.0,5.6,3.5,,,0,Variable,9.7,6.0,1007.2,29.75,,,,,0.3,0.01,Overcast,cloudy,0,0,0,0,0,0
2018-11-15 17:00:00,9.4,48.9,6.7,44.1,83.0,11.1,6.9,,,310,NW,16.1,10.0,1007.4,29.75,,,,,,,Overcast,cloudy,0,0,0,0,0,0
2018-11-15 18:00:00,9.4,48.9,6.1,43.0,80.0,9.3,5.8,,,0,Variable,16.1,10.0,1007.6,29.76,,,,,,,Overcast,cloudy,0,0,0,0,0,0
2018-11-15 19:00:00,9.4,48.9,6.7,44.1,83.0,9.3,5.8,,,320,NW,16.1,10.0,1007.5,29.75,,,,,,,Overcast,cloudy,0,0,0,0,0,0
2018-11-15 20:00:00,9.4,48.9,6.7,44.1,83.0,9.3,5.8,,,0,Variable,16.1,10.0,1007.4,29.75,,,,,,,Overcast,cloudy,0,0,0,0,0,0
2018-11-15 21:00:00,9.4,48.9,6.1,43.0,80.0,13.0,8.1,,,290,WNW,16.1,10.0,1007.2,29.75,,,,,,,Mostly Cloudy,mostlycloudy,0,0,0,0,0,0
2018-11-15 22:00:00,8.3,46.9,5.6,42.1,83.0,11.1,6.9,,,290,WNW,16.1,10.0,1007.3,29.75,,,,,,,Overcast,cloudy,0,0,0,0,0,0
2018-11-15 23:00:00,8.9,48.0,5.6,42.1,80.0,0.0,0.0,,,0,North,16.1,10.0,1007.2,29.75,,,,,,,Overcast,cloudy,0,0,0,0,0,0
2018-11-16 00:00:00,8.3,46.9,5.6,42.1,83.0,0.0,0.0,,,0,North,16.1,10.0,1007.1,29.74,,,,,,,Overcast,cloudy,0,0,0,0,0,0
2018-11-16 01:00:00,7.8,46.0,4.4,39.9,79.0,5.6,3.5,,,280,West,16.1,10.0,1007.1,29.74,7.1,44.8,,,,,Scattered Clouds,partlycloudy,0,0,0,0,0,0
2018-11-16 02:00:00,7.8,46.0,3.9,39.0,76.0,11.1,6.9,,,0,Variable,16.1,10.0,1007.1,29.74,5.8,42.5,,,,,Clear,clear,0,0,0,0,0,0
2018-11-16 03:00:00,7.2,45.0,3.3,37.9,76.0,7.4,4.6,,,0,Variable,16.1,10.0,1007.2,29.75,5.9,42.6,,,,,Clear,clear,0,0,0,0,0,0
2018-11-16 04:00:00,7.8,46.0,3.3,37.9,73.0,5.6,3.5,,,0,Variable,16.1,10.0,1007.1,29.74,7.1,44.8,,,,,Clear,clear,0,0,0,0,0,0
2018-11-16 05:00:00,8.3,46.9,2.8,37.0,68.0,7.4,4.6,,,0,Variable,16.1,10.0,1007.2,29.75,,,,,,,Clear,clear,0,0,0,0,0,0
2018-11-16 06:00:00,8.3,46.9,2.8,37.0,68.0,9.3,5.8,,,270,West,16.1,10.0,1007.9,29.77,,,,,,,Clear,clear,0,0,0,0,0,0
2018-11-16 07:00:00,8.3,46.9,2.8,37.0,68.0,9.3,5.8,,,0,Variable,16.1,10.0,1008.8,29.79,,,,,,,Clear,clear,0,0,0,0,0,0
2018-11-16 08:00:00,9.4,48.9,2.2,36.0,61.0,5.6,3.5,,,0,Variable,16.1,10.0,1008.7,29.79,,,,,,,Clear,clear,0,0,0,0,0,0
2018-11-16 09:00:00,10.6,51.1,1.7,35.1,54.0,13.0,8.1,,,270,West,14.5,9.0,1008.4,29.78,,,,,,,Clear,clear,0,0,0,0,0,0
2018-11-16 10:00:00,12.2,54.0,1.1,34.0,47.0,11.1,6.9,,,260,West,14.5,9.0,1008.0,29.77,,,,,,,Clear,clear,0,0,0,0,0,0
2018-11-16 11:00:00,14.4,57.9,1.7,35.1,42.0,7.4,4.6,,,0,Variable,14.5,9.0,1007.5,29.75,,,,,,,Clear,clear,0,0,0,0,0,0
2018-11-16 12:00:00,15.0,59.0,1.7,35.1,41.0,7.4,4.6,25.9,16.1,0,Variable,16.1,10.0,1007.3,29.75,,,,,,,Clear,clear,0,0,0,0,0,0
2018-11-16 13:00:00,16.1,61.0,1.7,35.1,38.0,11.1,6.9,,,0,Variable,16.1,10.0,1007.3,29.75,,,,,,,Clear,clear,0,0,0,0,0,0
2018-11-16 14:00:00,16.1,61.0,2.2,36.0,39.0,5.6,3.5,,,0,Variable,16.1,10.0,1007.3,29.75,,,,,,,Clear,clear,0,0,0,0,0,0
2018-11-16 15:00:00,15.6,60.1,3.3,37.9,44.0,0.0,0.0,,,0,North,14.5,9.0,1007.5,29.75,,,,,,,Scattered Clouds,partlycloudy,0,0,0,0,0,0
2018-11-16 16:00:00,15.0,59.0,2.8,37.0,44.0,,,,,0,North,14.5,9.0,1007.9,29.77,,,,,,,Clear,clear,0,0,0,0,0,0
2018-11-16 17:00:00,14.4,57.9,2.2,36.0,44.0,7.4,4.6,,,0,Variable,16.1,10.0,1008.8,29.79,,,,,,,Scattered Clouds,partlycloudy,0,0,0,0,0,0
2018-11-16 18:00:00,13.3,55.9,2.2,36.0,47.0,9.3,5.8,,,290,WNW,16.1,10.0,1009.3,29.81,,,,,,,Clear,clear,0,0,0,0,0,0
2018-11-16 19:00:00,12.8,55.0,2.2,36.0,49.0,7.4,4.6,,,0,Variable,16.1,10.0,1010.1,29.83,,,,,,,Clear,clear,0,0,0,0,0,0
2018-11-16 20:00:00,12.2,54.0,2.8,37.0,53.0,5.6,3.5,,,0,Variable,16.1,10.0,1010.9,29.86,,,,,,,Clear,clear,0,0,0,0,0,0
2018-11-16 21:00:00,11.7,53.1,2.8,37.0,55.0,5.6,3.5,,,290,WNW,16.1,10.0,1011.3,29.87,,,,,,,Clear,clear,0,0,0,0,0,0
2018-11-16 22:00:00,11.1,52.0,2.2,36.0,54.0,0.0,0.0,,,0,North,16.1,10.0,1011.9,29.88,,,,,,,Clear,clear,0,0,0,0,0,0
2018-11-16 23:00:00,10.6,51.1,2.2,36.0,56.0,0.0,0.0,,,0,North,16.1,10.0,1012.1,29.89,,,,,,,Clear,clear,0,0,0,0,0,0
2018-11-17 00:00:00,10.0,50.0,2.2,36.0,59.0,9.3,5.8,,,300,WNW,16.1,10.0,1012.5,29.9,,,,,,,Clear,clear,0,0,0,0,0,0
2018-11-17 01:00:00,10.0,50.0,2.8,37.0,61.0,5.6,3.5,,,0,Variable,16.1,10.0,1012.8,29.91,,,,,,,Scattered Clouds,partlycloudy,0,0,0,0,0,0
2018-11-17 02:00:00,10.0,50.0,3.3,37.9,63.0,5.6,3.5,,,280,West,16.1,10.0,1013.4,29.93,,,,,,,Partly Cloudy,partlycloudy,0,0,0,0,0,0
2018-11-17 03:00:00,10.0,50.0,4.4,39.9,68.0,0.0,0.0,,,0,North,16.1,10.0,1013.4,29.93,,,,,,,Clear,clear,0,0,0,0,0,0
2018-11-17 04:00:00,10.0,50.0,5.0,41.0,71.0,7.4,4.6,,,300,WNW,16.1,10.0,1013.9,29.94,,,,,,,Clear,clear,0,0,0,0,0,0
2018-11-17 05:00:00,10.0,50.0,5.0,41.0,71.0,0.0,0.0,,,0,North,16.1,10.0,1014.6,29.96,,,,,,,Clear,clear,0,0,0,0,0,0
2018-11-17 06:00:00,10.0,50.0,5.0,41.0,71.0,9.3,5.8,,,280,West,14.5,9.0,1015.0,29.98,,,,,,,Clear,clear,0,0,0,0,0,0
2018-11-17 07:00:00,10.6,51.1,5.0,41.0,68.0,9.3,5.8,,,290,WNW,12.9,8.0,1015.7,30.0,,,,,,,Clear,clear,0,0,0,0,0,0
2018-11-17 08:00:00,11.7,53.1,5.0,41.0,64.0,9.3,5.8,,,290,WNW,12.9,8.0,1016.2,30.01,,,,,,,Clear,clear,0,0,0,0,0,0
2018-11-17 09:00:00,13.3,55.9,4.4,39.9,55.0,14.8,9.2,29.6,18.4,300,WNW,14.5,9.0,1016.3,30.01,,,,,,,Clear,clear,0,0,0,0,0,0
2018-11-17 10:00:00,15.0,59.0,5.0,41.0,51.0,5.6,3.5,,,0,Variable,16.1,10.0,1016.0,30.01,,,,,,,Clear,clear,0,0,0,0,0,0
2018-11-17 11:00:00,15.6,60.1,3.9,39.0,46.0,13.0,8.1,,,10,North,16.1,10.0,1015.6,29.99,,,,,,,Clear,clear,0,0,0,0,0,0
2018-11-17 12:00:00,16.1,61.0,3.9,39.0,44.0,14.8,9.2,29.6,18.4,360,North,16.1,10.0,1014.8,29.97,,,,,,,Clear,clear,0,0,0,0,0,0
2018-11-17 13:00:00,16.1,61.0,3.3,37.9,42.0,13.0,8.1,,,340,NNW,16.1,10.0,1014.6,29.96,,,,,,,Clear,clear,0,0,0,0,0,0
2018-11-17 14:00:00,15.6,60.1,3.3,37.9,44.0,11.1,6.9,,,0,Variable,16.1,10.0,1015.1,29.98,,,,,,,Clear,clear,0,0,0,0,0,0
2018-11-17 15:00:00,15.6,60.1,3.3,37.9,44.0,,,,,0,North,16.1,10.0,1015.4,29.99,,,,,,,Clear,clear,0,0,0,0,0,0
2018-11-17 16:00:00,14.4,57.9,3.3,37.9,47.0,7.4,4.6,,,310,NW,16.1,10.0,1016.3,30.01,,,,,,,Clear,clear,0,0,0,0,0,0
2018-11-17 17:00:00,12.8,55.0,3.9,39.0,55.0,7.4,4.6,,,310,NW,16.1,10.0,1016.9,30.03,,,,,,,Clear,clear,0,0,0,0,0,0
2018-11-17 18:00:00,12.2,54.0,3.3,37.9,55.0,0.0,0.0,,,0,North,16.1,10.0,1017.4,30.05,,,,,,,Clear,clear,0,0,0,0,0,0
2018-11-17 19:00:00,11.7,53.1,3.3,37.9,57.0,0.0,0.0,,,0,North,16.1,10.0,1017.8,30.06,,,,,,,Clear,clear,0,0,0,0,0,0
2018-11-17 20:00:00,11.1,52.0,3.3,37.9,59.0,0.0,0.0,,,0,North,16.1,10.0,1018.2,30.07,,,,,,,Clear,clear,0,0,0,0,0,0
2018-11-17 21:00:00,10.6,51.1,3.3,37.9,61.0,5.6,3.5,,,0,Variable,16.1,10.0,1018.5,30.08,,,,,,,Clear,clear,0,0,0,0,0,0
2018-11-17 22:00:00,10.0,50.0,2.8,37.0,61.0,0.0,0.0,,,0,North,16.1,10.0,1018.4,30.08,,,,,,,Clear,clear,0,0,0,0,0,0
2018-11-17 23:00:00,9.4,48.9,3.3,37.9,66.0,7.4,4.6,,,340,NNW,16.1,10.0,1018.6,30.08,,,,,,,Clear,clear,0,0,0,0,0,0
2018-11-18 00:00:00,8.9,48.0,2.8,37.0,66.0,0.0,0.0,,,0,North,16.1,10.0,1018.8,30.09,,,,,,,Clear,clear,0,0,0,0,0,0
2018-11-18 01:00:00,9.4,48.9,3.3,37.9,66.0,11.1,6.9,,,10,North,16.1,10.0,1018.9,30.09,,,,,,,Clear,clear,0,0,0,0,0,0
2018-11-18 02:00:00,8.3,46.9,3.3,37.9,71.0,5.6,3.5,,,0,Variable,16.1,10.0,1019.4,30.11,,,,,,,Clear,clear,0,0,0,0,0,0
2018-11-18 03:00:00,7.8,46.0,3.3,37.9,73.0,0.0,0.0,,,0,North,16.1,10.0,1019.5,30.11,,,,,,,Clear,clear,0,0,0,0,0,0
2018-11-18 04:00:00,7.8,46.0,3.3,37.9,73.0,0.0,0.0,,,0,North,16.1,10.0,1020.0,30.12,,,,,,,Clear,clear,0,0,0,0,0,0
2018-11-18 05:00:00,6.7,44.1,2.8,37.0,76.0,7.4,4.6,,,300,WNW,16.1,10.0,1020.5,30.14,5.3,41.5,,,,,Clear,clear,0,0,0,0,0,0
2018-11-18 06:00:00,6.7,44.1,2.8,37.0,76.0,0.0,0.0,,,0,North,16.1,10.0,1020.7,30.14,,,,,,,Clear,clear,0,0,0,0,0,0
2018-11-18 07:00:00,7.2,45.0,2.8,37.0,74.0,7.4,4.6,,,0,Variable,14.5,9.0,1020.7,30.14,5.9,42.6,,,,,Clear,clear,0,0,0,0,0,0
2018-11-18 08:00:00,8.3,46.9,2.8,37.0,68.0,5.6,3.5,,,0,Variable,16.1,10.0,1020.7,30.14,,,,,,,Clear,clear,0,0,0,0,0,0
2018-11-18 09:00:00,9.4,48.9,2.8,37.0,64.0,7.4,4.6,,,300,WNW,16.1,10.0,1020.5,30.14,,,,,,,Clear,clear,0,0,0,0,0,0
2018-11-18 10:00:00,12.2,54.0,3.3,37.9,55.0,0.0,0.0,,,0,North,16.1,10.0,1019.7,30.12,,,,,,,Clear,clear,0,0,0,0,0,0
2018-11-18 11:00:00,14.4,57.9,3.3,37.9,47.0,5.6,3.5,,,0,Variable,16.1,10.0,1018.9,30.09,,,,,,,Clear,clear,0,0,0,0,0,0
2018-11-18 12:00:00,16.1,61.0,3.3,37.9,42.0,7.4,4.6,,,0,Variable,16.1,10.0,1018.1,30.07,,,,,,,Clear,clear,0,0,0,0,0,0
2018-11-18 14:00:00,17.2,63.0,2.2,36.0,37.0,0.0,0.0,,,0,North,16.1,10.0,1017.4,30.05,,,,,,,Clear,clear,0,0,0,0,0,0
2018-11-18 15:00:00,17.8,64.0,2.2,36.0,35.0,0.0,0.0,,,0,North,16.1,10.0,1017.4,30.05,,,,,,,Clear,clear,0,0,0,0,0,0
2018-11-18 16:00:00,15.0,59.0,3.3,37.9,46.0,0.0,0.0,,,0,North,16.1,10.0,1017.4,30.05,,,,,,,Clear,clear,0,0,0,0,0,0
2018-11-18 17:00:00,15.0,59.0,2.2,36.0,42.0,5.6,3.5,,,320,NW,16.1,10.0,1017.5,30.05,,,,,,,Clear,clear,0,0,0,0,0,0
2018-11-18 18:00:00,15.0,59.0,3.3,37.9,46.0,5.6,3.5,,,290,WNW,16.1,10.0,1017.3,30.04,,,,,,,Clear,clear,0,0,0,0,0,0
2018-11-18 19:00:00,16.1,61.0,0.6,33.1,35.0,7.4,4.6,,,290,WNW,16.1,10.0,1017.4,30.05,,,,,,,Clear,clear,0,0,0,0,0,0
2018-11-18 20:00:00,14.4,57.9,1.1,34.0,41.0,5.6,3.5,,,290,WNW,16.1,10.0,1017.3,30.04,,,,,,,Clear,clear,0,0,0,0,0,0
2018-11-18 21:00:00,13.3,55.9,2.2,36.0,47.0,0.0,0.0,,,0,North,16.1,10.0,1017.6,30.05,,,,,,,Clear,clear,0,0,0,0,0,0
2018-11-18 22:00:00,12.8,55.0,1.7,35.1,47.0,5.6,3.5,,,40,NE,16.1,10.0,1017.5,30.05,,,,,,,Clear,clear,0,0,0,0,0,0
2018-11-18 23:00:00,12.2,54.0,2.8,37.0,53.0,0.0,0.0,,,0,North,16.1,10.0,1017.2,30.04,,,,,,,Clear,clear,0,0,0,0,0,0
2018-11-19 00:00:00,11.7,53.1,2.2,36.0,52.0,5.6,3.5,,,30,NNE,16.1,10.0,1017.0,30.04,,,,,,,Clear,clear,0,0,0,0,0,0
2018-11-19 01:00:00,11.7,53.1,3.3,37.9,57.0,0.0,0.0,,,0,North,16.1,10.0,1016.9,30.03,,,,,,,Clear,clear,0,0,0,0,0,0
2018-11-19 02:00:00,10.6,51.1,5.6,42.1,71.0,0.0,0.0,,,0,North,16.1,10.0,1016.6,30.02,,,,,,,Clear,clear,0,0,0,0,0,0
2018-11-19 03:00:00,10.6,51.1,4.4,39.9,66.0,5.6,3.5,,,360,North,16.1,10.0,1016.4,30.02,,,,,,,Clear,clear,0,0,0,0,0,0
2018-11-19 04:00:00,9.4,48.9,5.6,42.1,77.0,0.0,0.0,,,0,North,16.1,10.0,1016.4,30.02,,,,,,,Clear,clear,0,0,0,0,0,0
2018-11-19 05:00:00,10.0,50.0,5.6,42.1,74.0,5.6,3.5,,,50,NE,16.1,10.0,1015.7,30.0,,,,,,,Clear,clear,0,0,0,0,0,0
2018-11-19 06:00:00,10.0,50.0,4.4,39.9,68.0,0.0,0.0,,,0,North,16.1,10.0,1015.5,29.99,,,,,,,Clear,clear,0,0,0,0,0,0
2018-11-19 07:00:00,10.6,51.1,5.0,41.0,68.0,5.6,3.5,,,0,Variable,16.1,10.0,1015.4,29.99,,,,,,,Clear,clear,0,0,0,0,0,0
2018-11-19 08:00:00,11.7,53.1,5.6,42.1,66.0,7.4,4.6,,,0,Variable,16.1,10.0,1014.5,29.96,,,,,,,Clear,clear,0,0,0,0,0,0
2018-11-19 09:00:00,12.8,55.0,6.1,43.0,64.0,11.1,6.9,,,120,ESE,14.5,9.0,1013.6,29.94,,,,,,,Clear,clear,0,0,0,0,0,0
2018-11-19 10:00:00,15.0,59.0,7.2,45.0,60.0,11.1,6.9,,,70,ENE,14.5,9.0,1011.9,29.88,,,,,,,Clear,clear,0,0,0,0,0,0
2018-11-19 11:00:00,16.1,61.0,7.2,45.0,56.0,11.1,6.9,,,120,ESE,16.1,10.0,1010.5,29.84,,,,,,,Clear,clear,0,0,0,0,0,0
2018-11-19 12:00:00,16.7,62.1,6.7,44.1,52.0,9.3,5.8,,,180,South,16.1,10.0,1009.7,29.82,,,,,,,Clear,clear,0,0,0,0,0,0
2018-11-19 13:00:00,15.0,59.0,7.8,46.0,62.0,16.7,10.4,,,170,South,16.1,10.0,1008.8,29.79,,,,,,,Clear,clear,0,0,0,0,0,0
2018-11-19 14:00:00,15.0,59.0,8.9,48.0,67.0,11.1,6.9,,,0,Variable,16.1,10.0,1008.1,29.77,,,,,,,Clear,clear,0,0,0,0,0,0
2018-11-19 15:00:00,13.9,57.0,9.4,48.9,74.0,5.6,3.5,,,0,Variable,16.1,10.0,1006.5,29.73,,,,,,,Partly Cloudy,partlycloudy,0,0,0,0,0,0
2018-11-19 16:00:00,12.8,55.0,8.9,48.0,77.0,,,,,0,North,16.1,10.0,1006.3,29.72,,,,,,,Scattered Clouds,partlycloudy,0,0,0,0,0,0
2018-11-19 17:00:00,13.3,55.9,9.4,48.9,77.0,11.1,6.9,,,0,Variable,16.1,10.0,1005.4,29.69,,,,,,,Mostly Cloudy,mostlycloudy,0,0,0,0,0,0
2018-11-19 18:00:00,13.3,55.9,9.4,48.9,77.0,7.4,4.6,,,0,Variable,16.1,10.0,1004.8,29.68,,,,,,,Overcast,cloudy,0,0,0,0,0,0
2018-11-19 19:00:00,13.3,55.9,9.4,48.9,77.0,11.1,6.9,,,0,Variable,16.1,10.0,1003.7,29.64,,,,,,,Overcast,cloudy,0,0,0,0,0,0
2018-11-19 20:00:00,12.8,55.0,9.4,48.9,80.0,7.4,4.6,,,0,Variable,16.1,10.0,1002.7,29.61,,,,,,,Overcast,cloudy,0,0,0,0,0,0
2018-11-19 21:00:00,10.6,51.1,8.3,46.9,86.0,7.4,4.6,,,0,Variable,6.4,4.0,1001.7,29.58,,,,,1.3,0.05,Light Rain,rain,0,1,0,0,0,0
2018-11-19 22:00:00,7.8,46.0,6.1,43.0,89.0,18.5,11.5,31.5,19.6,290,WNW,16.1,10.0,1001.7,29.58,4.8,40.6,,,1.0,0.04,Overcast,cloudy,0,0,0,0,0,0
2018-11-19 23:00:00,3.3,37.9,1.1,34.0,86.0,11.1,6.9,35.2,21.9,0,Variable,4.0,2.5,1002.0,29.59,0.4,32.7,,,2.8,0.11,Heavy Rain,rain,0,1,0,0,0,0
2018-11-20 00:00:00,2.8,37.0,1.1,34.0,89.0,11.1,6.9,31.5,19.6,0,Variable,6.4,4.0,1001.2,29.57,-0.2,31.6,,,3.8,0.15,Rain,rain,0,1,0,0,0,0
2018-11-20 01:00:00,1.7,35.1,0.6,33.1,92.0,,,,,0,North,8.0,5.0,1000.8,29.56,,,,,2.5,0.1,Light Rain,rain,0,1,0,0,0,0
2018-11-20 02:00:00,1.7,35.1,0.0,32.0,89.0,16.7,10.4,27.8,17.3,270,West,8.0,5.0,1000.9,29.56,-2.6,27.4,,,2.5,0.1,Overcast,cloudy,0,0,0,0,0,0
2018-11-20 03:00:00,2.8,37.0,0.6,33.1,86.0,18.5,11.5,35.2,21.9,280,West,16.1,10.0,1000.8,29.56,-1.5,29.3,,,0.3,0.01,Overcast,cloudy,0,0,0,0,0,0
2018-11-20 04:00:00,3.3,37.9,-0.6,30.9,76.0,16.7,10.4,33.3,20.7,290,WNW,16.1,10.0,1001.1,29.57,-0.6,30.9,,,,,Overcast,cloudy,0,0,0,0,0,0
2018-11-20 05:00:00,3.9,39.0,-1.1,30.0,70.0,16.7,10.4,37.0,23.0,280,West,16.1,10.0,1001.5,29.58,0.2,32.3,,,,,Overcast,cloudy,0,0,0,0,0,0
2018-11-20 06:00:00,3.9,39.0,-1.7,28.9,67.0,9.3,5.8,31.5,19.6,0,Variable,16.1,10.0,1001.8,29.59,1.5,34.8,,,,,Overcast,cloudy,0,0,0,0,0,0
2018-11-20 07:00:00,3.9,39.0,-1.7,28.9,67.0,9.3,5.8,,,0,Variable,16.1,10.0,1001.9,29.59,1.5,34.8,,,,,Overcast,cloudy,0,0,0,0,0,0
2018-11-20 08:00:00,3.9,39.0,-2.8,27.0,62.0,14.8,9.2,33.3,20.7,270,West,16.1,10.0,1001.7,29.58,0.4,32.8,,,,,Overcast,cloudy,0,0,0,0,0,0
2018-11-20 09:00:00,3.9,39.0,-2.8,27.0,62.0,11.1,6.9,37.0,23.0,0,Variable,16.1,10.0,1001.7,29.58,1.1,34.0,,,,,Overcast,cloudy,0,0,0,0,0,0
2018-11-20 10:00:00,4.4,39.9,-2.2,28.0,63.0,13.0,8.1,33.3,20.7,260,West,16.1,10.0,1001.0,29.56,1.4,34.5,,,,,Overcast,cloudy,0,0,0,0,0,0
2018-11-20 11:00:00,5.0,41.0,-1.7,28.9,62.0,7.4,4.6,35.2,21.9,0,Variable,16.1,10.0,1000.4,29.55,3.3,38.0,,,,,Overcast,cloudy,0,0,0,0,0,0
2018-11-20 12:00:00,5.0,41.0,-1.7,28.9,62.0,18.5,11.5,35.2,21.9,290,WNW,16.1,10.0,999.8,29.53,1.3,34.3,,,,,Overcast,cloudy,0,0,0,0,0,0
2018-11-20 13:00:00,5.0,41.0,-2.2,28.0,60.0,18.5,11.5,38.9,24.2,280,West,16.1,10.0,999.7,29.52,1.3,34.3,,,,,Overcast,cloudy,0,0,0,0,0,0
2018-11-20 14:00:00,3.9,39.0,-1.7,28.9,67.0,14.8,9.2,55.6,34.5,280,West,16.1,10.0,999.8,29.53,0.4,32.8,,,,,Overcast,cloudy,0,0,0,0,0,0
2018-11-20 15:00:00,5.0,41.0,-5.0,23.0,49.0,,,,,0,North,16.1,10.0,1000.4,29.55,,,,,,,Overcast,cloudy,0,0,0,0,0,0
2018-11-20 16:00:00,4.4,39.9,-5.6,21.9,49.0,16.7,10.4,53.7,33.4,300,WNW,16.1,10.0,1001.0,29.56,0.8,33.4,,,,,Overcast,cloudy,0,0,0,0,0,0
2018-11-20 17:00:00,3.9,39.0,-5.0,23.0,53.0,27.8,17.3,44.4,27.6,280,West,16.1,10.0,1001.0,29.56,-1.2,29.9,,,,,Overcast,cloudy,0,0,0,0,0,0
2018-11-20 18:00:00,3.9,39.0,-5.6,21.9,50.0,22.2,13.8,44.4,27.6,280,West,16.1,10.0,1001.0,29.56,-0.6,31.0,,,,,Overcast,cloudy,0,0,0,0,0,0
2018-11-20 19:00:00,4.4,39.9,-6.7,19.9,45.0,24.1,15.0,48.2,29.9,290,WNW,16.1,10.0,1000.9,29.56,-0.1,31.8,,,,,Overcast,cloudy,0,0,0,0,0,0
2018-11-20 20:00:00,4.4,39.9,-6.7,19.9,45.0,24.1,15.0,40.7,25.3,290,WNW,16.1,10.0,1001.0,29.56,-0.1,31.8,,,,,Overcast,cloudy,0,0,0,0,0,0
2018-11-20 21:00:00,3.3,37.9,-5.0,23.0,55.0,14.8,9.2,40.7,25.3,290,WNW,8.0,5.0,1001.2,29.57,-0.3,31.5,,,0.0,0.0,Light Snow,snow,0,0,1,0,0,0
2018-11-20 22:00:00,3.3,37.9,-6.7,19.9,48.0,20.4,12.7,51.9,32.2,290,WNW,16.1,10.0,1001.3,29.57,-1.1,30.0,,,0.0,0.0,Overcast,cloudy,0,0,0,0,0,0
2018-11-20 23:00:00,3.3,37.9,-7.2,19.0,47.0,18.5,11.5,44.4,27.6,290,WNW,16.1,10.0,1001.2,29.57,-0.9,30.5,,,,,Overcast,cloudy,0,0,0,0,0,0
2018-11-21 00:00:00,3.3,37.9,-7.8,18.0,45.0,16.7,10.4,46.3,28.8,300,WNW,16.1,10.0,1001.2,29.57,-0.6,30.9,,,,,Overcast,cloudy,0,0,0,0,0,0
2018-11-21 01:00:00,3.3,37.9,-8.3,17.1,43.0,20.4,12.7,40.7,25.3,280,West,16.1,10.0,1001.5,29.58,-1.1,30.0,,,,,Overcast,cloudy,0,0,0,0,0,0
2018-11-21 02:00:00,2.8,37.0,-6.1,21.0,52.0,16.7,10.4,27.8,17.3,280,West,16.1,10.0,1001.8,29.59,-1.2,29.8,,,,,Overcast,cloudy,0,0,0,0,0,0
2018-11-21 03:00:00,2.8,37.0,-7.8,18.0,46.0,25.9,16.1,44.4,27.6,290,WNW,16.1,10.0,1002.1,29.6,-2.4,27.7,,,,,Overcast,cloudy,0,0,0,0,0,0
2018-11-21 04:00:00,2.8,37.0,-8.3,17.1,44.0,16.7,10.4,38.9,24.2,290,WNW,16.1,10.0,1002.6,29.61,-1.2,29.8,,,,,Overcast,cloudy,0,0,0,0,0,0
2018-11-21 05:00:00,2.2,36.0,-8.9,16.0,44.0,18.5,11.5,57.4,35.7,300,WNW,16.1,10.0,1003.0,29.62,-2.2,28.0,,,,,Overcast,cloudy,0,0,0,0,0,0
2018-11-21 06:00:00,2.2,36.0,-8.9,16.0,44.0,25.9,16.1,44.4,27.6,290,WNW,16.1,10.0,1003.6,29.64,-3.2,26.3,,,,,Overcast,cloudy,0,0,0,0,0,0
2018-11-21 07:00:00,2.8,37.0,-8.9,16.0,42.0,24.1,15.0,61.1,38.0,290,WNW,16.1,10.0,1004.1,29.65,-2.2,28.1,,,,,Scattered Clouds,partlycloudy,0,0,0,0,0,0
2018-11-21 08:00:00,2.8,37.0,-8.3,17.1,44.0,22.2,13.8,48.2,29.9,290,WNW,16.1,10.0,1004.6,29.67,-2.0,28.5,,,,,Overcast,cloudy,0,0,0,0,0,0
2018-11-21 09:00:00,2.8,37.0,-7.8,18.0,46.0,18.5,11.5,48.2,29.9,290,WNW,16.1,10.0,1005.1,29.68,-1.5,29.3,,,,,Overcast,cloudy,0,0,0,0,0,0
2018-11-21 10:00:00,3.3,37.9,-7.8,18.0,45.0,20.4,12.7,46.3,28.8,290,WNW,16.1,10.0,1005.3,29.69,-1.1,30.0,,,,,Overcast,cloudy,0,0,0,0,0,0
2018-11-21 11:00:00,3.9,39.0,-7.8,18.0,43.0,22.2,13.8,51.9,32.2,290,WNW,16.1,10.0,1005.2,29.69,-0.6,31.0,,,,,Overcast,cloudy,0,0,0,0,0,0
2018-11-21 12:00:00,3.9,39.0,-7.2,19.0,45.0,14.8,9.2,40.7,25.3,300,WNW,16.1,10.0,1005.1,29.68,0.4,32.8,,,,,Overcast,cloudy,0,0,0,0,0,0
2018-11-21 13:00:00,4.4,39.9,-7.2,19.0,43.0,9.3,5.8,42.6,26.5,0,Variable,16.1,10.0,1005.0,29.68,2.1,35.8,,,,,Overcast,cloudy,0,0,0,0,0,0
2018-11-21 14:00:00,4.4,39.9,-7.2,19.0,43.0,16.7,10.4,44.4,27.6,300,WNW,16.1,10.0,1005.7,29.7,0.8,33.4,,,,,Overcast,cloudy,0,0,0,0,0,0
2018-11-21 15:00:00,4.4,39.9,-7.2,19.0,43.0,22.2,13.8,44.4,27.6,280,West,16.1,10.0,1006.7,29.73,0.1,32.1,,,,,Overcast,cloudy,0,0,0,0,0,0
2018-11-21 16:00:00,3.9,39.0,-7.8,18.0,43.0,27.8,17.3,48.2,29.9,290,WNW,16.1,10.0,1007.4,29.75,-1.2,29.9,,,,,Overcast,cloudy,0,0,0,0,0,0
2018-11-21 17:00:00,3.9,39.0,-7.8,18.0,43.0,,,,,0,North,16.1,10.0,1008.0,29.77,,,,,,,Partly Cloudy,partlycloudy,0,0,0,0,0,0
2018-11-21 18:00:00,3.9,39.0,-8.3,17.1,41.0,22.2,13.8,50.0,31.1,280,West,16.1,10.0,1008.2,29.78,-0.6,31.0,,,,,Scattered Clouds,partlycloudy,0,0,0,0,0,0
2018-11-21 19:00:00,4.4,39.9,-8.3,17.1,40.0,20.4,12.7,42.6,26.5,290,WNW,16.1,10.0,1008.7,29.79,0.3,32.5,,,,,Mostly Cloudy,mostlycloudy,0,0,0,0,0,0
2018-11-21 20:00:00,3.9,39.0,-8.9,16.0,39.0,35.2,21.9,63.0,39.1,290,WNW,16.1,10.0,1009.2,29.81,-1.8,28.8,,,,,Mostly Cloudy,mostlycloudy,0,0,0,0,0,0
2018-11-21 21:00:00,3.9,39.0,-8.9,16.0,39.0,24.1,15.0,50.0,31.1,290,WNW,16.1,10.0,1009.7,29.82,-0.8,30.6,,,,,Overcast,cloudy,0,0,0,0,0,0
2018-11-21 22:00:00,3.3,37.9,-8.3,17.1,43.0,20.4,12.7,42.6,26.5,290,WNW,16.1,10.0,1009.9,29.83,-1.1,30.0,,,,,Partly Cloudy,partlycloudy,0,0,0,0,0,0
2018-11-21 23:00:00,3.3,37.9,-8.3,17.1,43.0,22.2,13.8,50.0,31.1,280,West,16.1,10.0,1010.7,29.85,-1.3,29.6,,,,,Mostly Cloudy,mostlycloudy,0,0,0,0,0,0
2018-11-22 00:00:00,3.3,37.9,-8.3,17.1,43.0,14.8,9.2,42.6,26.5,290,WNW,16.1,10.0,1011.0,29.86,-0.3,31.5,,,,,Mostly Cloudy,mostlycloudy,0,0,0,0,0,0
2018-11-22 01:00:00,3.3,37.9,-8.3,17.1,43.0,,,,,0,North,16.1,10.0,1011.4,29.87,,,,,,,Clear,clear,0,0,0,0,0,0
2018-11-22 02:00:00,3.3,37.9,-7.8,18.0,45.0,20.4,12.7,40.7,25.3,290,WNW,16.1,10.0,1011.7,29.88,-1.1,30.0,,,,,Mostly Cloudy,mostlycloudy,0,0,0,0,0,0
2018-11-22 03:00:00,3.3,37.9,-7.2,19.0,47.0,13.0,8.1,31.5,19.6,280,West,16.1,10.0,1012.5,29.9,0.0,32.1,,,,,Overcast,cloudy,0,0,0,0,0,0
2018-11-22 04:00:00,3.3,37.9,-7.2,19.0,47.0,11.1,6.9,29.6,18.4,300,WNW,16.1,10.0,1013.2,29.92,0.4,32.7,,,,,Overcast,cloudy,0,0,0,0,0,0
2018-11-22 05:00:00,3.3,37.9,-6.1,21.0,51.0,11.1,6.9,,,0,Variable,16.1,10.0,1013.7,29.94,0.4,32.7,,,,,Overcast,cloudy,0,0,0,0,0,0
2018-11-22 06:00:00,2.8,37.0,-5.0,23.0,57.0,14.8,9.2,35.2,21.9,290,WNW,16.1,10.0,1014.7,29.97,-0.9,30.4,,,,,Overcast,cloudy,0,0,0,0,0,0
2018-11-22 07:00:00,2.8,37.0,-7.2,19.0,48.0,14.8,9.2,,,310,NW,16.1,10.0,1015.7,30.0,-0.9,30.4,,,,,Overcast,cloudy,0,0,0,0,0,0
2018-11-22 08:00:00,3.3,37.9,-7.8,18.0,45.0,13.0,8.1,42.6,26.5,300,WNW,16.1,10.0,1016.4,30.02,0.0,32.1,,,,,Scattered Clouds,partlycloudy,0,0,0,0,0,0
2018-11-22 09:00:00,3.9,39.0,-7.8,18.0,43.0,16.7,10.4,37.0,23.0,300,WNW,16.1,10.0,1016.5,30.02,0.2,32.3,,,,,Partly Cloudy,partlycloudy,0,0,0,0,0,0
2018-11-22 10:00:00,3.9,39.0,-7.2,19.0,45.0,16.7,10.4,48.2,29.9,310,NW,16.1,10.0,1017.2,30.04,0.2,32.3,,,,,Mostly Cloudy,mostlycloudy,0,0,0,0,0,0
2018-11-22 11:00:00,4.4,39.9,-7.2,19.0,43.0,22.2,13.8,42.6,26.5,300,WNW,16.1,10.0,1016.9,30.03,0.1,32.1,,,,,Mostly Cloudy,mostlycloudy,0,0,0,0,0,0
2018-11-22 12:00:00,4.4,39.9,-7.2,19.0,43.0,11.1,6.9,50.0,31.1,0,Variable,16.1,10.0,1017.3,30.04,1.7,35.1,,,,,Partly Cloudy,partlycloudy,0,0,0,0,0,0
2018-11-22 13:00:00,4.4,39.9,-6.7,19.9,45.0,14.8,9.2,48.2,29.9,300,WNW,16.1,10.0,1017.8,30.06,1.1,33.9,,,,,Scattered Clouds,partlycloudy,0,0,0,0,0,0
2018-11-22 14:00:00,4.4,39.9,-6.7,19.9,45.0,18.5,11.5,50.0,31.1,310,NW,16.1,10.0,1018.6,30.08,0.5,32.9,,,,,Scattered Clouds,partlycloudy,0,0,0,0,0,0
2018-11-22 15:00:00,3.9,39.0,-6.1,21.0,49.0,,,,,0,North,16.1,10.0,1019.4,30.11,,,,,,,Scattered Clouds,partlycloudy,0,0,0,0,0,0
2018-11-22 16:00:00,3.3,37.9,-6.1,21.0,51.0,16.7,10.4,33.3,20.7,300,WNW,16.1,10.0,1020.0,30.12,-0.6,30.9,,,,,Mostly Cloudy,mostlycloudy,0,0,0,0,0,0
2018-11-22 17:00:00,2.8,37.0,-6.7,19.9,50.0,14.8,9.2,44.4,27.6,310,NW,16.1,10.0,1021.2,30.16,-0.9,30.4,,,,,Scattered Clouds,partlycloudy,0,0,0,0,0,0
2018-11-22 18:00:00,2.8,37.0,-6.1,21.0,52.0,22.2,13.8,42.6,26.5,310,NW,16.1,10.0,1021.9,30.18,-2.0,28.5,,,,,Overcast,cloudy,0,0,0,0,0,0
2018-11-22 19:00:00,2.8,37.0,-5.6,21.9,54.0,13.0,8.1,31.5,19.6,300,WNW,16.1,10.0,1022.3,30.19,-0.6,31.0,,,,,Overcast,cloudy,0,0,0,0,0,0
2018-11-22 20:00:00,3.3,37.9,-5.0,23.0,55.0,13.0,8.1,,,310,NW,16.1,10.0,1022.6,30.2,0.0,32.1,,,,,Overcast,cloudy,0,0,0,0,0,0
2018-11-22 21:00:00,3.3,37.9,-4.4,24.1,57.0,14.8,9.2,31.5,19.6,300,WNW,16.1,10.0,1022.6,30.2,-0.3,31.5,,,,,Overcast,cloudy,0,0,0,0,0,0
2018-11-22 22:00:00,3.3,37.9,-4.4,24.1,57.0,13.0,8.1,37.0,23.0,320,NW,16.1,10.0,1022.8,30.21,0.0,32.1,,,,,Overcast,cloudy,0,0,0,0,0,0
2018-11-22 23:00:00,3.3,37.9,-4.4,24.1,57.0,18.5,11.5,31.5,19.6,310,NW,16.1,10.0,1022.8,30.21,-0.9,30.5,,,,,Scattered Clouds,partlycloudy,0,0,0,0,0,0
2018-11-23 00:00:00,2.8,37.0,-5.0,23.0,57.0,11.1,6.9,,,320,NW,16.1,10.0,1022.8,30.21,-0.2,31.6,,,,,Clear,clear,0,0,0,0,0,0
2018-11-23 01:00:00,2.2,36.0,-5.0,23.0,59.0,13.0,8.1,,,300,WNW,16.1,10.0,1023.1,30.22,-1.3,29.6,,,,,Clear,clear,0,0,0,0,0,0
2018-11-23 02:00:00,2.2,36.0,-5.0,23.0,59.0,,,,,0,North,16.1,10.0,1023.1,30.22,,,,,,,Clear,clear,0,0,0,0,0,0
2018-11-23 03:00:00,2.2,36.0,-5.0,23.0,59.0,5.6,3.5,,,0,Variable,16.1,10.0,1023.4,30.22,0.7,33.3,,,,,Clear,clear,0,0,0,0,0,0
2018-11-23 04:00:00,2.2,36.0,-5.0,23.0,59.0,0.0,0.0,,,0,North,16.1,10.0,1024.0,30.24,,,,,,,Clear,clear,0,0,0,0,0,0
2018-11-23 05:00:00,2.2,36.0,-5.6,21.9,57.0,11.1,6.9,,,300,WNW,16.1,10.0,1024.4,30.25,-0.9,30.3,,,,,Clear,clear,0,0,0,0,0,0
2018-11-23 06:00:00,1.7,35.1,-6.1,21.0,57.0,16.7,10.4,27.8,17.3,310,NW,16.1,10.0,1025.3,30.28,-2.6,27.4,,,,,Clear,clear,0,0,0,0,0,0
2018-11-23 07:00:00,1.7,35.1,-6.7,19.9,54.0,14.8,9.2,,,310,NW,16.1,10.0,1025.7,30.29,-2.3,27.9,,,,,Clear,clear,0,0,0,0,0,0
2018-11-23 08:00:00,2.2,36.0,-6.7,19.9,52.0,5.6,3.5,31.5,19.6,0,Variable,16.1,10.0,1025.5,30.29,0.7,33.3,,,,,Clear,clear,0,0,0,0,0,0
2018-11-23 09:00:00,2.8,37.0,-7.2,19.0,48.0,,,,,0,North,16.1,10.0,1025.8,30.3,,,,,,,Clear,clear,0,0,0,0,0,0
2018-11-23 10:00:00,3.9,39.0,-7.2,19.0,45.0,9.3,5.8,,,0,Variable,16.1,10.0,1025.4,30.28,1.5,34.8,,,,,Clear,clear,0,0,0,0,0,0
2018-11-23 11:00:00,5.0,41.0,-7.2,19.0,41.0,,,,,0,North,16.1,10.0,1024.6,30.26,,,,,,,Clear,clear,0,0,0,0,0,0
2018-11-23 12:00:00,5.6,42.1,-6.7,19.9,41.0,7.4,4.6,,,0,Variable,16.1,10.0,1024.2,30.25,4.0,39.2,,,,,Clear,clear,0,0,0,0,0,0
2018-11-23 13:00:00,7.2,45.0,-6.1,21.0,39.0,14.8,9.2,25.9,16.1,350,North,16.1,10.0,1024.0,30.24,4.5,40.1,,,,,Clear,clear,0,0,0,0,0,0
2018-11-23 14:00:00,6.7,44.1,-6.1,21.0,40.0,5.6,3.5,,,0,Variable,16.1,10.0,1024.2,30.25,5.8,42.5,,,,,Clear,clear,0,0,0,0,0,0
2018-11-23 15:00:00,6.7,44.1,-6.1,21.0,40.0,5.6,3.5,,,0,Variable,16.1,10.0,1024.2,30.25,5.8,42.5,,,,,Clear,clear,0,0,0,0,0,0
2018-11-23 16:00:00,6.1,43.0,-5.6,21.9,43.0,5.6,3.5,,,0,Variable,16.1,10.0,1024.7,30.26,5.2,41.3,,,,,Clear,clear,0,0,0,0,0,0
2018-11-23 17:00:00,5.6,42.1,-5.0,23.0,47.0,5.6,3.5,,,0,Variable,16.1,10.0,1025.3,30.28,4.6,40.2,,,,,Clear,clear,0,0,0,0,0,0
2018-11-23 18:00:00,5.6,42.1,-5.0,23.0,47.0,11.1,6.9,,,350,North,16.1,10.0,1025.5,30.29,3.2,37.7,,,,,Clear,clear,0,0,0,0,0,0
2018-11-23 19:00:00,5.0,41.0,-5.0,23.0,49.0,5.6,3.5,,,0,Variable,16.1,10.0,1025.6,30.29,3.9,39.0,,,,,Clear,clear,0,0,0,0,0,0
2018-11-23 20:00:00,5.0,41.0,-5.0,23.0,49.0,0.0,0.0,,,0,North,16.1,10.0,1026.1,30.3,,,,,,,Clear,clear,0,0,0,0,0,0
2018-11-23 21:00:00,5.0,41.0,-4.4,24.1,51.0,7.4,4.6,,,20,NNE,16.1,10.0,1026.2,30.31,3.3,38.0,,,,,Partly Cloudy,partlycloudy,0,0,0,0,0,0
2018-11-23 22:00:00,5.0,41.0,-4.4,24.1,51.0,0.0,0.0,,,0,North,16.1,10.0,1026.2,30.31,,,,,,,Overcast,cloudy,0,0,0,0,0,0
2018-11-23 23:00:00,4.4,39.9,-4.4,24.1,53.0,5.6,3.5,,,50,NE,16.1,10.0,1025.8,30.3,3.2,37.8,,,,,Mostly Cloudy,mostlycloudy,0,0,0,0,0,0
2018-11-24 00:00:00,4.4,39.9,-5.0,23.0,51.0,7.4,4.6,,,0,Variable,16.1,10.0,1025.8,30.3,2.6,36.7,,,,,Mostly Cloudy,mostlycloudy,0,0,0,0,0,0
2018-11-24 01:00:00,4.4,39.9,-3.3,26.1,58.0,0.0,0.0,,,0,North,16.1,10.0,1026.7,30.32,,,,,,,Overcast,cloudy,0,0,0,0,0,0
2018-11-24 02:00:00,4.4,39.9,-2.8,27.0,60.0,5.6,3.5,,,0,Variable,16.1,10.0,1025.9,30.3,3.2,37.8,,,,,Overcast,cloudy,0,0,0,0,0,0
2018-11-24 03:00:00,4.4,39.9,-2.8,27.0,60.0,9.3,5.8,,,0,Variable,16.1,10.0,1025.5,30.29,2.1,35.8,,,,,Mostly Cloudy,mostlycloudy,0,0,0,0,0,0
2018-11-24 04:00:00,4.4,39.9,-2.8,27.0,60.0,7.4,4.6,,,170,South,16.1,10.0,1025.8,30.3,2.6,36.7,,,,,Partly Cloudy,partlycloudy,0,0,0,0,0,0
2018-11-24 05:00:00,4.4,39.9,-2.8,27.0,60.0,9.3,5.8,,,0,Variable,16.1,10.0,1025.9,30.3,2.1,35.8,,,,,Clear,clear,0,0,0,0,0,0
2018-11-24 06:00:00,4.4,39.9,-2.2,28.0,63.0,9.3,5.8,,,0,Variable,16.1,10.0,1025.5,30.29,2.1,35.8,,,,,Clear,clear,0,0,0,0,0,0
2018-11-24 07:00:00,5.0,41.0,-1.7,28.9,62.0,7.4,4.6,,,0,Variable,16.1,10.0,1026.1,30.3,3.3,38.0,,,,,Clear,clear,0,0,0,0,0,0
2018-11-24 08:00:00,5.6,42.1,-0.6,30.9,65.0,9.3,5.8,,,70,ENE,16.1,10.0,1025.7,30.29,3.6,38.4,,,,,Mostly Cloudy,mostlycloudy,0,0,0,0,0,0
2018-11-24 09:00:00,7.2,45.0,1.1,34.0,65.0,13.0,8.1,,,110,ESE,16.1,10.0,1025.4,30.28,4.8,40.6,,,,,Partly Cloudy,partlycloudy,0,0,0,0,0,0
2018-11-24 10:00:00,7.8,46.0,1.1,34.0,63.0,11.1,6.9,,,70,ENE,16.1,10.0,1024.9,30.27,5.8,42.5,,,,,Overcast,cloudy,0,0,0,0,0,0
2018-11-24 11:00:00,8.3,46.9,1.7,35.1,63.0,7.4,4.6,,,70,ENE,16.1,10.0,1023.9,30.24,,,,,,,Overcast,cloudy,0,0,0,0,0,0
2018-11-24 12:00:00,8.9,48.0,3.3,37.9,68.0,11.1,6.9,,,80,East,16.1,10.0,1023.0,30.21,,,,,0.0,0.0,Overcast,cloudy,0,0,0,0,0,0
2018-11-24 13:00:00,8.3,46.9,3.3,37.9,71.0,11.1,6.9,,,0,Variable,16.1,10.0,1022.3,30.19,,,,,,,Overcast,cloudy,0,0,0,0,0,0
2018-11-24 14:00:00,8.3,46.9,4.4,39.9,77.0,13.0,8.1,,,80,East,16.1,10.0,1022.2,30.19,,,,,,,Overcast,cloudy,0,0,0,0,0,0
2018-11-24 15:00:00,8.9,48.0,4.4,39.9,74.0,11.1,6.9,,,60,ENE,16.1,10.0,1022.1,30.19,,,,,,,Overcast,cloudy,0,0,0,0,0,0
2018-11-24 16:00:00,8.9,48.0,5.0,41.0,77.0,7.4,4.6,,,80,East,16.1,10.0,1022.3,30.19,,,,,0.0,0.0,Overcast,cloudy,0,0,0,0,0,0
2018-11-24 17:00:00,8.3,46.9,6.1,43.0,86.0,0.0,0.0,,,0,North,14.5,9.0,1022.5,30.2,,,,,0.8,0.03,Overcast,cloudy,0,0,0,0,0,0
2018-11-24 18:00:00,8.3,46.9,6.7,44.1,90.0,5.6,3.5,,,50,NE,16.1,10.0,1023.1,30.22,,,,,,,Overcast,cloudy,0,0,0,0,0,0
2018-11-24 19:00:00,8.3,46.9,6.1,43.0,86.0,0.0,0.0,,,0,North,14.5,9.0,1023.0,30.21,,,,,,,Overcast,cloudy,0,0,0,0,0,0
2018-11-24 20:00:00,8.3,46.9,6.7,44.1,90.0,7.4,4.6,,,30,NNE,14.5,9.0,1023.0,30.21,,,,,,,Overcast,cloudy,0,0,0,0,0,0
2018-11-24 21:00:00,8.9,48.0,6.1,43.0,83.0,5.6,3.5,,,50,NE,14.5,9.0,1023.0,30.21,,,,,,,Overcast,cloudy,0,0,0,0,0,0
2018-11-24 22:00:00,8.3,46.9,6.1,43.0,86.0,0.0,0.0,,,0,North,12.9,8.0,1023.3,30.22,,,,,,,Overcast,cloudy,0,0,0,0,0,0
2018-11-24 23:00:00,7.8,46.0,5.6,42.1,86.0,5.6,3.5,,,0,Variable,11.3,7.0,1023.4,30.22,7.1,44.8,,,,,Overcast,cloudy,0,0,0,0,0,0
2018-11-25 00:00:00,7.8,46.0,5.6,42.1,86.0,7.4,4.6,,,0,Variable,12.9,8.0,1023.3,30.22,6.6,43.9,,,,,Overcast,cloudy,0,0,0,0,0,0
2018-11-25 01:00:00,7.8,46.0,5.6,42.1,86.0,0.0,0.0,,,0,North,12.9,8.0,1023.6,30.23,,,,,,,Overcast,cloudy,0,0,0,0,0,0
2018-11-25 02:00:00,7.2,45.0,5.6,42.1,90.0,0.0,0.0,,,0,North,12.9,8.0,1023.8,30.24,,,,,,,Overcast,cloudy,0,0,0,0,0,0
2018-11-25 03:00:00,7.2,45.0,5.0,41.0,86.0,5.6,3.5,,,290,WNW,12.9,8.0,1024.2,30.25,6.4,43.5,,,,,Overcast,cloudy,0,0,0,0,0,0
2018-11-25 04:00:00,7.2,45.0,5.0,41.0,86.0,0.0,0.0,,,0,North,12.9,8.0,1024.2,30.25,,,,,,,Overcast,cloudy,0,0,0,0,0,0
2018-11-25 05:00:00,7.2,45.0,5.0,41.0,86.0,7.4,4.6,,,90,East,12.9,8.0,1024.1,30.25,5.9,42.6,,,,,Overcast,cloudy,0,0,0,0,0,0
2018-11-25 06:00:00,8.3,46.9,5.0,41.0,80.0,0.0,0.0,,,0,North,12.9,8.0,1024.4,30.25,,,,,,,Overcast,cloudy,0,0,0,0,0,0
2018-11-25 07:00:00,7.8,46.0,5.6,42.1,86.0,5.6,3.5,,,290,WNW,9.7,6.0,1024.6,30.26,7.1,44.8,,,,,Overcast,cloudy,0,0,0,0,0,0
2018-11-25 08:00:00,8.3,46.9,5.0,41.0,80.0,5.6,3.5,,,240,WSW,9.7,6.0,1024.4,30.25,,,,,,,Haze,hazy,0,0,0,0,0,0
2018-11-25 09:00:00,10.0,50.0,5.6,42.1,74.0,11.1,6.9,,,160,SSE,9.7,6.0,1023.8,30.24,,,,,,,Haze,hazy,0,0,0,0,0,0
2018-11-25 10:00:00,11.1,52.0,5.6,42.1,69.0,5.6,3.5,,,0,Variable,9.7,6.0,1023.2,30.22,,,,,,,Haze,hazy,0,0,0,0,0,0
2018-11-25 11:00:00,11.1,52.0,5.6,42.1,69.0,7.4,4.6,,,290,WNW,8.0,5.0,1022.4,30.19,,,,,,,Haze,hazy,0,0,0,0,0,0
2018-11-25 12:00:00,11.7,53.1,5.6,42.1,66.0,5.6,3.5,,,0,Variable,9.7,6.0,1022.5,30.2,,,,,,,Haze,hazy,0,0,0,0,0,0
2018-11-25 13:00:00,12.2,54.0,5.6,42.1,64.0,0.0,0.0,,,0,North,9.7,6.0,1021.9,30.18,,,,,,,Haze,hazy,0,0,0,0,0,0
2018-11-25 14:00:00,11.7,53.1,6.1,43.0,69.0,0.0,0.0,,,0,North,8.0,5.0,1021.9,30.18,,,,,0.0,0.0,Light Rain,rain,0,1,0,0,0,0
2018-11-25 15:00:00,11.7,53.1,6.7,44.1,71.0,5.6,3.5,,,310,NW,9.7,6.0,1021.9,30.18,,,,,0.0,0.0,Haze,hazy,0,0,0,0,0,0
2018-11-25 16:00:00,10.6,51.1,6.7,44.1,77.0,0.0,0.0,,,0,North,9.7,6.0,1022.2,30.19,,,,,0.3,0.01,Light Rain,rain,0,1,0,0,0,0
2018-11-25 17:00:00,10.0,50.0,7.8,46.0,86.0,0.0,0.0,,,0,North,9.7,6.0,1022.0,30.18,,,,,0.3,0.01,Overcast,cloudy,0,0,0,0,0,0
2018-11-25 18:00:00,10.0,50.0,7.2,45.0,83.0,0.0,0.0,,,0,North,11.3,7.0,1021.9,30.18,,,,,,,Overcast,cloudy,0,0,0,0,0,0
2018-11-25 19:00:00,10.6,51.1,7.2,45.0,80.0,5.6,3.5,,,300,WNW,9.7,6.0,1022.0,30.18,,,,,,,Haze,hazy,0,0,0,0,0,0
2018-11-25 20:00:00,10.0,50.0,7.2,45.0,83.0,0.0,0.0,,,0,North,9.7,6.0,1022.0,30.18,,,,,,,Haze,hazy,0,0,0,0,0,0
2018-11-25 21:00:00,10.0,50.0,7.2,45.0,83.0,0.0,0.0,,,0,North,9.7,6.0,1021.5,30.17,,,,,,,Haze,hazy,0,0,0,0,0,0
2018-11-25 22:00:00,10.0,50.0,6.7,44.1,80.0,5.6,3.5,,,0,Variable,9.7,6.0,1021.0,30.15,,,,,,,Haze,hazy,0,0,0,0,0,0
2018-11-25 23:00:00,10.0,50.0,6.1,43.0,77.0,0.0,0.0,,,0,North,9.7,6.0,1020.2,30.13,,,,,,,Haze,hazy,0,0,0,0,0,0
2018-11-26 00:00:00,9.4,48.9,5.6,42.1,77.0,5.6,3.5,,,0,Variable,11.3,7.0,1020.2,30.13,,,,,,,Overcast,cloudy,0,0,0,0,0,0
2018-11-26 01:00:00,9.4,48.9,5.0,41.0,74.0,5.6,3.5,,,0,Variable,11.3,7.0,1020.4,30.14,,,,,,,Overcast,cloudy,0,0,0,0,0,0
2018-11-26 02:00:00,8.9,48.0,5.0,41.0,77.0,9.3,5.8,,,300,WNW,11.3,7.0,1020.0,30.12,,,,,,,Overcast,cloudy,0,0,0,0,0,0
2018-11-26 03:00:00,8.9,48.0,4.4,39.9,74.0,0.0,0.0,,,0,North,12.9,8.0,1019.4,30.11,,,,,,,Overcast,cloudy,0,0,0,0,0,0
2018-11-26 04:00:00,7.8,46.0,3.9,39.0,76.0,5.6,3.5,,,0,Variable,12.9,8.0,1019.2,30.1,7.1,44.8,,,,,Mostly Cloudy,mostlycloudy,0,0,0,0,0,0
2018-11-26 05:00:00,7.8,46.0,4.4,39.9,79.0,7.4,4.6,,,0,Variable,12.9,8.0,1018.9,30.09,6.6,43.9,,,,,Scattered Clouds,partlycloudy,0,0,0,0,0,0
2018-11-26 06:00:00,7.2,45.0,4.4,39.9,82.0,9.3,5.8,,,360,North,9.7,6.0,1019.5,30.11,5.5,41.8,,,,,Haze,hazy,0,0,0,0,0,0
2018-11-26 07:00:00,6.7,44.1,4.4,39.9,85.0,0.0,0.0,,,0,North,8.0,5.0,1019.4,30.11,,,,,,,Partly Cloudy,partlycloudy,0,0,0,0,0,0
2018-11-26 08:00:00,7.8,46.0,3.9,39.0,76.0,0.0,0.0,,,0,North,12.9,8.0,1019.8,30.12,,,,,,,Mostly Cloudy,mostlycloudy,0,0,0,0,0,0
2018-11-26 09:00:00,7.8,46.0,3.9,39.0,76.0,9.3,5.8,,,0,Variable,12.9,8.0,1020.1,30.13,6.2,43.1,,,,,Overcast,cloudy,0,0,0,0,0,0
2018-11-26 10:00:00,8.3,46.9,2.8,37.0,68.0,5.6,3.5,,,0,Variable,16.1,10.0,1019.4,30.11,,,,,,,Mostly Cloudy,mostlycloudy,0,0,0,0,0,0
2018-11-26 11:00:00,9.4,48.9,1.7,35.1,59.0,,,,,0,North,16.1,10.0,1018.6,30.08,,,,,,,Overcast,cloudy,0,0,0,0,0,0
2018-11-26 12:00:00,8.9,48.0,1.1,34.0,58.0,5.6,3.5,,,0,Variable,16.1,10.0,1017.9,30.06,,,,,,,Overcast,cloudy,0,0,0,0,0,0
2018-11-26 13:00:00,9.4,48.9,1.7,35.1,59.0,9.3,5.8,,,320,NW,16.1,10.0,1017.4,30.05,,,,,,,Overcast,cloudy,0,0,0,0,0,0
2018-11-26 14:00:00,10.0,50.0,1.1,34.0,54.0,11.1,6.9,,,0,Variable,16.1,10.0,1017.3,30.04,,,,,,,Mostly Cloudy,mostlycloudy,0,0,0,0,0,0
2018-11-26 15:00:00,8.9,48.0,0.6,33.1,56.0,13.0,8.1,,,310,NW,16.1,10.0,1017.6,30.05,,,,,,,Partly Cloudy,partlycloudy,0,0,0,0,0,0
2018-11-26 16:00:00,7.8,46.0,0.6,33.1,61.0,14.8,9.2,,,310,NW,16.1,10.0,1018.0,30.06,5.2,41.4,,,,,Clear,clear,0,0,0,0,0,0
2018-11-26 17:00:00,7.2,45.0,0.6,33.1,63.0,11.1,6.9,,,300,WNW,16.1,10.0,1018.4,30.08,5.1,41.2,,,,,Clear,clear,0,0,0,0,0,0
2018-11-26 18:00:00,6.7,44.1,0.6,33.1,65.0,13.0,8.1,,,310,NW,16.1,10.0,1018.6,30.08,4.2,39.5,,,,,Clear,clear,0,0,0,0,0,0
2018-11-26 19:00:00,6.7,44.1,0.6,33.1,65.0,9.3,5.8,,,300,WNW,16.1,10.0,1018.6,30.08,4.9,40.8,,,,,Clear,clear,0,0,0,0,0,0
2018-11-26 20:00:00,6.1,43.0,0.6,33.1,68.0,5.6,3.5,,,300,WNW,16.1,10.0,1018.5,30.08,5.2,41.3,,,,,Clear,clear,0,0,0,0,0,0
2018-11-26 21:00:00,5.6,42.1,0.6,33.1,70.0,5.6,3.5,,,0,Variable,16.1,10.0,1018.3,30.07,4.6,40.2,,,,,Clear,clear,0,0,0,0,0,0
2018-11-26 22:00:00,5.0,41.0,0.6,33.1,73.0,7.4,4.6,,,280,West,16.1,10.0,1018.2,30.07,3.3,38.0,,,,,Clear,clear,0,0,0,0,0,0
2018-11-26 23:00:00,5.0,41.0,0.6,33.1,73.0,0.0,0.0,,,0,North,16.1,10.0,1018.2,30.07,,,,,,,Clear,clear,0,0,0,0,0,0
2018-11-27 00:00:00,5.0,41.0,0.0,32.0,70.0,,,,,0,North,16.1,10.0,1018.2,30.07,,,,,,,Clear,clear,0,0,0,0,0,0
2018-11-27 01:00:00,4.4,39.9,0.0,32.0,73.0,5.6,3.5,,,310,NW,16.1,10.0,1018.4,30.08,3.2,37.8,,,,,Clear,clear,0,0,0,0,0,0
2018-11-27 02:00:00,4.4,39.9,-0.6,30.9,70.0,5.6,3.5,,,0,Variable,16.1,10.0,1018.7,30.09,3.2,37.8,,,,,Clear,clear,0,0,0,0,0,0
2018-11-27 03:00:00,4.4,39.9,-0.6,30.9,70.0,0.0,0.0,,,0,North,16.1,10.0,1018.6,30.08,,,,,,,Clear,clear,0,0,0,0,0,0
2018-11-27 04:00:00,4.4,39.9,-1.1,30.0,68.0,7.4,4.6,,,300,WNW,16.1,10.0,1018.7,30.09,2.6,36.7,,,,,Clear,clear,0,0,0,0,0,0
2018-11-27 05:00:00,4.4,39.9,-1.1,30.0,68.0,7.4,4.6,,,0,Variable,16.1,10.0,1018.9,30.09,2.6,36.7,,,,,Clear,clear,0,0,0,0,0,0
2018-11-27 06:00:00,4.4,39.9,-1.1,30.0,68.0,5.6,3.5,,,0,Variable,16.1,10.0,1019.3,30.1,3.2,37.8,,,,,Clear,clear,0,0,0,0,0,0
2018-11-27 07:00:00,4.4,39.9,-1.1,30.0,68.0,9.3,5.8,,,310,NW,16.1,10.0,1019.7,30.12,2.1,35.8,,,,,Clear,clear,0,0,0,0,0,0
2018-11-27 08:00:00,5.0,41.0,-0.6,30.9,67.0,7.4,4.6,,,0,Variable,16.1,10.0,1019.7,30.12,3.3,38.0,,,,,Scattered Clouds,partlycloudy,0,0,0,0,0,0
2018-11-27 09:00:00,6.7,44.1,-0.6,30.9,60.0,,,,,0,North,16.1,10.0,1019.7,30.12,,,,,,,Partly Cloudy,partlycloudy,0,0,0,0,0,0
2018-11-27 10:00:00,8.3,46.9,-1.1,30.0,52.0,11.1,6.9,,,0,Variable,16.1,10.0,1019.2,30.1,,,,,,,Clear,clear,0,0,0,0,0,0
2018-11-27 11:00:00,9.4,48.9,-1.7,28.9,46.0,14.8,9.2,,,310,NW,16.1,10.0,1018.7,30.09,,,,,,,Clear,clear,0,0,0,0,0,0
2018-11-27 12:00:00,10.0,50.0,-2.8,27.0,41.0,9.3,5.8,,,0,Variable,16.1,10.0,1018.0,30.06,,,,,,,Mostly Cloudy,mostlycloudy,0,0,0,0,0,0
2018-11-27 13:00:00,9.4,48.9,-3.3,26.1,41.0,11.1,6.9,27.8,17.3,0,Variable,16.1,10.0,1017.8,30.06,,,,,,,Mostly Cloudy,mostlycloudy,0,0,0,0,0,0
2018-11-27 14:00:00,8.9,48.0,-3.3,26.1,42.0,13.0,8.1,,,300,WNW,16.1,10.0,1018.2,30.07,,,,,,,Mostly Cloudy,mostlycloudy,0,0,0,0,0,0
2018-11-27 15:00:00,8.3,46.9,-3.3,26.1,44.0,5.6,3.5,,,0,Variable,16.1,10.0,1018.6,30.08,,,,,,,Overcast,cloudy,0,0,0,0,0,0
2018-11-27 16:00:00,7.8,46.0,-2.8,27.0,47.0,5.6,3.5,,,0,Variable,16.1,10.0,1019.0,30.09,7.1,44.8,,,,,Scattered Clouds,partlycloudy,0,0,0,0,0,0
2018-11-27 17:00:00,7.8,46.0,-3.3,26.1,46.0,9.3,5.8,,,290,WNW,16.1,10.0,1019.6,30.11,6.2,43.1,,,,,Partly Cloudy,partlycloudy,0,0,0,0,0,0
2018-11-27 18:00:00,7.2,45.0,-2.8,27.0,49.0,7.4,4.6,,,0,Variable,16.1,10.0,1019.9,30.12,5.9,42.6,,,,,Partly Cloudy,partlycloudy,0,0,0,0,0,0
2018-11-27 19:00:00,7.2,45.0,-2.8,27.0,49.0,9.3,5.8,,,0,Variable,16.1,10.0,1019.8,30.12,5.5,41.8,,,,,Clear,clear,0,0,0,0,0,0
2018-11-27 20:00:00,6.1,43.0,-2.2,28.0,56.0,0.0,0.0,,,0,North,16.1,10.0,1019.9,30.12,,,,,,,Clear,clear,0,0,0,0,0,0
2018-11-27 21:00:00,6.1,43.0,-2.2,28.0,56.0,5.6,3.5,,,0,Variable,16.1,10.0,1019.9,30.12,5.2,41.3,,,,,Clear,clear,0,0,0,0,0,0
2018-11-27 22:00:00,6.1,43.0,-2.8,27.0,53.0,11.1,6.9,,,280,West,16.1,10.0,1020.4,30.14,3.8,38.8,,,,,Clear,clear,0,0,0,0,0,0
2018-11-27 23:00:00,5.6,42.1,-3.3,26.1,53.0,5.6,3.5,,,0,Variable,16.1,10.0,1020.3,30.13,4.6,40.2,,,,,Clear,clear,0,0,0,0,0,0
2018-11-28 00:00:00,5.0,41.0,-2.8,27.0,57.0,,,,,0,North,16.1,10.0,1020.6,30.14,,,,,,,Clear,clear,0,0,0,0,0,0
2018-11-28 01:00:00,4.4,39.9,-2.8,27.0,60.0,7.4,4.6,,,0,Variable,16.1,10.0,1021.2,30.16,2.6,36.7,,,,,Clear,clear,0,0,0,0,0,0
2018-11-28 02:00:00,3.9,39.0,-2.2,28.0,65.0,5.6,3.5,,,0,Variable,16.1,10.0,1021.2,30.16,2.6,36.8,,,,,Clear,clear,0,0,0,0,0,0
2018-11-28 03:00:00,5.0,41.0,-2.2,28.0,60.0,7.4,4.6,,,290,WNW,16.1,10.0,1021.1,30.16,3.3,38.0,,,,,Clear,clear,0,0,0,0,0,0
2018-11-28 04:00:00,4.4,39.9,-2.2,28.0,63.0,9.3,5.8,,,280,West,16.1,10.0,1021.4,30.17,2.1,35.8,,,,,Clear,clear,0,0,0,0,0,0
2018-11-28 05:00:00,4.4,39.9,-2.2,28.0,63.0,9.3,5.8,,,290,WNW,16.1,10.0,1021.8,30.18,2.1,35.8,,,,,Clear,clear,0,0,0,0,0,0
2018-11-28 06:00:00,3.9,39.0,-2.2,28.0,65.0,0.0,0.0,,,0,North,16.1,10.0,1022.3,30.19,,,,,,,Clear,clear,0,0,0,0,0,0
2018-11-28 07:00:00,3.9,39.0,-1.7,28.9,67.0,9.3,5.8,,,300,WNW,16.1,10.0,1022.6,30.2,1.5,34.8,,,,,Clear,clear,0,0,0,0,0,0
2018-11-28 08:00:00,6.1,43.0,-1.1,30.0,60.0,7.4,4.6,,,320,NW,16.1,10.0,1023.0,30.21,4.6,40.3,,,,,Clear,clear,0,0,0,0,0,0
2018-11-28 09:00:00,6.7,44.1,-0.6,30.9,60.0,7.4,4.6,,,300,WNW,14.5,9.0,1023.2,30.22,5.3,41.5,,,,,Clear,clear,0,0,0,0,0,0
2018-11-28 10:00:00,8.3,46.9,-0.6,30.9,54.0,0.0,0.0,,,0,North,14.5,9.0,1023.0,30.21,,,,,,,Clear,clear,0,0,0,0,0,0
2018-11-28 11:00:00,9.4,48.9,-1.7,28.9,46.0,5.6,3.5,,,280,West,16.1,10.0,1021.9,30.18,,,,,,,Clear,clear,0,0,0,0,0,0
2018-11-28 12:00:00,10.6,51.1,-1.7,28.9,43.0,0.0,0.0,,,0,North,16.1,10.0,1020.9,30.15,,,,,,,Clear,clear,0,0,0,0,0,0
2018-11-28 13:00:00,10.6,51.1,-1.7,28.9,43.0,5.6,3.5,,,0,Variable,16.1,10.0,1020.9,30.15,,,,,,,Clear,clear,0,0,0,0,0,0
2018-11-28 14:00:00,10.6,51.1,-1.7,28.9,43.0,9.3,5.8,,,0,Variable,16.1,10.0,1020.2,30.13,,,,,,,Clear,clear,0,0,0,0,0,0
2018-11-28 15:00:00,10.0,50.0,-1.1,30.0,46.0,7.4,4.6,,,190,South,16.1,10.0,1019.9,30.12,,,,,,,Clear,clear,0,0,0,0,0,0
2018-11-28 16:00:00,8.9,48.0,-0.6,30.9,52.0,11.1,6.9,,,170,South,16.1,10.0,1020.3,30.13,,,,,,,Clear,clear,0,0,0,0,0,0
2018-11-28 17:00:00,8.3,46.9,1.1,34.0,61.0,5.6,3.5,,,0,Variable,16.1,10.0,1020.6,30.14,,,,,,,Clear,clear,0,0,0,0,0,0
2018-11-28 18:00:00,8.9,48.0,0.6,33.1,56.0,0.0,0.0,,,0,North,16.1,10.0,1021.0,30.15,,,,,,,Clear,clear,0,0,0,0,0,0
2018-11-28 19:00:00,8.3,46.9,0.6,33.1,59.0,7.4,4.6,,,0,Variable,16.1,10.0,1020.8,30.15,,,,,,,Clear,clear,0,0,0,0,0,0
2018-11-28 20:00:00,8.9,48.0,1.7,35.1,61.0,,,,,0,North,16.1,10.0,1021.0,30.15,,,,,,,Clear,clear,0,0,0,0,0,0
2018-11-28 21:00:00,9.4,48.9,2.2,36.0,61.0,0.0,0.0,,,0,North,16.1,10.0,1020.8,30.15,,,,,,,Clear,clear,0,0,0,0,0,0
2018-11-28 22:00:00,10.0,50.0,3.3,37.9,63.0,0.0,0.0,,,0,North,16.1,10.0,1020.7,30.14,,,,,,,Partly Cloudy,partlycloudy,0,0,0,0,0,0
2018-11-28 23:00:00,10.6,51.1,3.9,39.0,63.0,,,,,0,North,16.1,10.0,1020.6,30.14,,,,,,,Overcast,cloudy,0,0,0,0,0,0
2018-11-29 00:00:00,10.6,51.1,5.0,41.0,68.0,9.3,5.8,,,0,Variable,16.1,10.0,1019.7,30.12,,,,,,,Overcast,cloudy,0,0,0,0,0,0
2018-11-29 01:00:00,10.6,51.1,5.6,42.1,71.0,5.6,3.5,,,180,South,16.1,10.0,1020.0,30.12,,,,,,,Mostly Cloudy,mostlycloudy,0,0,0,0,0,0
2018-11-29 02:00:00,11.1,52.0,6.7,44.1,74.0,9.3,5.8,,,170,South,16.1,10.0,1019.8,30.12,,,,,,,Overcast,cloudy,0,0,0,0,0,0
2018-11-29 03:00:00,11.7,53.1,7.2,45.0,74.0,0.0,0.0,,,0,North,16.1,10.0,1019.5,30.11,,,,,,,Mostly Cloudy,mostlycloudy,0,0,0,0,0,0
2018-11-29 04:00:00,11.7,53.1,7.8,46.0,77.0,14.8,9.2,,,170,South,16.1,10.0,1018.2,30.07,,,,,,,Overcast,cloudy,0,0,0,0,0,0
2018-11-29 05:00:00,12.2,54.0,8.3,46.9,77.0,14.8,9.2,,,160,SSE,16.1,10.0,1017.8,30.06,,,,,,,Overcast,cloudy,0,0,0,0,0,0
2018-11-29 06:00:00,12.8,55.0,9.4,48.9,80.0,9.3,5.8,,,0,Variable,16.1,10.0,1017.7,30.06,,,,,,,Overcast,cloudy,0,0,0,0,0,0
2018-11-29 07:00:00,13.9,57.0,9.4,48.9,74.0,9.3,5.8,,,160,SSE,16.1,10.0,1017.4,30.05,,,,,,,Overcast,cloudy,0,0,0,0,0,0
2018-11-29 08:00:00,13.3,55.9,10.6,51.1,84.0,,,,,0,North,6.4,4.0,1017.3,30.04,,,,,0.8,0.03,Light Rain,rain,0,1,0,0,0,0
2018-11-29 09:00:00,12.8,55.0,11.1,52.0,89.0,7.4,4.6,,,0,Variable,4.0,2.5,1017.2,30.04,,,,,2.0,0.08,Light Rain,rain,0,1,0,0,0,0
2018-11-29 10:00:00,13.3,55.9,11.7,53.1,90.0,0.0,0.0,,,0,North,2.0,1.2,1016.5,30.02,,,,,3.6,0.14,Rain,rain,0,1,0,0,0,0
2018-11-29 11:00:00,13.3,55.9,12.2,54.0,93.0,9.3,5.8,,,0,Variable,2.0,1.2,1014.4,29.96,,,,,7.1,0.28,Rain,rain,0,1,0,0,0,0
2018-11-29 12:00:00,13.9,57.0,12.2,54.0,89.0,,,,,0,North,1.2,0.8,1012.7,29.91,,,,,5.8,0.23,Heavy Rain,rain,0,1,0,0,0,0
2018-11-29 13:00:00,13.9,57.0,12.8,55.0,93.0,14.8,9.2,35.2,21.9,170,South,2.4,1.5,1011.1,29.86,,,,,6.3,0.25,Light Rain,rain,0,1,0,0,0,0
2018-11-29 14:00:00,13.9,57.0,12.8,55.0,93.0,16.7,10.4,29.6,18.4,190,South,1.2,0.8,1010.5,29.84,,,,,6.3,0.25,Rain,rain,0,1,0,0,0,0
2018-11-29 15:00:00,14.4,57.9,13.3,55.9,93.0,16.7,10.4,31.5,19.6,180,South,1.2,0.8,1010.1,29.83,,,,,10.2,0.4,Rain,rain,0,1,0,0,0,0
2018-11-29 16:00:00,14.4,57.9,13.3,55.9,93.0,5.6,3.5,31.5,19.6,0,Variable,1.6,1.0,1011.1,29.86,,,,,1.0,0.04,Rain,rain,0,1,0,0,0,0
2018-11-29 16:00:00,15.0,59.0,13.9,57.0,93.0,0.0,0.0,,,0,North,4.8,3.0,1010.2,29.83,,,,,4.6,0.18,Rain,rain,0,1,0,0,0,0
2018-11-29 17:00:00,15.0,59.0,14.4,57.9,96.0,0.0,0.0,,,0,North,3.2,2.0,1010.2,29.83,,,,,5.3,0.21,Rain,rain,0,1,0,0,0,0
2018-11-29 18:00:00,15.6,60.1,14.4,57.9,93.0,,,,,0,North,6.4,4.0,1010.1,29.83,,,,,2.0,0.08,Light Rain,rain,0,1,0,0,0,0
2018-11-29 19:00:00,15.6,60.1,14.4,57.9,93.0,0.0,0.0,,,0,North,6.4,4.0,1010.3,29.84,,,,,0.8,0.03,Light Rain,rain,0,1,0,0,0,0
2018-11-29 20:00:00,15.0,59.0,14.4,57.9,96.0,7.4,4.6,,,220,SW,9.7,6.0,1010.4,29.84,,,,,1.0,0.04,Overcast,cloudy,0,0,0,0,0,0
2018-11-29 21:00:00,15.0,59.0,13.9,57.0,93.0,5.6,3.5,,,0,Variable,11.3,7.0,1011.6,29.88,,,,,,,Overcast,cloudy,0,0,0,0,0,0
2018-11-29 22:00:00,15.0,59.0,13.3,55.9,90.0,5.6,3.5,,,0,Variable,16.1,10.0,1012.0,29.89,,,,,,,Clear,clear,0,0,0,0,0,0
2018-11-29 23:00:00,13.9,57.0,12.2,54.0,89.0,9.3,5.8,,,280,West,14.5,9.0,1012.2,29.89,,,,,,,Clear,clear,0,0,0,0,0,0
2018-11-30 00:00:00,13.9,57.0,11.7,53.1,87.0,7.4,4.6,,,0,Variable,16.1,10.0,1012.7,29.91,,,,,,,Clear,clear,0,0,0,0,0,0
2018-11-30 01:00:00,12.8,55.0,11.1,52.0,89.0,11.1,6.9,,,260,West,14.5,9.0,1013.0,29.92,,,,,,,Clear,clear,0,0,0,0,0,0
2018-11-30 02:00:00,12.8,55.0,11.1,52.0,89.0,9.3,5.8,,,260,West,11.3,7.0,1013.4,29.93,,,,,,,Clear,clear,0,0,0,0,0,0
2018-11-30 03:00:00,12.8,55.0,10.6,51.1,86.0,7.4,4.6,,,300,WNW,11.3,7.0,1013.2,29.92,,,,,,,Clear,clear,0,0,0,0,0,0
2018-11-30 04:00:00,12.2,54.0,10.6,51.1,90.0,5.6,3.5,,,310,NW,12.9,8.0,1013.3,29.93,,,,,,,Clear,clear,0,0,0,0,0,0
2018-11-30 05:00:00,12.2,54.0,10.6,51.1,90.0,0.0,0.0,,,0,North,12.9,8.0,1013.4,29.93,,,,,,,Clear,clear,0,0,0,0,0,0
2018-11-30 06:00:00,12.2,54.0,10.6,51.1,90.0,7.4,4.6,,,170,South,11.3,7.0,1013.6,29.94,,,,,,,Clear,clear,0,0,0,0,0,0
2018-11-30 07:00:00,12.8,55.0,11.1,52.0,89.0,7.4,4.6,,,180,South,8.0,5.0,1013.5,29.93,,,,,,,Clear,clear,0,0,0,0,0,0
2018-11-30 08:00:00,13.9,57.0,11.1,52.0,83.0,0.0,0.0,,,0,North,11.3,7.0,1013.4,29.93,,,,,,,Clear,clear,0,0,0,0,0,0
2018-11-30 09:00:00,13.9,57.0,11.7,53.1,87.0,7.4,4.6,,,50,NE,8.0,5.0,1012.8,29.91,,,,,,,Mostly Cloudy,mostlycloudy,0,0,0,0,0,0
2018-11-30 10:00:00,13.9,57.0,11.1,52.0,83.0,11.1,6.9,,,0,Variable,8.0,5.0,1012.4,29.9,,,,,,,Haze,hazy,0,0,0,0,0,0
2018-11-30 11:00:00,12.8,55.0,11.7,53.1,93.0,0.0,0.0,,,0,North,3.2,2.0,1012.3,29.9,,,,,0.8,0.03,Light Rain,rain,0,1,0,0,0,0
2018-11-30 12:00:00,12.2,54.0,11.1,52.0,93.0,13.0,8.1,,,80,East,2.8,1.8,1010.7,29.85,,,,,2.0,0.08,Rain,rain,0,1,0,0,0,0
2018-11-30 13:00:00,11.7,53.1,11.1,52.0,96.0,13.0,8.1,,,80,East,3.2,2.0,1009.8,29.82,,,,,0.8,0.03,Rain,rain,0,1,0,0,0,0
2018-11-30 14:00:00,11.7,53.1,10.6,51.1,93.0,16.7,10.4,27.8,17.3,80,East,4.8,3.0,1009.7,29.82,,,,,3.8,0.15,Light Rain,rain,0,1,0,0,0,0
2018-11-30 15:00:00,11.7,53.1,10.6,51.1,93.0,11.1,6.9,,,90,East,3.2,2.0,1009.0,29.8,,,,,2.3,0.09,Rain,rain,0,1,0,0,0,0
2018-11-30 16:00:00,11.7,53.1,10.6,51.1,93.0,11.1,6.9,,,0,Variable,8.0,5.0,1008.6,29.79,,,,,0.3,0.01,Overcast,cloudy,0,0,0,0,0,0
2018-11-30 17:00:00,11.7,53.1,11.1,52.0,96.0,11.1,6.9,,,80,East,4.8,3.0,1008.4,29.78,,,,,0.5,0.02,Overcast,cloudy,0,0,0,0,0,0
2018-11-30 18:00:00,11.7,53.1,11.1,52.0,96.0,13.0,8.1,,,90,East,6.4,4.0,1007.7,29.76,,,,,,,Overcast,cloudy,0,0,0,0,0,0
2018-11-30 19:00:00,11.1,52.0,10.6,51.1,97.0,18.5,11.5,,,80,East,6.4,4.0,1006.7,29.73,,,,,0.3,0.01,Overcast,cloudy,0,0,0,0,0,0
2018-11-30 20:00:00,10.6,51.1,9.4,48.9,92.0,16.7,10.4,31.5,19.6,70,ENE,12.9,8.0,1005.4,29.69,,,,,3.0,0.12,Overcast,cloudy,0,0,0,0,0,0
2018-11-30 21:00:00,10.6,51.1,9.4,48.9,92.0,20.4,12.7,29.6,18.4,80,East,4.0,2.5,1004.1,29.65,,,,,0.5,0.02,Overcast,cloudy,0,0,0,0,0,0
2018-11-30 22:00:00,10.0,50.0,9.4,48.9,96.0,13.0,8.1,29.6,18.4,90,East,4.0,2.5,1002.0,29.59,,,,,2.0,0.08,Rain,rain,0,1,0,0,0,0
2018-11-30 23:00:00,10.6,51.1,10.0,50.0,96.0,9.3,5.8,,,90,East,8.0,5.0,1000.9,29.56,,,,,2.3,0.09,Overcast,cloudy,0,0,0,0,0,0
